:020000040000FA
:100000000C94B9100C94EA100C94EA100C94EA10B9
:100010000C94EA100C94EA100C94EA100C94EA1078
:100020000C94EA100C94EA100C94EA100C94EA1068
:100030000C94EA100C94EA100C94EA100C94EA1058
:100040000C94EA100C94EA100C94EA100C94EA1048
:100050000C94EA100C94EA100C94EA100C94B83347
:100060000C94EA100C948C340C9462340C94EA10C6
:100070000C94EA100C94EA100C94EA100C94EA1018
:100080000C94EA100C94EA100C94EA100C94EA1008
:100090000C94EA100C94EA100C94EA100C94EA10F8
:1000A0000C94EA100C94EA100C94EA100C94EA10E8
:1000B0000C94EA100C94EA100C94EA100C94EA10D8
:1000C0000C94EA100C94EA100C94EA100C94EA10C8
:1000D0000C94EA100C94EA100C942C340C94023416
:1000E0000C94EA100C94A92A0C94B6150C942919B6
:1000F0000C9493150C94C5160C949F1E0C949B1590
:100100000C942F170C949A180C94B12B0C949715EF
:100110000C94B32A0C949E150C94DE160C94AE1518
:100120000C94761E0C944D170C949F2A0C94972ACD
:100130000C943C180C94A71E0C94CA150C94BD1674
:100140000C94511E0C94AA1E0C9478180C94BC1597
:100150000C9417310C942F290C94CC290C948F15E6
:100160000C94573E0C94A31E0C949B1E0C94F016FA
:100170000C94B2190C94431E0C940C170C94CE15CD
:100180000C9416170C94A8150C94A4150C940B2B16
:100190000C94BD2A0C9439170C94F52A0C947619FA
:1001A0000C94172C0C945F280C943C1E0C94802A01
:1001B0000C94232B0C94C9150C94D4160C944A1E41
:1001C0000C94C0150C94DD2A0C9425170C9424185B
:1001D0000C9457170C9489150C94DC180C94652A10
:1001E0000C94F8160C9443170C948C180C94691802
:1001F0000C94B2150C94E8160C94C4150C94CA1601
:100200000C9402170C94C23406082060040000000D
:10021000000000050000065F060006000703000757
:10022000030600247E247E240500242B6A12000687
:10023000006313086463060036495620500400002A
:10024000070300000400003E410000040000413E9E
:1002500000000600083E1C3E08060008083E08088C
:10026000040000E060000006000808080808040018
:1002700000606000000600201008040206003E51E5
:1002800049453E050000427F400006006251494951
:10029000460600224949493606001814127F100606
:1002A000002F4949493106003C4A494930060001BE
:1002B00071090503060036494949360600064949D1
:1002C000291E0400006C6C0000040000EC6C0000AF
:1002D00005000814224100060024242424240600DA
:1002E00000412214080600020159090606003E4199
:1002F0005D551E06007E1111117E06007F49494999
:100300003606003E4141412206007F4141413E0602
:10031000007F4949494106007F0909090106003E5D
:100320004149497A06007F0808087F050000417F9F
:1003300041000600304040403F06007F0814224143
:1003400006007F4040404006007F0204027F060016
:100350007F0204087F06003E4141413E06007F09BE
:1003600009090606003E4151215E06007F09091970
:100370006606002649494932060001017F0101064F
:10038000003F4040403F06001F2040201F06003F26
:10039000403C403F060063140814630600070870E1
:1003A0000807050071494543000500007F414100F1
:1003B0000600020408102005000041417F000600ED
:1003C0000402010204068080808080800400000313
:1003D0000700000600205454547806007F4444442B
:1003E00038060038444444280600384444447F0614
:1003F0000038545454080500087E09090006001806
:10040000A4A4A47C05007F04047800050000007DFE
:10041000400005004080847D0005007F10284400D6
:10042000050000007F400006007C041804780500E9
:100430007C04047800060038444444380600FC4438
:10044000444438060038444444FC060044784404DC
:1004500008060008545454200500043E44240005B6
:10046000003C40207C0006001C2040201C06003C74
:100470006030603C05006C10106C0005009CA060B2
:100480003C0005006454544C000500083E41410006
:100490000400000077000006000041413E0805000E
:1004A000020102010006003C2623263C0B102060BE
:1004B0000600000000000000000000000000000036
:1004C00000000000000000070000000000007C00A9
:1004D000FF33FF337C000000000000000000080034
:1004E0000000003C003C00000000003C003C00001C
:1004F00000000000000B0002101E901FF0037E029F
:100500001E1E901FF0037E021E00100009000078DE
:1005100004FC0CCC0CFF3FFF3FCC0CCC0F88070039
:100520000000000B00303838381C380E00078003FC
:10053000C001E038703838381C000A0000001FB8CD
:100540003FFC31C621E2373E1E1C1C003600220053
:10055000000600000000000027003F001F00000010
:1005600000000000000000000800000000F003FC94
:100570000FFE1F07380120012000000000000008C6
:1005800000000000012001200738FE1FFC0FF003CF
:10059000000000000000090000980CB80EE003F80D
:1005A0000FF80FE003B80E980C00000000090000DF
:1005B000800180018001F00FF00F80018001800137
:1005C000000000000600000000000000B800F80075
:1005D0007800000000000000000000090000800119
:1005E0008001800180018001800180018001000084
:1005F000000006000000000000003800380038004D
:100600000000000000000000000B0018001C000E9D
:1006100000078003C001E000700038001C000E00DD
:100620000BF807FE1F061E03338331C330633033DC
:10063000301E18FE1FF8070A000000000C300C30B6
:100640000E30FF3FFF3F00300030003000000B1C39
:10065000301E38073C033E03378333C331E3307722
:10066000303E301C300B0C0C0E1C0738C330C3302E
:10067000C330C330C330E7397E1F3C0E0BC003E0EC
:1006800003700338031C030E030703FF3FFF3F0003
:100690000300030B3F0C7F1C63386330633063300F
:1006A00063306330E338C31F830F0BC00FF01FF8B4
:1006B00039DC30CE30C730C330C330C339801F007F
:1006C0000F0B0300030003000330033C030FC303BD
:1006D000F3003F000F0003000B000FBC1FFE39E7C3
:1006E00030C330C330C330E730FE39BC1F000F0BBE
:1006F0003C007E00E730C330C330C338C31CC30E98
:10070000E707FE03FC0006000000000000701C70FC
:100710001C701C000000000000000000000600002B
:1007200000000000709C70FC707C00000000000065
:1007300000000000090000C000E001F00338071CC1
:100740000E0E1C07380330000000000A000060068F
:100750006006600660066006600660066006600669
:100760000000090000033007380E1C1C0E3807F08B
:1007700003E001C000000000000A1C001E0007008A
:1007800003008337C337E30077003E001C000000FE
:100790000BF80FFE1F0718F333FB371B36FB37FB35
:1007A000370736FE03F8010A0038003FE007FC0671
:1007B0001F061F06FC06E007003F003800000AFF86
:1007C0003FFF3FC330C330C330C330E730FE39BCD6
:1007D0001F000F00000AF003FC0F0E1C0738033047
:1007E0000330033007380E1C0C0C00000AFF3FFFDB
:1007F0003F033003300330033007380E1CFC0FF08A
:100800000300000AFF3FFF3FC330C330C330C33093
:10081000C330C3300330033000000AFF3FFF3FC343
:1008200000C300C300C300C300C3000300030000F3
:10083000000AF003FC0F0E1C07380330C330C3302E
:10084000C330C73FC63F00000AFF3FFF3FC000C0A4
:1008500000C000C000C000C000FF3FFF3F00000814
:100860000000000003300330FF3FFF3F0330033040
:100870000000000000000A000E001E0038003000DA
:1008800030003000300038FF1FFF0700000AFF3F34
:10089000FF3FC000E001F00338071C0E0E1C0738B4
:1008A000033000000AFF3FFF3F00300030003000FF
:1008B00030003000300030003000000AFF3FFF3FC2
:1008C0001E007800E001E00178001E00FF3FFF3FBE
:1008D00000000AFF3FFF3F0E003800F000C0030099
:1008E00007001CFF3FFF3F00000AF003FC0F0E1C37
:1008F00007380330033007380E1CFC0FF0030000EC
:100900000AFF3FFF3F83018301830183018301C706
:1009100001FE007C0000000AF003FC0F0E1C0738EB
:1009200003300336073E0E1CFC3FF03300000AFF85
:100930003FFF3F8301830183038307830FC71DFEAE
:10094000387C3000000A3C0C7E1CE738C330C330D2
:10095000C330C330C7398E1F0C0F000009000003DD
:100960000003000300FF3FFF3F03000300030000FC
:100970000000000AFF07FF1F003800300030003081
:1009800000300038FF1FFF0700000A07003F00F893
:1009900001C00F003E003EC00FF8013F00070000FD
:1009A000000AFF3FFF3F001C000680038003000693
:1009B000001CFF3FFF3F00000A03300F3C1C0E30BD
:1009C00003E001E00130031C0E0F3C033000000A7D
:1009D00003000F003C00F000C03FC03FF0003C00AF
:1009E0000F00030000000A0330033C033E0333C33F
:1009F00031E33033301F300F300330000008000087
:100A00000000FF3FFF3F033003300330033000009E
:100A1000000000000B0E001C0038007000E000C059
:100A20000180030007000E001C00180800000000F1
:100A30000330033003300330FF3FFF3F000000006E
:100A400000000B6000700038001C000E0007000E54
:100A5000001C003800700060000B00C000C000C027
:100A600000C000C000C000C000C000C000C000C086
:100A70000700000000000000003E007E004E000065
:100A8000000000000000000A001C403E603360339C
:100A90006033603360336033E03FC03F00000AFFE3
:100AA0003FFF3FC0306030603060306030E038C0C1
:100AB0001F800F00000A800FC01FE03860306030D8
:100AC000603060306030C018800800000A800FC0BD
:100AD0001FE038603060306030E030C030FF3FFFF2
:100AE0003F00000A800FC01FE03B6033603360337B
:100AF00060336033C0138001000008C000C000FCF8
:100B00003FFE3FC700C300C3000300000000000019
:100B1000000A8003C0C7E0CE60CC60CC60CC60CC63
:100B200060E6E07FE03F000009FF3FFF3FC000605C
:100B30000060006000E000C03F803F00000000084F
:100B40000000000000306030EC3FEC3F003000302F
:100B50000000000000000800000000006000E0004D
:100B6000C060C0ECFFEC7F00000000000009000046
:100B7000FF3FFF3F00038007C00FE01C60380030DC
:100B800000000000080000000000300330FF3FFFBD
:100B90003F003000300000000000000AE03FC03F8E
:100BA000E000E000C03FC03FE000E000C03F803F09
:100BB00000000A0000E03FE03F600060006000606D
:100BC00000E000C03F803F00000A800FC01FE038F7
:100BD0006030603060306030E038C01F800F00004F
:100BE0000AE0FFE0FF600C6018601860186018E011
:100BF0001CC00F800700000A8007C00FE01C6018AF
:100C0000601860186018600CE0FFE0FF00000A0048
:100C100000E03FE03FC0006000600060006000E076
:100C200000C000000008C011E0336033603360335F
:100C30006033603F401E000000000000086000605C
:100C400000FE1FFE3F60306030603000300000006A
:100C50000000000AE00FE01F0038003000300030D4
:100C600000300018E03FE03F00000A6000E0018033
:100C700007001E00380038001E8007E001600000F9
:100C8000000AE007E01F0038001CE00FE00F001C26
:100C90000038E01FE0070000096030E038C01D8028
:100CA0000F0007800FC01DE0386030000000000911
:100CB00000006000E08180E7007E001E8007E00108
:100CC0006000000000000960306038603C60366001
:100CD00033E031E0306030203000000000090000D7
:100CE0008000C001FC1F7E3F07700360036003604B
:100CF00000000000060000000000000000FF3FFFB1
:100D00003F00000000000000000000090000036038
:100D10000360036007707E3FFC1FC001800000007D
:100D200000000A100018000C0004000C001800104D
:100D30000018000C00040000000A000F800FC00C17
:100D4000600C300C300C600CC00C800F000F0000E9
:100D5000FFFFFFFFFFFFFFFFFFFFFFFFFFFFFFFFA3
:100D6000FFFFFFFFFFFFFFFFFFFFFFFFFFFFFFFF93
:100D7000FFFFFFFFFFFFFFFFFFFFFFFFFFFFFFFF83
:100D8000FFFFFFFFFFFFFFFFFFFFFFFFFFFFFFFF73
:100D9000FFFFFFFFFFFFFFFFFFFFFFFFFFFFFFFF63
:100DA000FFFFFFFFFFFFFFFFFFFFFFFFFFFFFFFF53
:100DB000FFFFFFFFFFFFFFFFFFFFFFFFFFFFFFFF43
:100DC000FFFFFFFFFFFFFFFFFFFFFFFFFFFFFFFF33
:100DD000FFFFFFFFFFFFFFFFFFFFFFFFFFFFFFFF23
:100DE000FFFFFFFFFFFFFFFFFFFFFFFFFFFFFFFF13
:100DF000FFFFFFFFFFFFFFFFFFFFFFFFFFFFFFFF03
:100E0000FFFFFFFFFFFFFFFFFFFFFFFFFFFFFFFFF2
:100E1000FFFFFFFFFFFFFFFFFFFFFFFFFFFFFFFFE2
:100E2000FFFFFFFFFFFFFFFFFFFFFFFFFFFFFFFFD2
:100E3000FFFFFFFFFFFFFFFFFFFFFFFFFFFFFFFFC2
:100E4000FFFFFFFFFFFFFFFFFFFFFFFFFFFFFFFFB2
:100E5000FFFFFFFFFFFFFFFFFFFFFFFFFFFFFFFFA2
:100E6000FFFFFFFFFFFFFFFFFFFFFFFFFFFFFFFF92
:100E7000FFFFFFFFFFFFFFFFFFFFFFFFFFFFFFFF82
:100E8000FFFFFFFFFFFFFFFFFFFFFFFFFFFFFFFF72
:100E9000FFFFFFFFFFFFFFFFFFFFFFFFFFFFFFFF62
:100EA000FFFFFFFFFFFFFFFFFFFFFFFFFFFFFFFF52
:100EB000FFFFFFFFFFFFFFFFFFFFFFFFFFFFFFFF42
:100EC000FFFFFFFFFFFFFFFFFFFFFFFFFFFFFFFF32
:100ED000FFFFFFFFFFFFFFFFFFFFFFFFFFFFFFFF22
:100EE000FFFFFFFFFFFFFFFFFFFFFFFFFFFFFFFF12
:100EF000FFFFFFFFFFFFFFFFFFFFFFFFFFFFFFFF02
:100F0000FFFFFFFFFFFFFFFFFFFFFFFFFFFFFFFFF1
:100F1000FFFFFFFFFFFFFFFFFFFFFFFFFFFFFFFFE1
:100F2000FFFFFFFFFFFFFFFFFFFFFFFFFFFFFFFFD1
:100F3000FFFFFFFFFFFFFFFFFFFFFFFFFFFFFFFFC1
:100F4000FFFFFFFFFFFFFFFFFFFFFFFFFFFFFFFFB1
:100F5000FFFFFFFFFFFFFFFFFFFFFFFFFFFFFFFFA1
:100F6000FFFFFFFFFFFFFFFFFFFFFFFFFFFFFFFF91
:100F7000FFFFFFFFFFFFFFFFFFFFFFFFFFFFFFFF81
:100F8000FFFFFFFFFFFFFFFFFFFFFFFFFFFFFFFF71
:100F9000FFFFFFFFFFFFFFFFFFFFFFFFFFFFFFFF61
:100FA000FFFFFFFFFFFFFFFFFFFFFFFFFFFFFFFF51
:100FB000FFFFFFFFFFFFFFFFFFFFFFFFFFFFFFFF41
:100FC000FFFFFFFFFFFFFFFFFFFFFFFFFFFFFFFF31
:100FD000FFFFFFFFFFFFFFFFFFFFFFFFFFFFFFFF21
:100FE000FFFFFFFFFFFFFFFFFFFFFFFFFFFFFFFF11
:100FF000FFFFFFFFFFFFFFFFFFFFFFFFFFFFFFFF01
:10100000FFFFFFFFFFFFFFFFFFFFFFFFFFFFFFFFF0
:10101000FFFFFFFFFFFFFFFFFFFFFFFFFFFFFFFFE0
:10102000FFFFFFFFFFFFFFFFFFFFFFFFFFFFFFFFD0
:10103000FFFFFFFFFFFFFFFFFFFFFFFFFFFFFFFFC0
:10104000FFFFFFFFFFFFFFFFFFFFFFFFFFFFFFFFB0
:10105000FFFFFFFFFFFFFFFFFFFFFFFFFFFFFFFFA0
:10106000FFFFFFFFFFFFFFFFFFFFFFFFFFFFFFFF90
:10107000FFFFFFFFFFFFFFFFFFFFFFFFFFFFFFFF80
:10108000FFFFFFFFFFFFFFFFFFFFFFFFFFFFFFFF70
:10109000FFFFFFFFFFFFFFFFFFFFFFFFFFFFFFFF60
:1010A000FFFFFFFFFFFFFFFFFFFFFFFFFFFFFFFF50
:1010B000FFFFFFFFFFFFFFFFFFFFFFFFFFFFFFFF40
:1010C000FFFFFFFFFFFFFFFFFFFFFFFFFFFFFFFF30
:1010D000FFFFFFFFFFFFFFFFFFFFFFFFFFFFFFFF20
:1010E000FFFFFFFFFFFFFFFFFFFFFFFFFFFFFFFF10
:1010F000FFFFFFFFFFFFFFFFFFFFFFFFFFFFFFFF00
:10110000FFFFFFFFFFFFFFFFFFFFFFFFFFFFFFFFEF
:10111000FFFFFFFFFFFFFFFFFFFFFFFFFFFFFFFFDF
:10112000FFFF00000FFFFFFFFFFFFFFFFFFFFFFFBD
:10113000FFFFFFFFFFFFFFE00000007FFFFFFFFF5B
:10114000FFFFFFFFFFFFFFFFFFFFFFFFFE000000AD
:101150000007FFFFFFFFFFFFFFFFFFFFFFFFFFFF96
:10116000FFFFF00000000000FFFFFFFFFFFFFFFF99
:10117000FFFFFFFFFFFFFFFFC000000000003FFF79
:10118000FFFFFFFFFFFFFFFFFFFFFFFFFFFE00006E
:101190000000000007FFFFFFFFFFFFFFFFFFFFFF53
:1011A000FFFFFFF800000000000001FFFFFFFFFF4E
:1011B000FFFFFFFFFFFFFFFFFFE000000000000058
:1011C000007FFFFFFFFFFFFFFFFFFFFFFFFFFFC0ED
:1011D000000000000000003FFFFFFFFFFFFFFFFFD8
:1011E000FFFFFFFFFF00000000000000000FFFFFF7
:1011F000FFFFFFFFFFFFFFFFFFFFFE0000000000FB
:1012000000000007FFFFFFFFFFFFFFFFFFFFFFFFE3
:10121000F8000000000000000001FFFFFFFFFFFFDB
:10122000FFFFFFFFFFFFF0000000000000000000D4
:10123000FFFFFFFFFFFFFFFFFFFFFFFFE0000000DA
:101240000000000000007FFFFFFFFFFFFFFFFFFF28
:10125000FFFF800000000000000000001FFFFFFFF4
:10126000FFFFFFFFFFFFFFFF000000000000000086
:1012700000000FFFFFFFFFFFFFFFFFFFFFFE00006B
:10128000000000000000000007FFFFFFFFFFFFFF5E
:10129000FFFFFFFC0000000000000000000003FF53
:1012A000FFFFFFFFFFFFFFFFFFF80000000000004F
:1012B0000000000001FFFFFFFFFFFFFFFFFFFFF047
:1012C0000000000000000000000000FFFFFFFFFF23
:1012D000FFFFFFFFFFE00000000000000000000033
:1012E000007FFFFFFFFFFFFFFFFFFFC000000000C8
:1012F000000000000000003FFFFFFFFFFFFFFFFFB7
:10130000FF8000000000000000000000001FFFFF41
:10131000FFFFFFFFFFFFFF000000000000000000D4
:101320000000000FFFFFFFFFFFFFFFFFFF000000B7
:101330000000000000000000000FFFFFFFFFFFFFA4
:10134000FFFFFE000000000000000000000000079A
:10135000FFFFFFFFFFFFFFFFFC0000000000000099
:10136000000000000003FFFFFFFFFFFFFFFFFC0086
:10137000000000000000000000000001FFFFFFFF70
:10138000FFFFFFFFF8000000000000000000000069
:101390000001FFFFFFFFFFFFFFFFF0000000000064
:1013A0000000000000000000FFFFFFFFFFFFFFFF45
:1013B000F0000000000000000000000000007FFFBF
:1013C000FFFFFFFFFFFFE000000000000000000043
:1013D000000000007FFFFFFFFFFFFFFFC0000000D5
:1013E000000000000000000000007FFFFFFFFFFF83
:1013F000FFFFC0000FFFE000000000000000000041
:101400007FFFFFFFFFFFFFFF80007FFFFC0000006A
:101410000007FFFFFFFFFFFFFFFFFFFFFFFF800150
:10142000FFFFFF000000003FFFFFFFFFFFFFFFFF88
:10143000FFFFFFFF0003FFFFFFC0000000FFFFFFF3
:10144000FFFFFFFFFFFFFFFFFFFF000FFFFFFFE0BA
:10145000000003FFFFFFFFFFFFFFFFFFFFFFFFFE97
:10146000001FFFFFFFF8000007FFFFFFFFFFFFFF68
:10147000FFFFFFFFFFFE003FFFFFFFFC00000FFF2D
:10148000FFFFFFFFFFFFFFFFFFFFFFFE007FFFFFEC
:10149000FFFE00001FFFFFFFFFFFFFFFFFFFFFFF3B
:1014A000FFFC00FFFFFFFFFF00001FFFFFFFFFFF2C
:1014B000FFFFFFFFFFFFFFFC01FFFFFFFFFF00003B
:1014C0003FFFFFFFFFFFFFFFFFFFFFFFFFFC01FFED
:1014D000FC007FFF80003FFFF800000007FFFFFFD8
:1014E000FFFFFFF803FFF0001FFFC0003FFE0000FA
:1014F000000001FFFFFFFFFFFFF807FFE00007FF0D
:10150000C0007FF80000000001FFFFFFFFFFFFF8B1
:1015100007FFC00003FFE0007FF80000000001FFAC
:10152000FFFFFFFFFFF00FFF800001FFE0007FF0F3
:101530000000000000FFFFFFFFFFFFF00FFF0000B3
:1015400001FFF0007FF00000000000FFFFFFFFFF41
:10155000FFF00FFE000000FFF0007FF00000000031
:1015600000FFFFFFFFFFFFF01FFE0000007FF00005
:101570007FF00000000000FFFFFFFFFFFFE01FFC07
:101580000000007FF8007FF800000000007FFFFFF0
:10159000FFFFFFE01FFC0000003FF8007FF80000A5
:1015A0000000007FFFFFFFFFFFE01FFC0000003F87
:1015B000F8007FFC00000000007FFFFFFFFFFFE05E
:1015C0001FF80000003FF8003FFF00000000007F10
:1015D000FFFFFFFFFFE03FF80000003FF8003FFF84
:1015E000C0000000007FFFFFFFFFFFE03FF80000AA
:1015F000001FF8001FFFF8000000007FFFFFFFFF43
:10160000FFE03FF80000001FF8001FFFFF00000090
:10161000007FFFFFFFFFFFC03FF80000001FF80042
:101620000FFFFFE00000003FFFFFFFFFFFC03FF89C
:101630000000001FF80007FFFFFE0000003FFFFF53
:10164000FFFFFFC03FF80000003FF80003FFFFFF6F
:10165000C000003FFFFFFFFFFFC03FF80000003F5A
:10166000F80001FFFFFFF800003FFFFFFFFFFFC092
:101670003FF00000003FF800007FFFFFFE00003F4A
:10168000FFFFFFFFFFC03FF00000003FF800001F1A
:10169000FFFFFF80003FFFFFFFFFFFC03FF00000A4
:1016A000003FF8000007FFFFFFE0003FFFFFFFFFE4
:1016B000FFC03FF00000003FF8000000FFFFFFF018
:1016C000003FFFFFFFFFFFC03FF00000003FF000C2
:1016D00000001FFFFFF8003FFFFFFFFFFFC07FF08C
:1016E0000000003FF000000003FFFFFC003FFFFF91
:1016F000FFFFFFC07FF00000003FF0000000007F10
:10170000FFFE003FFFFFFFFFFFE07FE00000003F24
:10171000F0000000000FFFFF003FFFFFFFFFFFE0B2
:101720007FE00000007FF00000000001FFFF007F6D
:10173000FFFFFFFFFFE07FE00000007FF000000000
:1017400000007FFF807FFFFFFFFFFFE07FE00000E2
:10175000007FF000000000001FFF807FFFFFFFFF01
:10176000FFE07FE00000007FE0000000000007FFD6
:10177000807FFFFFFFFFFFE07FE00000007FE000D1
:101780000000000003FFC07FFFFFFFFFFFE0FFE05E
:101790000000007FE0000000000003FFC07FFFFFAB
:1017A000FFFFFFF0FFE00000007FE000000000000E
:1017B00001FFC0FFFFFFFFFFFFF0FFE0000000FFA1
:1017C000E0000000000001FFC0FFFFFFFFFFFFF08F
:1017D000FFE0000000FFE0000000000001FFC0FF8C
:1017E000FFFFFFFFFFF0FFE0000000FFE000000050
:1017F000000001FFC0FFFFFFFFFFFFF0FFC0000080
:1018000000FFE0000000000003FFC0FFFFFFFFFF3C
:10181000FFF8FFC0000000FFE0000000000003FF31
:1018200081FFFFFFFFFFFFF8FFC0000000FFE000A7
:10183000000000000FFF81FFFFFFFFFFFFFCFFC064
:10184000000000FFE000000000003FFF81FFFFFFFD
:10185000FFFFFFFDFFC0000000FFFFFFFFFFFFFFD6
:10186000FFFF03FFFFFFFFFFFFFFFFC0000000FFC0
:10187000FFFFFFFFFFFFFFFF03FFFFFFFFFFFFFF74
:10188000FFC0000001FFFFFFFFFFFFFFFFFE03FFA0
:10189000FFFFFFFFFFFFFF80000001FFFFFFFFFFD3
:1018A000FFFFFFFE07FFFFFFFFFFFFFFFF800000BE
:1018B00001FFFFFFFFFFFFFFFFFC07FFFFFFFFFF31
:1018C000FFFFFF80000001FFFFFFFFFFFFFFFFF8AA
:1018D0000FFFFFFFFFFFFFFFFF80000001FFFFFF83
:1018E000FFFFFFFFFFE00FFFFFFFFFFFFFFFFF8096
:1018F000000001FFFFFFFFFFFFFFFFC01FFFFFFF13
:10190000FFFFFFFFFF80000001FFFFFFFFFFFFFF62
:10191000FF001FFFFFFFFFFFFFFFFF80000001FF31
:10192000FFFFFFFFFFFFC0003FFFFFFFFFFFFFFFC5
:10193000FF800000000000000000000000003FFFEA
:10194000FFFFFFFFFFFFFF8000000000000000001E
:10195000000000007FFFFFFFFFFFFFFFFF00000010
:10196000000000000000000000007FFFFFFFFFFFFD
:10197000FFFFFF000000000000000000000000006A
:10198000FFFFFFFFFFFFFFFFFF0000000000000060
:10199000000000000000FFFFFFFFFFFFFFFFFF0050
:1019A000000000000000000000000001FFFFFFFF3A
:1019B000FFFFFFFFFF00000000000000000000002C
:1019C0000003FFFFFFFFFFFFFFFFFF00000000001D
:1019D0000000000000000007FFFFFFFFFFFFFFFF08
:1019E000FF00000000000000000000000007FFFFF3
:1019F000FFFFFFFFFFFFFF000000000000000000EE
:101A00000000000FFFFFFFFFFFFFFFFFFF80000050
:101A10000000000000000000001FFFFFFFFFFFFFAD
:101A2000FFFFFFC000000000000000000000003FBA
:101A3000FFFFFFFFFFFFFFFFFFE0000000000000CF
:101A400000000000007FFFFFFFFFFFFFFFFFFFE040
:101A500000000000000000000000007FFFFFFFFF0B
:101A6000FFFFFFFFFFF0000000000000000000008B
:101A700000FFFFFFFFFFFFFFFFFFFFFC0000000074
:101A800000000000000001FFFFFFFFFFFFFFFFFF5E
:101A9000FFFE0000000000000000000003FFFFFF49
:101AA000FFFFFFFFFFFFFFFF00000000000000003E
:101AB000000007FFFFFFFFFFFFFFFFFFFFFF8000AA
:101AC00000000000000000001FFFFFFFFFFFFFFFFE
:101AD000FFFFFFFFC00000000000000000003FFF0C
:101AE000FFFFFFFFFFFFFFFFFFFFE0000000000020
:101AF000000000007FFFFFFFFFFFFFFFFFFFFFFF72
:101B0000F8000000000000000000FFFFFFFFFFFFE3
:101B1000FFFFFFFFFFFFFC000000000000000003CC
:101B2000FFFFFFFFFFFFFFFFFFFFFFFFFE000000C3
:101B3000000000000007FFFFFFFFFFFFFFFFFFFFA8
:101B4000FFFFFF80000000000000001FFFFFFFFFFD
:101B5000FFFFFFFFFFFFFFFFFFE0000000000000AE
:101B6000007FFFFFFFFFFFFFFFFFFFFFFFFFFFF013
:101B700000000000000000FFFFFFFFFFFFFFFFFF6E
:101B8000FFFFFFFFFFFE00000000000003FFFFFF5C
:101B9000FFFFFFFFFFFFFFFFFFFFFFFF80000000D1
:101BA00000001FFFFFFFFFFFFFFFFFFFFFFFFFFF23
:101BB000FFFFE000000000007FFFFFFFFFFFFFFFCF
:101BC000FFFFFFFFFFFFFFFFFC0000000003FFFF20
:101BD000FFFFFFFFFFFFFFFFFFFFFFFFFFFFFF8094
:101BE0000000001FFFFFFFFFFFFFFFFFFFFFFFFFE2
:101BF000FFFFFFFFFFFC000001FFFFFFFFFFFFFFF4
:101C0000FFFFFFFFFFFFFFFFFFFFFFFFF000FFFFF2
:101C1000FFFFFFFFFFFFFFFFFFFFFFFFFFFFFFFFD4
:101C2000FFFFFFFFFFFFFFFFFFFFFFFFFFFFFFFFC4
:101C3000FFFFFFFFFFFFFFFFFFFFFFFFFFFFFFFFB4
:101C4000FFFFFFFFFFFFFFFFFFFFFFFFFFFFFFFFA4
:101C5000FFFFFFFFFFFFFFFFFFFFFFFFFFFFFFFF94
:101C6000FFFFFFFFFFFFFFFFFFFFFFFFFFFFFFFF84
:101C7000FFFFFFFFFFFFFFFFFFFFFFFFFFFFFFFF74
:101C8000FFFFFFFFFFFFFFFFFFFFFFFFFFFFFFFF64
:101C9000FFFFFFFFFFFFFFFFFFFFFFFFFFFFFFFF54
:101CA000FFFFFFFFFFFFFFFFFFFFFFFFFFFFFFFF44
:101CB000FFFFFFFFFFFFFFFFFFFFFFFFFFFFFFFF34
:101CC000FFFFFFFFFFFFFFFFFFFFFFFFFFFFFFFF24
:101CD000FFFFFFFFFFFFFFFFFFFFFFFFFFFFFFFF14
:101CE000FFFFFFFFFFFFFFFFFFFFFFFFFFFFFFFF04
:101CF000FFFFFFFFFFFFFFFFFFFFFFFFFFFFFFFFF4
:101D0000FFFFFFFFFFFFFFFFFFFFFFFFFFFFFFFFE3
:101D1000FFFFFFFFFFFFFFFFFFFFFFFFFFFFFFFFD3
:101D2000FFFFFFFFFFFFFFFFFFFFFFFFFFFFFFFFC3
:101D3000FFFFFFFFFFFFFFFFFFFFFFFFFFFFFFFFB3
:101D4000FFFFFFFFFFFFFFFFFFFFFFFFFFFFFFFFA3
:101D5000FFFFFFFFFFFFFFFFFFFFFFFFFFFFFFFF93
:101D6000FFFFFFFFFFFFFFFFFFFFFFFFFFFFFFFF83
:101D7000FFFFFFFFFFFFFFFFFFFFFFFFFFFFFFFF73
:101D8000FFFFFFFFFFFFFFFFFFFFFFFFFFFFFFFF63
:101D9000FFFFFFFFFFFFFFFFFFFFFFFFFFFFFFFF53
:101DA000FFFFFFFFFFFFFFFFFFFFFFFFFFFFFFFF43
:101DB000FFFFFFFFFFFFFFFFFFFFFFFFFFFFFFFF33
:101DC000FFFFFFFFFFFFFFFFFFFFFFFFFFFFFFFF23
:101DD000FFFFFFFFFFFFFFFFFFFFFFFFFFFFFFFF13
:101DE000FFFFFFFFFFFFFFFFFFFFFFFFFFFFFFFF03
:101DF000FFFFFFFFFFFFFFFFFFFFFFFFFFFFFFFFF3
:101E0000FFFFFFFFFFFFFFFFFFFFFFFFFFFFFFFFE2
:101E1000FFFFFFFFFFFFFFFFFFFFFFFFFFFFFFFFD2
:101E2000FFFFFFFFFFFFFFFFFFFFFFFFFFFFFFFFC2
:101E3000FFFFFFFFFFFFFFFFFFFFFFFFFFFFFFFFB2
:101E4000FFFFFFFFFFFFFFFFFFFFFFFFFFFFFFFFA2
:101E5000FFFFFFFFFFFFFFFFFFFFFFFFFFFFFFFF92
:101E6000FFFFFFFFFFFFFFFFFFFFFFFFFFFFFFFF82
:101E7000FFFFFFFFFFFFFFFFFFFFFFFFFFFFFFFF72
:101E8000FFFFFFFFFFFFFFFFFFFFFFFFFFFFFFFF62
:101E9000FFFFFFFFFFFFFFFFFFFFFFFFFFFFFFFF52
:101EA000FFFFFFFFFFFFFFFFFFFFFFFFFFFFFFFF42
:101EB000FFFFFFFFFFFFFFFFFFFFFFFFFFFFFFFF32
:101EC000FFFFFFFFFFFFFFFFFFFFFFFFFFFFFFFF22
:101ED000FFFFFFFFFFFFFFFFFFFFFFFFFFFFFFFF12
:101EE000FFFFFFFFFFFFFFFFFFFFFFFFFFFFFFFF02
:101EF000FFFFFFFFFFFFFFFFFFFFFFFFFFFFFFFFF2
:101F0000FFFFFFFFFFFFFFFFFFFFFFFFFFFFFFFFE1
:101F1000FFFFFFFFFFFFFFFFFFFFFFFFFFFFFFFFD1
:101F2000FFFFFFFFFFFFFFFFFFFFFFFFFFFFFFFFC1
:101F3000FFFFFFFFFFFFFFFFFFFFFFFFFFFFFFFFB1
:101F4000FFFFFFFFFFFFFFFFFFFFFFFFFFFFFFFFA1
:101F5000FFFFFFFFFFFFFFFFFFFFFFFFFFFFFFFF91
:101F6000FFFFFFFFFFFFFFFFFFFFFFFFFFFFFFFF81
:101F7000FFFFFFFFFFFFFFFFFFFFFFFFFFFFFFFF71
:101F8000FFFFFFFFFFFFFFFFFFFFFFFFFFFFFFFF61
:101F9000FFFFFFFFFFFFFFFFFFFFFFFFFFFFFFFF51
:101FA000FFFFFFFFFFFFFFFFFFFFFFFFFFFFFFFF41
:101FB000FFFFFFFFFFFFFFFFFFFFFFFFFFFFFFFF31
:101FC000FFFFFFFFFFFFFFFFFFFFFFFFFFFFFFFF21
:101FD000FFFFFFFFFFFFFFFFFFFFFFFFFFFFFFFF11
:101FE000FFFFFFFFFFFFFFFFFFFFFFFFFFFFFFFF01
:101FF000FFFFFFFFFFFFFFFFFFFFFFFFFFFFFFFFF1
:10200000FFFFFFFFFFFFFFFFFFFFFFFFFFFFFFFFE0
:10201000FFFFFFFFFFFFFFFFFFFFFFFFFFFFFFFFD0
:10202000FFFFFFFFFFFFFFFFFFFFFFFFFFFFFFFFC0
:10203000FFFFFFFFFFFFFFFFFFFFFFFFFFFFFFFFB0
:10204000FFFFFFFFFFFFFFFFFFFFFFFFFFFF00009E
:102050002100240027002A002D0030003300010158
:102060000000040107010A010000220025002800E9
:102070002B002E0031003400020100000501080190
:102080000B01000020002300260029002C002F0057
:1020900032000001000003010601090105050505E4
:1020A000070508080808020202020A0A08080404D0
:1020B00004040101010101010101030303030303FE
:1020C0000303040707070C0C0C0C0C0C0C0C02028D
:1020D000020206060606060606060B0B0B0B0B0B8A
:1020E0000B0B010210202008081020401020408017
:1020F00002010201080402010102040810204080CC
:102100008040201008040201800402018040201059
:1021100008040201080402010102040810204080A2
:10212000010204081020408000000A0B02090C0D77
:102130000E0807030401000000000000000000007A
:10214000000000000000000000000000000000008F
:10215000000000001211100000000000000000004C
:102160000000000000000000000000000000C23479
:10217000573E11241FBECFEFD1E2DEBFCDBF00E03E
:102180000CBF20E1A2ECB5E001C01D92A830B2075F
:10219000E1F715E0A0E0B2E0EAEFF7E800E00BBFFE
:1021A00002C007900D92A23CB107D9F710E1C8EB2D
:1021B000D0E100E006C021970109802FFE010E94B6
:1021C000E640C73BD10780E00807A9F70E94C63563
:1021D0000C94EB430C940000FC01A089B18982E0CF
:1021E0008C93A485B5851C92A685B78580E18C93D8
:1021F000108EA489B58986E08C93A289B3898C91CD
:1022000080618C93A289B3898C9188608C93A28918
:10221000B3898C9180688C930288F389E02D80814A
:102220008F7D808308958091F20F9091F30FA0919C
:10223000F40FB091F50F0197A109B1098093F20F46
:102240009093F30FA093F40FB093F50F892B8A2B83
:102250008B2B49F4E091B00FF091B10F80819091F8
:10226000B40F892B80830895AC01E091AC0FF091FD
:10227000AD0F80819091B50F892B8083E091B00FD5
:10228000F091B10F80819091B40F90959823908335
:102290008091A60F20E130E060E070E887FF12C077
:1022A0005EBD0DB407FEFDCF4EBD0DB407FEFDCFE4
:1022B000E091B00FF091B10F80819091B40F892B14
:1022C00080830895E091A80FF091A90F9091B20F2B
:1022D000DA01A623B7238081AB2BD9F0982B90830A
:1022E000E091AA0FF091AB0F80819091B30F892BF1
:1022F0008083E091AA0FF091AB0F80819091B30F92
:102300009095982390837695679521503109D1F661
:10231000CFCF90959823E3CF9C01E091AC0FF09143
:10232000AD0F80819091B50F909598239083E091A7
:10233000B00FF091B10F80819091B40F90959823D8
:1023400090838091A60F40E150E060E070E887FF45
:1023500012C01EBC0DB407FEFDCF2EBD0DB407FE8E
:10236000FDCFE091B00FF091B10F80819091B40F4B
:10237000892B80830895E091A80FF091A90F909187
:10238000B20FD901A623B7238081AB2BD9F0982BAC
:102390009083E091AA0FF091AB0F80819091B30FE1
:1023A000892B8083E091AA0FF091AB0F80819091EF
:1023B000B30F909598239083769567954150510976
:1023C000D1F6CFCF90959823E3CFCF93DF93EB0156
:1023D0000E948C11CE01DF91CF910C943411809129
:1023E000F20F9091F30FA091F40FB091F50FAC01A3
:1023F000BD014F5F5F4F6F4F7F4F4093F20F509380
:10240000F30F6093F40F7093F50F892B8A2B8B2BAE
:1024100091F48091A60F87FF04C080E58CBD81E018
:102420008DBDE091B00FF091B10F90818091B40F0C
:102430008095892380830895DC01FB018091B60F8C
:102440008230B9F0833069F1813051F580919E0F6F
:1024500090919F0F019720813181821B930B918373
:1024600080832D913C9111978D939C933183208390
:10247000089580919C0F90919D0F01972D913C9113
:102480001197821B930B8D939C9380919E0F90913B
:102490009F0F019720813181821B930B9183808351
:1024A000089580919C0F90919D0F01972D913C91E3
:1024B0001197821B930B11969C938E9320813181EF
:1024C0002D933C93EBCF0F931F93CF93DF9300D0CB
:1024D0001F92CDB7DEB79A8389837C836B8320916B
:1024E0009C0F30919D0F8217930720F520919E0F2E
:1024F00030919F0F62177307E8F48A01BE016D5F88
:102500007F4FCE0101960E941C120E94EF1169813B
:102510007A8180E290E00E94E5116B817C8181E20A
:1025200090E00E94E511B80182E290E00E94E5117E
:102530000E9413110F900F900F900F90DF91CF9189
:102540001F910F9108950F931F93CF93DF9300D0A6
:1025500000D01F921F92CDB7DEB77C836B835E8362
:102560004D8338872F8320919C0F30919D0F2150F0
:1025700031092817390708F4C9019A8389838D81A5
:102580009E812817390708F4C9019E838D838091A5
:102590009E0F90919F0F01972B813C81821793078B
:1025A00008F49C013C832B832F8138858217930785
:1025B00008F49C0138872F83BE016D5F7F4FCE01E9
:1025C00001960E941C12BE01695F7F4FCE010596E5
:1025D0000E941C122D813E8189819A81281739071A
:1025E00020F43A8329839E838D832F8138858B81C4
:1025F0009C812817390720F43C832B8398878F838D
:102600000E94EF11E091B60FEE2379F0E150FF0B3D
:1026100023E0EE0FFF1F2A95E1F7E00FF11FEE0F09
:10262000FF1FE854F04F00811181B80183E0660F6D
:10263000771F8A95E1F7706183E090E00E94E511D1
:102640006D817E8186E390E00E94E51169817A8147
:1026500087E390E00E94E5116F81788588E390E040
:102660000E94E5116B817C8189E390E00E94E51175
:10267000159507950130110529F1ACF46D817E8126
:10268000012B11F182E290E00E948C110E94131143
:1026900028960FB6F894DEBF0FBECDBFDF91CF9165
:1026A0001F910F91089502301105C9F069817A8157
:1026B0000330110539F780E290E00E94E5116B814B
:1026C0007C8108C069817A8180E290E00E94E511F6
:1026D0006F81788581E290E00E94E511D3CF6D8112
:1026E0007E81E9CF6FEA70E086E390E00E94E51119
:1026F00070E060E087E390E00E94E5116BED70E030
:1027000088E390E00E94E51170E060E089E390E0EA
:102710000C94E5118F929F92AF92BF92CF92DF926D
:10272000EF92FF920F931F93CF93DF935C014B01C6
:10273000EA017901680107E010E00E94A3120E94FB
:10274000EF118FEFE81AF80AE818F9082196CA196C
:10275000DB09EC9E5001ED9EB00CFC9EB00C1124E8
:10276000A114B10439F0C6010E94341181E0A81A05
:10277000B108F6CF0E941311DF91CF911F910F91F5
:10278000FF90EF90DF90CF90BF90AF909F908F9091
:102790000C9472132F923F924F925F926F927F929E
:1027A0008F929F92AF92BF92CF92DF92EF92FF9261
:1027B0000F931F93CF93DF9300D000D000D01F92D0
:1027C0001F92CDB7DEB75B015B834A83522E432E47
:1027D0007C01712C272D30E0EA81FB818481958179
:1027E0002817390708F0D4C080819181009709F437
:1027F000A5C0820F931FFC018081F091EC0FFA8736
:102800002091F00FF29F900111242F5F3F4F082E6F
:10281000000C990B4091EE0F841B9109289F6001D9
:10282000299FD00C389FD00C11248091F10F811179
:102830000BC0E091EA0FF091EB0F96012C5F3F4F38
:10284000E20FF31F34913A8785E0C80ED11C0E9435
:10285000EF119A85292E312CA7014F5F5F4F420D52
:10286000531D80919C0F90919D0F4817590708F0B8
:1028700067C02091ED0F2150330B2A0D3B1D809135
:102880009E0F90919F0F2817390708F059C007E055
:1028900010E0B501C7010E94A312E1E0E9831B86A5
:1028A0008601612C2B852E0D3F2D311D3987288700
:1028B000802F8C199091F00F891708F059C03A8534
:1028C0009B85E0E0391739F0E091EA0FF091EB0FCA
:1028D000E00FF11FE4910F5F1F4FF8E08F9FC001E1
:1028E00011249C012A0D3B1D3D832C83912C812CAE
:1028F0008E2F90E09F838E838091ED0F6816C0F637
:102900008E819F81082C02C0959587950A94E2F7E5
:1029100081709927E981EE23D1F0892BA9F4809168
:10292000A00F9091A10F0E9434116394FFEF8F1AB2
:102930009F0A28E082169104F9F6BACF80E05DCFB5
:102940001982ADCF6801ACCF852D942DECCF40918D
:10295000A00F5091A10F892B11F0452D542D6C81A2
:102960007D81680D791D888599850E946312DDCF70
:102970003B853F5F3B878A85831720F70E941311B1
:102980000E947213C1010196E80EF91E739422CFC2
:10299000C7012B960FB6F894DEBF0FBECDBFDF91F7
:1029A000CF911F910F91FF90EF90DF90CF90BF904C
:1029B000AF909F908F907F906F905F904F903F90DF
:1029C0002F9008952F923F924F925F926F927F9235
:1029D0008F929F92AF92BF92CF92DF92EF92FF922F
:1029E0000F931F93CF93DF93EC018B014A01790181
:1029F000E61AF70AF7FE03C0F194E194F1086401C6
:102A0000CC1ADD0AD7FE03C0D194C194D108CE14EC
:102A1000DF0454F4982D892D4901292F382F9C2F3C
:102A20008D2FE801092F182F8C169D0650F4902F3A
:102A3000812F8901292F382F9C2F8D2FE401892E7A
:102A4000982E14012C1A3D0A2901401A510A57FEEA
:102A500003C0519441945108310137FE03C08FEFF8
:102A6000681A780A75946794AA24AA94BA2C021753
:102A7000130718F4AA24A394B12C0E94EF118C160A
:102A80009D06A8F04FEF5FEFBE01C801CE14DF0432
:102A900014F0B801CE010E9463126418750877FE25
:102AA00004C00A0D1B1D620C731C2196E8CFDF9138
:102AB000CF911F910F91FF90EF90DF90CF90BF903B
:102AC000AF909F908F907F906F905F904F903F90CE
:102AD0002F900C9413118150823108F05AC0E82FC6
:102AE000F0E08827E958FA4E8F4F0C94E64097158E
:102AF0009B1589158F159315C9159E15A415A81535
:102B0000AE15B215B615BC15C015C915C415CA1534
:102B1000CE15809180008F778093800008958091FA
:102B200080008F7DF9CF80918000877FF5CF84B5BD
:102B30008F7784BD089584B58F7DFBCF8091B000E1
:102B40008F778093B00008958091B0008F7DF9CF8A
:102B5000809190008F7780939000089580919000ED
:102B60008F7DF9CF80919000877FF5CF8091A00075
:102B70008F778093A00008958091A0008F7DF9CF7A
:102B80008091A000877FF5CF809120018F7780937F
:102B900020010895809120018F7DF9CF809120013F
:102BA000877FF5CFCF93DF93282F30E0F901E85DE1
:102BB000FE4D8491F901EE51FF4DD491F901E45697
:102BC000FF4DC491CC23A1F081110E946B15EC2F15
:102BD000F0E0EE0FFF1FEE57FF4DA591B491EC9181
:102BE000ED2381E090E009F480E0DF91CF9108953A
:102BF00080E090E0FACFCF93DF93EC0188810E94D0
:102C0000D215892B39F481E08983EC81FD81DF9134
:102C1000CF9119941982EA81FB81F9CF1F93CF9349
:102C2000DF93282F30E0F901E85DFE4D8491F90132
:102C3000EE51FF4DD491F901E456FF4DC491CC23E0
:102C4000A9F0162F81110E946B15EC2FF0E0EE0F0A
:102C5000FF1FE859FF4DA591B4918FB7F894EC91FF
:102C6000111108C0D095DE23DC938FBFDF91CF9187
:102C70001F910895DE2BF8CFCF93DF9390E0FC01F6
:102C8000EE51FF4D249184569F4DFC018491882381
:102C9000C9F090E0880F991FFC01E25BFF4DA59100
:102CA000B491FC01E859FF4DC591D49161110DC05B
:102CB0009FB7F8948C91209582238C938881282348
:102CC00028839FBFDF91CF910895623051F49FB761
:102CD000F8943C91822F809583238C93E8812E2B4E
:102CE000EFCF8FB7F894EC912E2B2C938FBFEACFB8
:102CF0001F93CF93DF938093E90F1091A70F1123B8
:102D000009F43FC0C091B70FD0E0811102C0D0E0FC
:102D1000C0E061E0812F0E943C16209739F460E00A
:102D2000812FDF91CF911F910C940E16CF3FD105CB
:102D300011F461E0F5CFE12FF0E0E85DFE4DE491A4
:102D4000E150E23108F0B3C0F0E08827E555F94ED4
:102D50008F4F0C94E640BD16C516CA16D416DE1663
:102D60005717E816F016F81602170C17161725173E
:102D70002F175717391743174D1784B5806884BD2F
:102D8000C7BDDF91CF911F91089584B5806284BD46
:102D9000C8BDF7CF80918000806880938000D09379
:102DA0008900C0938800EDCF80918000806280937D
:102DB0008000D0938B00C0938A00E3CF8091800085
:102DC000886080938000D0938D00C0938C00D9CF11
:102DD0008091B00080688093B000C093B300D1CFE1
:102DE0008091B00080628093B000C093B400C9CFDE
:102DF00080919000806880939000D0939900C09358
:102E00009800BFCF80919000806280939000D09313
:102E10009B00C0939A00B5CF80919000886080930A
:102E20009000D0939D00C0939C00ABCF8091A000F8
:102E300080688093A0008091A0008F7B8093A00089
:102E4000D093A900C093A8009CCF8091A00080627D
:102E50008093A000D093AB00C093AA0092CF809142
:102E6000A00088608093A000D093AD00C093AC0018
:102E700088CF80912001806880932001D093290120
:102E8000C09328017ECF8091200180628093200131
:102E9000D0932B01C0932A0174CF809120018860C8
:102EA00080932001D0932D01C0932C016ACFC038AC
:102EB000D1050CF03ECF33CF90917B00977F90935C
:102EC0007B008653806480937C0080917A008064CC
:102ED00080937A0080917A0086FDFCCF8091780003
:102EE0009091790008953FB7F89480917D0B90916F
:102EF0007E0BA0917F0BB091800B26B5A89B05C0DF
:102F00002F3F19F00196A11DB11D3FBFBA2FA92F68
:102F1000982F8827BC01CD01620F711D811D911D65
:102F200042E0660F771F881F991F4A95D1F70895D1
:102F30008F929F92AF92BF92CF92DF92EF92FF92C9
:102F40004B015C010E9473176B017C010E94731797
:102F50006C197D098E099F09683E734081059105B2
:102F6000A8F321E0821A9108A108B10888EEC80EE2
:102F700083E0D81EE11CF11C81149104A104B1046A
:102F800029F7FF90EF90DF90CF90BF90AF909F9088
:102F90008F900895CF92DF92EF92FF920F931F933D
:102FA000CF93C091B60F1092B60F80EBC82ED12CE4
:102FB000D0929D0FC0929C0F9CEDE92EF12CF092C7
:102FC0009F0FE0929E0F10E000E02BED30E04FEA03
:102FD00050E070E060E090E080E00E948A13C370EF
:102FE000C093B60FC130B9F0C330A9F0D0929D0F95
:102FF000C0929C0FF0929F0FE0929E0F6AE070E0EB
:1030000080E090E0CF911F910F91FF90EF90DF90C3
:10301000CF900C9498178CED90E090939D0F809337
:103020009C0F80EB90E090939F0F80939E0FE6CFD4
:103030002FB7F8946091790B70917A0B80917B0B8C
:1030400090917C0B2FBF0895E1E02091CE0A309142
:10305000CF0A4091D00A5091D10A6091D20A709162
:10306000D30A8091D40A9091D50AA0E00E94984199
:1030700009F4E0E08E2F0895AF92BF92CF92DF92D5
:10308000EF92FF920F931F93CF93DF936C017B011D
:103090008B01040F151FEB015E01AE18BF08C017AE
:1030A000D10759F06991D601ED91FC910190F08121
:1030B000E02DC6011995892B79F7C501DF91CF91D4
:1030C0001F910F91FF90EF90DF90CF90BF90AF9046
:1030D0000895FC01538D448D252F30E0842F90E01E
:1030E000821B930B541710F0CF9608950197089503
:1030F000FC01918D828D981761F0A28DAE0FBF2FCC
:10310000B11D5D968C91928D9F5F9F73928F90E021
:1031100008958FEF9FEF0895FC01918D828D981790
:1031200031F0828DE80FF11D858D90E008958FEFCD
:103130009FEF0895FC01918D228D892F90E0805C96
:103140009F4F821B91098F739927089589E89BE00F
:103150000E949A1821E0892B09F420E0822F08951B
:1031600086E29CE00E949A1821E0892B09F420E075
:10317000822F0895FC01A48DA80FB92FB11DA35A69
:10318000BF4F2C91848D90E001968F739927848F87
:10319000A689B7892C93A089B1898C9183708064AA
:1031A0008C93938D848D981306C00288F389E02D4B
:1031B00080818F7D80830895EF92FF920F931F93FC
:1031C000CF93DF93EC0181E0888F9B8D8C8D9813DA
:1031D0001AC0E889F989808185FF15C09FB7F894E6
:1031E000EE89FF896083E889F98980818370806432
:1031F00080839FBF81E090E0DF91CF911F910F917D
:10320000FF90EF900895F62E0B8D10E00F5F1F4F8B
:103210000F731127E02E8C8D8E110CC00FB607FC9A
:10322000FACFE889F989808185FFF5CFCE010E9428
:10323000BA18F1CFEB8DEC0FFD2FF11DE35AFF4FC4
:10324000F0829FB7F8940B8FEA89FB8980818062B6
:10325000CFCFCF93DF93EC01888D8823B9F0AA8973
:10326000BB89E889F9898C9185FD03C0808186FD41
:103270000DC00FB607FCF7CF8C9185FFF2CF808190
:1032800085FFEDCFCE010E94BA18E9CFDF91CF9133
:10329000089580E090E0892B29F00E94B0188111F8
:1032A0000E94000080E090E0892B49F080E090E0EF
:1032B000892B29F00E94000081110E94000080E00B
:1032C00090E0892B49F080E090E0892B29F00E9462
:1032D000000081110E94000080E090E0892B29F01D
:1032E0000E94A61881110C940000089581E020919D
:1032F0003A0230913B02232B09F080E008950F93AE
:103300001F93CF93DF938C01C7E0DEE0CE0187509F
:103310009E408017910734F4699189E89BE00E94F0
:10332000DC18F4CFDF91CF911F910F9108950F9387
:103330001F930E9418180091060210910702209115
:10334000080230910902601B710B820B930B21E084
:10335000613177428105910508F420E0822F1F91A9
:103360000F9108954F3651056105710571F0423096
:1033700051056105710548F04F7D81E04D345105DF
:103380006105710519F080E0089581E00895FB0161
:103390009081892790E1899F90011124822790E0F4
:1033A000382F2227AC0163E0440F551F6A95E1F7DF
:1033B00024273527418150E02427352774E095954F
:1033C00087957A95E1F782279327918380830895E3
:1033D0000F931F93CF93DF931F921F92CDB7DEB74A
:1033E0008C01862FF801208131813A832983BE0127
:1033F0006F5F7F4F0E94C71989819A81F80191837D
:1034000080830F900F90DF91CF911F910F910895BE
:103410002F923F924F925F926F927F928F929F92E4
:10342000AF92BF92CF92DF92EF92FF920F931F93D2
:10343000CF93DF93CDB7DEB7A4970FB6F894DEBF76
:103440000FBECDBFFC019C01205C3F4F8C01D80119
:103450006D917D918D919D91AD010E94EE40D801BD
:103460006D937D938D939C9313978A014217530715
:1034700071F7DA018D909D90AD90BC908D829E8207
:10348000AF82B886DF01AC5BBF4F8D909D90AD9051
:10349000BC9013978D869E86AF86B88A14960D9140
:1034A0001D912D913C911397098B1A8B2B8B3C8B83
:1034B00014962D913D914D915C9113972F8F38A3C8
:1034C00049A35AA314968D909D90AD90BC901397EC
:1034D00089829A82AB82BC8214960D911D912D91A6
:1034E0003C9113970D8B1E8B2F8B388F14962D913B
:1034F0003D914D915C911397298F3A8F4B8F5C8F43
:1035000014968D909D90AD90BC9089869A86AB86DE
:10351000BC860CE712E01E8F0D8F312C212CD101BF
:1035200010E1211631040CF021C2AA0FBB1FAA0F13
:10353000BB1FAE0FBF1FCD90DD90ED90FC90AD8D09
:10354000BE8D0D911D912D913D91BE8FAD8F498105
:103550005A816B817C818AE1440F551F661F771F5A
:103560008A95D1F789809A80AB80BC8096E0B6942A
:10357000A794979487949A95D1F7482959296A294D
:103580007B2949805A806B807C80A5E1440C551CC6
:10359000661C771CAA95D1F789819A81AB81BC8181
:1035A000072E7BE0B695A795979587957A95D1F7E5
:1035B000702D84299529A629B729482759276A27D4
:1035C0007B2749805A806B807C8089E17694679460
:1035D000579447948A95D1F789819A81AB81BC81B0
:1035E000689416F8880F991FAA1FBB1F1694D1F76D
:1035F00084299529A629B7292A013B01482659265D
:103600006A267B2649815A816B817C814095509541
:1036100060957095898C9A8CAB8CBC8C4821592113
:103620006A217B2189819A81AB81BC818D889E88AA
:10363000AF88B88C88219921AA21BB21842795279E
:10364000A627B727B301A201480F591F6A1F7B1F86
:10365000400F511F621F731FC40ED51EE61EF71EBA
:1036600009851A852B853C850C0D1D1D2E1D3F1DC2
:103670008D809E80AF80B8848EE1880C991CAA1C36
:10368000BB1C8A95D1F74D805E806F80788492E074
:1036900076946794579447949A95D1F784289528FF
:1036A000A628B7284D815E816F817885A3E1440FFC
:1036B000551F661F771FAA95D1F78D819E81AF8117
:1036C000B885072E7DE0B695A795979587957A954D
:1036D000D1F7702D842B952BA62BB72B88269926F6
:1036E000AA26BB264D815E816F81788586E176951D
:1036F0006795579547958A95D1F78D819E81AF81C2
:10370000B885072E7AE0880F991FAA1FBB1F7A95EC
:10371000D1F7702D842B952BA62BB72BB501A401C7
:10372000482759276A277B278D849E84AF84B888D1
:1037300089899A89AB89BC8988269926AA26BB26BD
:103740008D819E81AF81B88588229922AA22BB22D1
:10375000CD84DE84EF84F88889899A89AB89BC8915
:10376000C822D922EA22FB22C824D924EA24FB2435
:10377000C40ED51EE61EF71E4F8C58A069A07AA075
:10378000400E511E621E731EC00ED11EE21EF31E9D
:103790009FEF291A390A89889A88AB88BC888F8E4E
:1037A00098A2A9A2BAA2098D1A8D2B8D3C8D0987EA
:1037B0001A872B873C8710E42116310409F0ADC02D
:1037C000DF01A05CBF4F0D911D912D913C9113978E
:1037D000C00ED11EE21EF31ECD92DD92ED92FC9240
:1037E000139714964D915D916D917C9113978D80F7
:1037F0009E80AF80B884480D591D6A1D7B1D4D9376
:103800005D936D937C93139714964D915D916D919B
:103810007C9113970D851E852F853889400F511F88
:10382000621F731F4D935D936D937C931397149652
:103830004D915D916D917C91139789889A88AB88A1
:10384000BC88480D591D6A1D7B1D4D935D936D937A
:103850007C93139714964D915D916D917C91139784
:10386000440E551E661E771E4D925D926D927C929F
:10387000139714964D915D916D917C9113970981E9
:103880001A812B813C81400F511F621F731F4D9382
:103890005D936D937C931397BF01685A7F4FDB0153
:1038A000CD90DD90ED90FC9013978D889E88AF8829
:1038B000B88CC80CD91CEA1CFB1CCD92DD92ED9291
:1038C000FC921397E45AFF4F80819181A281B381CA
:1038D000898C9A8CAB8CBC8C880D991DAA1DBB1D44
:1038E00080839183A283B383A4960FB6F894DEBF3E
:1038F0000FBECDBFDF91CF911F910F91FF90EF9041
:10390000DF90CF90BF90AF909F908F907F906F90FF
:103910005F904F903F902F9008952D893E894F8959
:10392000588D298F3A8F4B8F5C8F89819A81AB811B
:10393000BC818D8B9E8BAF8BB88F49825A826B82F4
:103940007C828D849E84AF84B888898A9A8AAB8A67
:10395000BC8A0D811E812F8138850D871E872F8798
:10396000388BCD82DE82EF82F886D9CD1297AF7088
:10397000BB27AA0FBB1FAA0FBB1FAE0FBF1F0D9106
:103980001D912D913C91D1011F97AF70BB27AA0FBC
:10399000BB1FAA0FBB1FAE0FBF1F4D915D916D9155
:1039A0007C91C1018F709927880F991F880F991FEB
:1039B000DF01A80FB91FBCA3ABA3D1011797AF704C
:1039C000BB27AA0FBB1FAA0FBB1FAE0FBF1FCD90F7
:1039D000DD90ED90FC90ABA1BCA18D909D90AD9041
:1039E000BC90C80CD91CEA1CFB1C480159019FE083
:1039F000880C991CAA1CBB1C9A95D1F7D901C80147
:103A0000072E71E1B695A795979587957A95D1F789
:103A1000702D882A992AAA2ABB2AD901C801072E03
:103A20007DE0880F991FAA1FBB1F7A95D1F7702DD3
:103A300028013901032E33E1769467945794479413
:103A40003A95D1F7302D84299529A629B7298825BB
:103A50009925AA25BB250F2EFAE0369527951795AF
:103A60000795FA95D1F7F02D80279127A227B32744
:103A7000C80ED91EEA1EFB1E8A019B0187E03695FF
:103A80002795179507958A95D1F7DB01CA01072E6F
:103A900079E1880F991FAA1FBB1F7A95D1F7702D66
:103AA000082B192B2A2B3B2BDB01CA01072E7EE0AA
:103AB000880F991FAA1FBB1F7A95D1F7702D2A0175
:103AC0003B01032E32E176946794579447943A95DC
:103AD000D1F7302D84299529A629B7298027912748
:103AE000A227B32723E076956795579547952A95A2
:103AF000D1F784279527A627B727C80ED91EEA1E17
:103B0000FB1EABA1BCA1CD92DD92ED92FC9213976E
:103B100016CD0F931F9310E000E028EC30E040EB4F
:103B200050E066E970E090E080E00E948A131F9107
:103B30000F9108950F931F9310E000E02DED30E0FA
:103B400040EB50E068EC70E090E080E00E948A1367
:103B50001F910F910895ECEAF4E0F093EB0FE093DE
:103B6000EA0FE491E093EC0FEDEAF4E084918093A6
:103B7000ED0FEEEAF4E0E491E093EE0FEFEAF4E00B
:103B8000E491E093EF0F982F9695969596959093E4
:103B9000F00F1092F10F877019F09F5F9093F00F64
:103BA0000895E8E0F2E0F093EB0FE093EA0FE49180
:103BB000E093EC0FE9E0F2E084918093ED0FEAE00E
:103BC000F2E0E491E093EE0FEBE0F2E0E491E093B9
:103BD000EF0F982F9695969596959093F00F1092DB
:103BE000F10F877019F09F5F9093F00F0895CF92B7
:103BF000DF92EF92FF92CF93DF93EC016A017B019A
:103C000088810E94D2159C0181E090E02115310548
:103C100011F090E080E09A8389838D819E81AF814D
:103C2000B885232BC9F4181619061A061B062CF0A2
:103C3000EB81FC81309709F0199588E290E0A0E0D3
:103C4000B0E08D839E83AF83B887DF91CF91FF90E3
:103C5000EF90DF90CF9008958C199D09AE09BF09B0
:103C6000B7FF03C080E090E0DC018D839E83AF83CB
:103C7000B8871A821982E9CF83E090E09093720BA3
:103C80008093710B089582E090E09093720B809383
:103C9000710B089581E090E09093720B8093710B0B
:103CA00008950F931F930E9418180091C605109154
:103CB000C7052091C8053091C905601B710B820BA7
:103CC000930B6D3D75408105910568F081E080930F
:103CD000760B0E9418186093C6057093C7058093F1
:103CE000C8059093C9051F910F9108950F931F93D5
:103CF0000E9418180091C2051091C3052091C405B7
:103D00003091C505601B710B820B930B6D3D7540A7
:103D10008105910568F081E08093770B0E94181867
:103D20006093C2057093C3058093C4059093C50545
:103D30001F910F91089581E08093700B089581E0A9
:103D40008093730B089581E08093740B0895109213
:103D5000750B089581E08093750B08958F929F9263
:103D6000AF92BF92EF92FF920F931F93CF93DF9387
:103D70008C014A015B017901FC011995C091830B0B
:103D8000D091840B82E190E02097D1F50E94B84158
:103D9000FC01108211821282138214821582168213
:103DA0001782138612861586148617861686118A40
:103DB000108A9093840B8093830B9093820B809353
:103DC000810B11861086E091830BF091840B15878F
:103DD0000487108211821282138284829582A682C5
:103DE000B782F386E28617861686DF91CF911F9100
:103DF0000F91FF90EF90BF90AF909F908F9008959C
:103E00000E94B841FC011082118212821382148236
:103E100015821682178213861286158614861786D7
:103E20001686118A108A998B888B888599850196C8
:103E300091878087F093840BE093830BC4CFEF923C
:103E4000FF920F931F93CF93DF930097A1F1EC01A3
:103E5000E090870BF090880B0885198584E090E04E
:103E6000E114F104D1F40E94B841FC0113821282E2
:103E70009093880B8093870B9093860B8093850B90
:103E800011830083EE85FF853097A9F0DF91CF91F4
:103E90001F910F91FF90EF9019940E94B841FC017F
:103EA00013821282F701938382839093880B80930D
:103EB000870BFC01E5CFDF91CF911F910F91FF9010
:103EC000EF9008958091810B9091820B009751F0B3
:103ED000FC01208931893093820B2093810B0E9451
:103EE0005442F0CF8091850B9091860B009751F052
:103EF000FC01228133813093860B2093850B0E9435
:103F00005442F0CF1092820B1092810B1092840BCE
:103F10001092830B1092880B1092870B0895CF920A
:103F2000DF92EF92FF920F931F93CF93DF93C09195
:103F3000850BD091860B209709F445C0E091810B49
:103F4000F091820B28813981808591852817390766
:103F500059F4808991899093820B8093810B0E9400
:103F600054420A80DB81C02D0091810B1091820B9D
:103F7000D8015096ED91FC912097E9F03097D9F057
:103F8000E088F18828813981808591852817390753
:103F900079F4D8015096EC9250975196FC92E088B3
:103FA000F188C7010E9454420A80DB81C02DF801CC
:103FB0008F01F701E1CF1092860B1092850B1092C2
:103FC000880B1092870BC091810BD091820B2097A8
:103FD00051F1CC80DD80EE80FF800E9418180881AE
:103FE00019812A813B81601B710B820B930B6C152D
:103FF0007D058E059F0598F00E94181868837983C7
:104000008A839B83EA85FB85309731F01995882355
:1040100019F0CE010E941F1FEC85FD8519950888B7
:10402000D989C02DD4CFDF91CF911F910F91FF90EF
:10403000EF90DF90CF900895CF93DF93EC018881CC
:104040009981009711F00E945442198218821D82B2
:104050001C821B821A82DF91CF910895FC0180811E
:104060009181009711F00C9454420895CF92DF9201
:10407000EF92FF920F931F93CF93DF93EC018B018D
:10408000FC01E05AFF4FC080D180E280F3809601AE
:104090002F73332783E0CC0CDD1CEE1CFF1C8A95AC
:1040A000D1F7C90101962C0F3D1F40E8F90140836B
:1040B0008933910578F040E450E0481B590B70E0DB
:1040C00060E08C0F9D1F0E94D443CE010E94081A0D
:1040D00090E080E04CE350E0481B590B70E060E05A
:1040E0008C0F9D1F0E94D443FCAEEDAEDEAECFAE72
:1040F000CE010E94081AFE01E05CFF4F2081318151
:1041000042815381CC5BDF4F8A819B81F8015083D0
:1041100041833283238394838583DF91CF911F91E1
:104120000F91FF90EF90DF90CF900895CF93DF93A2
:10413000EC01A881B981EB01E881F9811097F1F0D8
:104140003097B1F4EC018C819D81892BC9F08C9161
:1041500090E00BC0DB0114968D919C91892B81F02E
:10416000808190E0919581959109DF91CF9108959B
:10417000BF01CD01DF91CF910C94DB43309751F714
:1041800090E080E0F2CF0F931F93CF93DF93EC0189
:1041900088819981009759F02A813B81261737073A
:1041A00030F081E0DF91CF911F910F9108958B0145
:1041B0006F5F7F4F0E94DD42009759F0998388839B
:1041C0001B830A832C813D81232B59F7FC0110822C
:1041D000E8CF80E0E7CFEF92FF920F931F93CF934A
:1041E000DF93EC01FB01E080F180E114F10411F1B7
:1041F0000481158101151105A9F08C819D81080F9D
:10420000191FB801CE010E94C320882399F028818C
:1042100039818C819D81B701820F931F0E94E443F5
:104220001D830C83CE01DF91CF911F910F91FF90E1
:10423000EF900895CE010E941C20F4CFEF92FF92E0
:104240000F931F93CF93DF93EC017B018A01BA0197
:104250000E94C32081110BC0CE010E941C20CE0100
:10426000DF91CF911F910F91FF90EF9008951D83E3
:104270000C83B701888199810E94E443F0CFFB0150
:1042800001900020E9F73197AF01461B570B0C94C2
:104290001E210F931F93CF93DF93CDB7DEB76297A5
:1042A0000FB6F894DEBF0FBECDBF8C01CB01F80175
:1042B0001182108213821282158214824AE0BE019A
:1042C0006F5F7F4F0E945F3EBE016F5F7F4FC801EF
:1042D0000E943F2162960FB6F894DEBF0FBECDBF9D
:1042E000DF91CF911F910F910895CF93DF93EC0150
:1042F000FB018617970749F060817181611571058F
:1043000041F0448155810E941E21CE01DF91CF9161
:1043100008950E941C20F9CFFC01118210821382A3
:104320001282158214820C947521FC011182108274
:104330001382128215821482FB0101900020E9F79A
:104340003197AF01461B570B0C941E21AF92BF92C1
:10435000CF92DF92EF92FF920F931F93CF93DF9351
:104360006C015B017A0189012417350720F48F2D38
:104370007901042F182F60E075E0C6010E94952195
:10438000D5011496CD91DC91EC16FD06E0F40C17E6
:104390001D0708F4E801D501ED91FC911197EC0F90
:1043A000FD1F108110826D917C916E0D7F1DC601E5
:1043B00061157105A1F00E943F21F5018081918175
:1043C000C80FD91F1883C601DF91CF911F910F919C
:1043D000FF90EF90DF90CF90BF90AF9008950E9434
:1043E0001C20EBCF0F931F93CF93DF9300D000D00F
:1043F000CDB7DEB78C010E94D11D6CE174E00115D0
:10440000110539F068E274E00130110511F064E340
:1044100074E0CE0101960E94952125EE3FEAAE019F
:104420004F5F5F4F65E070E085E090E00E94CA1347
:10443000CE0101960E942E200E94AB1D26960FB63B
:10444000F894DEBF0FBECDBFDF91CF911F910F91CA
:1044500008950F931F93CF93DF93CDB7DEB72C97BB
:104460000FB6F894DEBF0FBECDBF8C0160E075E0E3
:10447000CE0107960E9495210130110589F1023085
:104480001105B9F165E075E0CE0107960E943F2164
:104490001092BB0A00E018EFBE01695F7F4FCE01AA
:1044A00001960E948C219801AE014F5F5F4F6CE234
:1044B00070E085E090E00E94CA13CE0101960E9450
:1044C0002E20CE0107960E942E202C960FB6F8942F
:1044D000DEBF0FBECDBFDF91CF911F910F91089529
:1044E00060E474E0CE0107960E943F2100EE17E0E1
:1044F000D3CF61E574E0CE0107960E943F210FE122
:1045000010E0CACF20913A0230913B0228173907B8
:1045100041F090933B0280933A020E94292281E06D
:10452000089580E00895EF92FF920F931F93CF9329
:10453000DF93CDB7DEB762970FB6F894DEBF0FBE3C
:10454000CDBF8C017B01FC01248135818091FC0F62
:104550009091FD0F2817390741F468EF7FE0C801FB
:104560000E949620892B09F472C0B80188EF9FE061
:104570000E947521F0920502E0920402B701CE017B
:1045800007960E94492162E674E0CE0101960E94DE
:104590009521BE01695F7F4FCE0101960E94EB20FD
:1045A000BC01CE010D960E948C2120E038EFAE01B7
:1045B000435F5F4F66E970E090E080E00E94CA13BD
:1045C000CE010D960E942E20CE0101960E942E2033
:1045D000CE0107960E942E200E94D11DF8018481F1
:1045E00095814C9708F440C02BE130E050E040E06A
:1045F000B801CE0101960E94A62120E038EFAE015D
:104600004F5F5F4F6AEA70E090E080E00E94CA135B
:10461000CE0101960E942E20F801248135814BE1C4
:1046200050E0B801CE0101960E94A62120E038EFAB
:10463000AE014F5F5F4F62EB70E090E080E00E9460
:10464000CA13CE0101960E942E200E94AB1D6296D5
:104650000FB6F894DEBF0FBECDBFDF91CF911F9193
:104660000F91FF90EF900895B801CE0101960E943E
:104670008C2120E038EFAE014F5F5F4F6AEA70E0B7
:10468000DCCF0F931F93CF93DF93CDB7DEB7629745
:104690000FB6F894DEBF0FBECDBF8C012091021083
:1046A00030910310FC01848195812817390741F46A
:1046B000B8018EEF9FE00E949620892B09F45CC020
:1046C000B8018EEF9FE00E9475210E949A1D0E9402
:1046D000D11DF80184819581489708F458C026E1DE
:1046E00030E050E040E0B801CE0107960E94A621DC
:1046F0006BE674E0CE0101960E949521BE01695FD0
:104700007F4FCE0101960E94EB20BC01CE010D9699
:104710000E948C2120EE3FEFAE01435F5F4F68ECBB
:1047200070E090E080E00E94CA13CE010D960E94D6
:104730002E20CE0101960E942E20CE0107960E94C7
:104740002E20F8012481358146E150E0B801CE01E8
:1047500001960E94A62120EE3FEFAE014F5F5F4F12
:1047600060ED70E090E080E00E94CA13CE010196F7
:104770000E942E200E94AB1D62960FB6F894DEBFF9
:104780000FBECDBFDF91CF911F910F9108956BE6C2
:1047900074E0CE0101960E949521B801CE010196E8
:1047A0000E94EB20BC01CE0107960E948C2120EED6
:1047B0003FEFAE01495F5F4F68EC70E090E080E052
:1047C0000E94CA13CE0107960E942E20CE010196A8
:1047D0000E942E20CFCF4F925F926F927F928F9246
:1047E0009F92AF92BF92CF92DF92EF92FF920F9380
:1047F0001F93CF93DF938C01EB0149015A01FC0118
:10480000E05AFF4F80819181A281B3816C017D01CB
:104810002FE3C222DD24EE24FF24880D991DAA1D5A
:10482000BB1D80839183A283B38381149104A1046F
:10483000B10479F180E490E0A0E0B0E08C199D092A
:10484000AE09BF092401350188159905AA05BB05E4
:1048500010F42C013D01C8018C0D9D1DA201BE016B
:104860000E94CB43C40CD51CE61CF71CC40DD51DFF
:1048700084189508A608B70880E4C816D104E10496
:10488000F10499F6C8010E94081AC12CD12C7601B6
:10489000CCCFDF91CF911F910F91FF90EF90DF90E0
:1048A000CF90BF90AF909F908F907F906F905F90D0
:1048B0004F900895AF92BF92DF92EF92FF920F93C5
:1048C0001F93CF93DF93EC018B01FB01D380828197
:1048D000645F7F4F8E3F09F459C0ED2CF12CFB0132
:1048E000EE0DFF1DDE2C91E09E1538F4970121504E
:1048F00031099291992309F463C08883D982F80120
:1049000084818A8385818B8386818C8387818D8353
:1049100080858E8381858F8381859285A385988705
:1049200081859285A385A987A701CE010A960E9459
:10493000CB43FAE0EF0EF11CCE0DDF1DF8018481B0
:1049400099E0F92E80FF3AC08DE0F80190819883BC
:1049500091819983A82EB12C882341F0B8016A5E19
:104960007E4FA501CE0102960E94CB43C5018F0D5B
:10497000911D03968D0D911DDF91CF911F910F9188
:10498000FF90EF90DF90BF90AF9008958883D98219
:1049900086818A8387818B8380858C8381858D83C3
:1049A000438150E0CE0106960E94CB43F8018381FB
:1049B00090E00696C80FD91F25E0F22E80E0C5CF03
:1049C000790190CF3F924F925F926F927F928F9238
:1049D0009F92AF92BF92CF92DF92EF92FF920F938E
:1049E0001F93CF93DF93CDB7DEB7C857D1090FB66A
:1049F000F894DEBF0FBECDBF6C013E2C8091DC056C
:104A0000582F527081FD1DC0E091DE05F091DF0549
:104A1000309731F080812DE0522E11E080FD02C0F0
:104A2000512C10E08DEFF60182833C96E00FF11DD2
:104A30008291811103C001500130D1F78AE0482EE4
:104A400009C08EEFD60112968C93022F512C96E05E
:104A5000492E10E0D60113960C93139717966C937A
:104A6000179718964C93189711114CC014961C92D6
:104A7000D60115961C9215978091D70516968C93A2
:104A800016978091D7058F5F8093D70512968C91EA
:104A90001297A6968FAFA69713968C911397A79609
:104AA0008FAFA79719968D919D91AC91F6013681A4
:104AB0002781552359F1A8963FAFA897A9962FAF04
:104AC000A997AA964FAFAA97AB968FAFAB97A42C96
:104AD000B12C8FEF9FEF9A838983CE018B599F4F23
:104AE0007C014C018A0C9B1C9FEFE91AF90A8E1479
:104AF0009F0439F1BE016F5F7F4FD7018C910E94F7
:104B0000C719F2CF81E0F6018483B2CF5481A89611
:104B10005FAFA8975581A9965FAFA997AA963FAFB7
:104B2000AA97AB962FAFAB97AC964FAFAC97AD961D
:104B30008FAFAD97AE969FAFAE97AF96AFAFAF9733
:104B4000C6CF89819A81E9969FAF8EAFE997F6012A
:104B50006380712C7601FCE0EF0EF11C470181E0CF
:104B6000681A7108BE0169587F4F9FEF6916790670
:104B700031F0D4018D914D010E94C719F0CF832DE2
:104B80000E94C719E8969FADE897E9968FADE9971F
:104B9000D6011396EC911397EE0DFF2DF11D908326
:104BA0001396EC911397EE0DFF2DF11D81839C93CD
:104BB00011968C931197112309F4F4C00091DE052E
:104BC0001091DF050115110509F4ECC0F801808191
:104BD00080FFE8C013967C9081814601FAEE8F1A1F
:104BE000FEEF9F0AD4018C93F8018281E0968FAF8B
:104BF000E0978381E1968FAFE1978481E2968FAF52
:104C0000E2978581E3968FAFE3978681E4968FAF35
:104C1000E4978781E5968FAFE5978085E6968FAF1D
:104C2000E6978185E7968FAFE79786E0FE01E15929
:104C3000FF4F119601900D928A95E1F7D8011296D7
:104C40002C91129713963C91139714964C911497AC
:104C500015965C91159716966C91169717967C9100
:104C6000179718968C91189719969C91A1E00E941D
:104C70007A41F801228333834483558366837783A3
:104C80008087918787E696EEA9E0BAE625968CAFF5
:104C90009DAFAEAFBFAF259785E89EEAA7E6BBEB19
:104CA00029968CAF9DAFAEAFBFAF299782E793EF48
:104CB000AEE6BCE32D968CAF9DAFAEAFBFAF2D97E8
:104CC0008AE395EFAFE4B5EA61968CAF9DAFAEAFE6
:104CD000BFAF61978FE792E5AEE0B1E565968CAF27
:104CE0009DAFAEAFBFAF65978CE898E6A5E0BBE996
:104CF00069968CAF9DAFAEAFBFAF69978BEA99ED68
:104D0000A3E8BFE16D968CAF9DAFAEAFBFAF6D971F
:104D100089E19DECA0EEBBE5A1968CAF9DAFAEAF57
:104D2000BFAFA197A5961CAE1DAE1EAE1FAEA59738
:104D3000B801665F7F4F20E230E040E050E0CE01F6
:104D400001960E94EB23242D30E050E040E0BE01AC
:104D50006B597F4FCE0101960E94EB23272D30E047
:104D600050E040E0B701CE0101960E94EB23B7016D
:104D7000670D711D22E030E040E050E0CE01019669
:104D80000E94EB2327E030E040E050E0B401CE0188
:104D900001960E94EB23B601635E7E4FCE01019621
:104DA0000E943620D60113968C918A0D9B2D911D61
:104DB0000296850D911DC858DF4F0FB6F894DEBFDF
:104DC0000FBECDBFDF91CF911F910F91FF90EF905C
:104DD000DF90CF90BF90AF909F908F907F906F901B
:104DE0005F904F903F9008958F929F92AF92BF92A5
:104DF000CF92DF92EF92FF920F93882309F46DC058
:104E000080E090E0A0E8BFE38093380F9093390FE3
:104E1000A0933A0FB0933B0FC0903C0FD0903D0F42
:104E2000E0903E0FF0903F0F8091370F4091350F8B
:104E30005091360F9091340F2091330FE0919A0FDB
:104E4000F0919B0F8090380F9090390FA0903A0FFF
:104E5000B0903B0F84869586A686B786C08AD18A95
:104E6000E28AF38A148A158A168A178A108E118E9E
:104E7000128E138E148E158E168E178E10A211A2FE
:104E800012A213A214A215A216A217A251A740A7FC
:104E900022A793A784A78CE490E0A0E08187928763
:104EA000A38788E9E82E01E221E241E062E0CF0138
:104EB0000E94E22460919A0F70919B0F8091980F4D
:104EC0009091990F0F91FF90EF90DF90CF90BF904E
:104ED000AF909F908F900C945A2480E090E0A0E0D7
:104EE000B0E492CF8F929F92AF92BF92CF92DF9217
:104EF000EF92FF920F931F93CF93DF93F62E142F11
:104F0000682F70E090E080E00E94993E4B015C01C8
:104F1000C3E3DFE08CA69DA6AEA6BFA66F2D70E012
:104F200090E080E00E94993E6B017C01C8AAD9AA5A
:104F3000EAAAFBAA612F70E090E080E00E94993E0F
:104F40006CAB7DAB8EAB9FAB2BA549A55AA538A505
:104F5000AFA1CAE9DFE0E881F98184869586A6865B
:104F6000B786C08AD18AE28AF38A648B758B868B76
:104F7000978B108E118E128E138E148E158E168EA8
:104F8000178E10A211A212A213A214A215A216A289
:104F900017A251A740A7A2A733A724A78CE490E0AB
:104FA000A0E081879287A38788E9E82E01E221E2C9
:104FB00041E062E0CF010E94E22468817981809122
:104FC000980F9091990FDF91CF911F910F91FF90C2
:104FD000EF90DF90CF90BF90AF909F908F900C9408
:104FE0005A24CF92DF92EF92FF920F93882309F415
:104FF00061C080E090E0A0E0B0E48093700F9093F7
:10500000710FA093720FB093730FC090700FD09078
:10501000710FE090720FF090730F80916F0F4091BD
:105020006D0F50916E0F90916C0F20916B0FE0916E
:105030009A0FF0919B0FC486D586E686F786108A74
:10504000118A128A138A148A158A168A178A108E70
:10505000118E128E138E148E158E168E178E10A230
:1050600011A212A213A214A215A216A217A251A74E
:1050700040A722A793A784A78CE490E0A0E08187B3
:105080009287A38788E9E82E01E221E241E062E00D
:10509000CF010E94E22460919A0F70919B0F809142
:1050A000980F9091990F0F91FF90EF90DF90CF9014
:1050B0000C945A2480E090E0A0E4B0E49ECF2F92BC
:1050C0003F924F925F926F927F928F929F92AF9298
:1050D000BF92CF92DF92EF92FF920F931F93CF93E5
:1050E000DF932091A40A3091A50A4091A60A50911D
:1050F000A70A6091A80A7091A90A8091AA0A9091C2
:10510000AB0AA0E00E949841A1F40E947317DC0151
:10511000CB016093A40A9093A50AA093A60AB0932A
:10512000A70A1092A80A1092A90A1092AA0A10922D
:10513000AB0A0E9473172B013C012091CE0A3091DB
:10514000CF0A4091D00A5091D10A6091D20A709151
:10515000D30A8091D40A9091D50AA090A40AB09065
:10516000A50AC090A60AD090A70AE090A80AF090DD
:10517000A90A0091AA0A1091AB0A0E948641120165
:1051800051016301E12CF12C00E010E00E9471411B
:1051900020938E0F30938F0F4093900F5093910F69
:1051A0006093920F7093930F8093940F9093950F49
:1051B000A091970FB091960F4090860F5090870F57
:1051C0006090880F7090890F80908A0F90908B0F5D
:1051D000D0918C0FC0918D0FE0919A0FF0919B0FA1
:1051E0004486558666867786808A918AD28BC38B61
:1051F000248B358B468B578B608F718F828F938F6B
:10520000B48FA58F8FE690E0A0E081879287A38777
:1052100082E2E82E02E120E141E062E0CF010E945B
:10522000E22460919A0F70919B0F8091980F90915A
:10523000990F0E945A24DF91CF911F910F91FF90F7
:10524000EF90DF90CF90BF90AF909F908F907F9026
:105250006F905F904F903F902F900C947F19CF925A
:10526000DF92EF920F931F93CF93DF93C0EDD5E0C2
:105270001C8522E02C8730917A0F5091780F709125
:10528000770F0091760F8AE9C82E8FE0D82ED601CD
:10529000ED91FC914091750F6091740F8091790FA1
:1052A00090E0B0E0A0E084879587A687B787008B61
:1052B000718B528B338B248B11861286138692E36B
:1052C000E92E09E029E0CF010E94E2241C87F601C3
:1052D000608171818091980F9091990F0E945A245A
:1052E000DF91CF911F910F91EF90DF90CF900C94B1
:1052F0007F192F923F924F925F926F927F928F927F
:105300009F92AF92BF92CF92DF92EF92FF920F9354
:105310001F93CF93DF93CDB7DEB7C858D1090FB62F
:10532000F894DEBF0FBECDBF89E89BE00E949A18BB
:10533000892B09F462C789E89BE00E9478188C01E8
:10534000EC968FAFEC971092D90A2091DC0A30913D
:10535000DD0A2131310508F03AC0F9018827EC5403
:10536000F64D8F4F0C94E640CC29CC29652A802A33
:10537000972A9F2AA92AB32ABD2ADD2AF52A0B2BB0
:10538000232BB12BB12B172C172C81E090E090939D
:10539000DD0A8093DC0AC8CF8091E50AEC962FAD38
:1053A000EC972D3F09F07FC022E030E03093DD0A1A
:1053B0002093DC0A10921B0600931A068E7F8093BE
:1053C000E50A8FEF9FEF909319068093180680915E
:1053D000D90A8130A9F42091E10A3091E20A909132
:1053E0001E069093DF0A2115310521F41092E40A7C
:1053F0001092E30A2F5F3F4F3093E20A2093E10AB5
:1054000090911B069093E70C2091DC0A3091DD0A05
:105410003093C00A2093BF0A9091DE0A9093C10A8C
:105420009091DF0A9F5F9093C20A2091E10A309128
:10543000E20A3093C50A2093C40A2091DB0A30E0C7
:105440003093C70A2093C60A9091E50A9093C80A40
:105450001092DB0A823041F420912C0730912D0705
:105460003093E50C2093E40C9EEF980F923008F0F7
:1054700037C481E08093DB0A1092D90AEC96FFAD25
:10548000EC97FD3F09F081CF82E090E09093DD0A38
:105490008093DC0A10921B068FEF9FEF9093190602
:1054A0008093180641CFEC963FADEC973E3F09F054
:1054B000A1C622E030E03093DD0A2093DC0A10928E
:1054C0001B0600931A0681607ACF00931B06109288
:1054D000DE0A602F88E196E00E94E8198091E50AD3
:1054E00080FF07C010921C0610921D0685E090E018
:1054F00002C083E090E09093DD0A8093DC0A67CFDE
:1055000000931C06C8018E7F9927892B41F080915A
:10551000DB0A8F5F8093DB0A81E090E0ECCF602FA5
:1055200088E196E00E94E81984E090E0E4CF0093DF
:105530001D06602F88E196E00E94E819D7CF0093FE
:105540001E06602F88E196E00E94E81986E090E050
:10555000D2CF00931F06602F88E196E00E94E819E1
:1055600087E090E0C8CF00932006602F88E196E0A6
:105570000E94E81988E090E0BECFEC96BFADEC97B2
:105580008B2F90E0A0E08093210690932206A093B9
:105590002306602F88E196E00E94E8198091E50AD1
:1055A00080FF08C080911B06882309F449C08BE066
:1055B00090E0A1CF89E090E09ECF8091210690916C
:1055C0002206A0912306EC96EFADEC979E2B8093DC
:1055D000210690932206A0932306602F88E196E08F
:1055E0000E94E8198AE090E086CF80912106909190
:1055F0002206A0912306EC96FFADEC97AF2B80938B
:10560000210690932206A0932306602F88E196E05E
:105610000E94E819C7CFE091DE0A81E08E0F8093E7
:10562000DE0AF0E0EC5DF94F0083602F88E196E040
:105630000E94E8199091DE0A80911B069813C7CE4C
:105640008CE090E058CF8091210690912206A091A5
:105650002306AC016A2F70E0FAE08F2E912CA12C6A
:10566000B12CC12CD12C76012AE0D701C601880DBE
:10567000991DAA1DBB1D0196A11DB11DB695A7952B
:1056800097958795289FF001299FF00D1124E458E4
:10569000FC4F40805180628073804415550566053B
:1056A000770568F54C015D0131E0831A9108A10886
:1056B000B108C814D904EA04FB04B8F28AE08C9D4E
:1056C000F0018D9DF00D1124E458FC4F80819181F3
:1056D000A281B381481759076A077B07C1F4648127
:1056E00088E196E00E94E8198091180690911906C9
:1056F000992708171906A1F48DE090E013C06C01FA
:105700007D014416550666067706C0F6D2CF8EE0B8
:1057100090E09093DD0A8093DC0A00932C0757CE2B
:105720008EE090E09093DD0A8093DC0A00932C07D2
:105730008091DE0A9AE09C9DF0019D9DF00D112460
:10574000E458FC4F4681841708F041CE50E090E0C9
:10575000481B590B70E060E08C5D994F0E94D44368
:1057600036CE2E30310581F080911906EE968FAF3E
:10577000EE97EF961FAEEF97EF96AEADBFADEF97FA
:1057800081E00A171B0609F082E08093D90A009392
:105790002D0780911C0680FF17C08091D90A8230A6
:1057A00051F480E190E09093DD0A8093DC0A8DE073
:1057B0008093E60A0CCE8FE090E09093DD0A809310
:1057C000DC0A1092D90AF3CFE091E70AF091E80AD7
:1057D000309749F002A4F3A5E02D3097A9F4809109
:1057E000D90A823001F581E090E09093DD0A809340
:1057F000DC0A83E291E0E8E1F6E0A4EEBCE001908F
:105800000D920197E1F7E3CD809121069091220658
:10581000A0912306AC016A2F70E089ED9AE01995FA
:105820008111E1CFDCCF83E08093D90ADCCF809176
:10583000E60AEDE0F0E0E81BF109E25DF84F0083D5
:1058400081508093E60A8111D5C48090E70A909038
:10585000E80A81E08114910409F4D2C12090E90A98
:105860003090EA0A17E6E12E16EEF12E09E01AE66C
:105870002596ECAEFDAE0EAF1FAF259705E81EEAEC
:1058800027E63BEB29960CAF1DAF2EAF3FAF299714
:1058900082E793EFAEE6BCE32D968CAF9DAFAEAF43
:1058A000BFAF2D971AE3E12E15EFF12E0FE415EAA5
:1058B0006196ECAEFDAE0EAF1FAF61970FE712E53C
:1058C0002EE031E565960CAF1DAF2EAF3FAF65976B
:1058D0008CE898E6A5E0BBE969968CAF9DAFAEAFCA
:1058E000BFAF69978BEA99EDA3E8BFE16D968CAFE6
:1058F0009DAFAEAFBFAF6D9789E19DECA0EEBBE56C
:10590000A1968CAF9DAFAEAFBFAFA197A5961CAED1
:105910001DAE1EAE1FAEA59720E230E040E050E085
:10592000B401665F7F4FCE0101960E94EB232AE00F
:1059300030E040E050E06AE176E0CE0101960E945E
:10594000EB2320911B0630E050E040E064E276E07B
:10595000CE0101960E94EB2322E030E040E050E0CF
:105960006CE277E0CE0101960E94EB2327E030E065
:1059700040E050E06EE277E0CE0101960E94EB231A
:10598000BE016B587F4FCE0101960E94362046E043
:1059900050E065E377E0CE018B589F4F0E94BE43F5
:1059A000892B21F082E090E0D4018FC050902E0727
:1059B000AE961FAEAE97AF961FAEAF97E0961FAEF6
:1059C000E097E1961FAEE197E2961FAEE297E3966D
:1059D0001FAEE397E4961FAEE497E5961FAEE597FA
:1059E00086E0EFE2F7E0DE01A359BF4F01900D9290
:1059F0008A95E1F72114310411F1F101808191813F
:105A0000E0911F0620912006D101712C612C861592
:105A10009705C1F013963C911397E3130BC01496AE
:105A20003C911497231306C012963C91129753167B
:105A300009F4F0C0FFEF6F1A7F0A1996E8CF83E0F0
:105A400090E0B2CF409718F084E090E0ADCFAE96F2
:105A50002FADAE97AF963FADAF97E0964FADE097C5
:105A6000E1965FADE197E2966FADE297E3967FAD89
:105A7000E397E4968FADE497E5969FADE5972058C0
:105A80003247444A5F4F6F4F7F4F8F4F9F4FD40134
:105A90001296AC9012971396BC9013971496CC90D4
:105AA00014971596DC9015971696EC901697179606
:105AB000FC90179718960C91189719961C911997A6
:105AC0000E948F41F0F485E090E09D969C938E9328
:105AD0009C97E091E70AF091E80A02A4F3A5E02D73
:105AE00080E0309709F48CC08091210690912206C5
:105AF000A0912306AC016A2F70E089ED9AE0199518
:105B00007FC089E0869DD001879DB00D1124A20D34
:105B1000B31D1396EC9313978091200614968C93E3
:105B2000149712965C92C3010196F10191838083D0
:105B300089E0869DD001879DB00D11241596A20D98
:105B4000B31D86E0EFE2F7E001900D928A95E1F750
:105B5000AE963FACAE97AF965FACAF97E0966FACAA
:105B6000E097E1967FACE197E2964FACE297E3963F
:105B70002FACE397E496FFADE497E596EFADE5979C
:105B8000D4011296AC9012971396BC90139714966A
:105B9000CC9014971596DC9015971696EC90169766
:105BA0001796FC90179718960C91189719961C91B8
:105BB0001997232D352DA301642D722D8F2F9E2F24
:105BC0000E948F41C1F0B8F012963C921297139642
:105BD0005C92139714966C92149715967C92159775
:105BE00016964C92169717962C9217971896FC9328
:105BF00018971996EC9381E090E0F40195A784A79B
:105C00002091DC0A3091DD0A2031310509F063C0B2
:105C100082E00ACEA6961FAEA697A7961FAEA797BC
:105C2000A8961FAEA897A9961FAEA997AA961FAED1
:105C3000AA97AB961FAEAB97AC961FAEAC97AD963E
:105C40001FAEAD9789E0869DF001879DF00D112470
:105C50003596E20DF31D86E0DE01AB59BF4F019092
:105C60000D928A95E1F7AE962FADAE97AF963FAD08
:105C7000AF97E0964FADE097E1965FADE197E29682
:105C80006FADE297E3967FADE397A696AFACA6978C
:105C9000A796BFACA797A896CFACA897A996DFAC5C
:105CA000A997AA96EFACAA97AB96FFACAB97AC9628
:105CB0000FADAC97AD961FADAD97E4968FADE49761
:105CC000E5969FADE5970E948F4111F008F030CF27
:105CD00086E090E069CE882309F4A5CD81E0A4CDCB
:105CE000882309F421CB8091ED0C9091EE0CA091CA
:105CF000EF0C8D369105A10509F4FBC18F36910596
:105D0000A10509F4D1C0892B8A2B09F00DCB909104
:105D1000EB0C8091D50C981307CB9091EC0C8091F3
:105D2000D60C981301CB0E9418186093060270934A
:105D3000070280930802909309028091F70C8093E8
:105D4000E30CC090F00CD090F10CE090F20CF090CD
:105D5000F30CC092D70C8091F50C8093D80CC092B4
:105D6000DA0CD092DB0CE092DC0CF092DD0CC60178
:105D70008370992701979093650B8093640B0E9421
:105D8000F2219701860142E03695279517950795F0
:105D90004A95D1F703701127C80101979093670BBB
:105DA0008093660B60E075E0CE018B599F4F0E9497
:105DB00095210230110509F4FCC10330110509F4E5
:105DC00002C20130110509F4EAC164E874E0CE01B1
:105DD0008B599F4F0E943F210FEF1FEFBE016B5960
:105DE0007F4FCE0101960E948C219801AE014F5F3A
:105DF0005F4F61E470E086E490E00E94CA13CE0138
:105E000001960E942E20CE018B599F4F0E942E207A
:105E1000D701C60124E0B695A795979587952A9551
:105E2000D1F783709927AA27BB270297A105B1054F
:105E300009F4D3C182E090E00E948222970186019A
:105E400086E036952795179507958A95D1F70370C3
:105E500011270150110980916E0B90916F0B08175B
:105E60001907A1F00130110509F0BAC160EB74E027
:105E7000CE0101960E94952168E070E0CE01019666
:105E80000E949322CE0101960E942E2010936F0B48
:105E900000936E0B8D2D8F779FEF980F943608F03F
:105EA00043CA8093BB0A40CA8091040290910502C4
:105EB000079711F40E94891D81E08093AC0AE0905D
:105EC000F00CEC96EFAEEC97F090F10CED96FFAE87
:105ED000ED970091F20CC158DF4F0883CF57D040A7
:105EE0001091F30CC058DF4F1883C058D040209158
:105EF000F40CCF57DF4F2883C158D0403091F50CB8
:105F0000CE57DF4F3883C258D0408091F60CCD5722
:105F1000DF4F8883C358D0409091F70CCC57DF4FA8
:105F20009883C458D040E092C30CF092C40C009304
:105F3000C50C1093C60C2093C70C3093C80C8093EB
:105F4000C90C9093CA0C4090F80C5090F90C6090DA
:105F5000FA0C7090FB0C8090FC0C9090FD0C309033
:105F6000FE0C2090FF0C4092CB0C5092CC0C609217
:105F7000CD0C7092CE0C8092CF0C9092D00C3092BF
:105F8000D10C2092D20C0E947317CB57DF4F68833D
:105F900079838A839B83C558D0402091CE0A309163
:105FA000CF0A4091D00A5091D10A6091D20A7091E3
:105FB000D30A8091D40A9091D50AA090A40AB090F7
:105FC000A50AC090A60AD090A70AE090A80AF0906F
:105FD000A90A0091AA0A1091AB0A0E9486415201B7
:105FE00063017401032D122D0E948641CB57DF4FB0
:105FF000E880F9800A811B81C558D04057016801AB
:10600000E12CF12C00E010E00E94714101E00E94BF
:106010005641EC96AFACEC97ED96BFACED97C158FE
:10602000DF4FC880CF57D040C058DF4FD880C0580E
:10603000D040CF57DF4FE880C158D040CE57DF4F18
:10604000F880C258D040CD57DF4F0881C358D040A8
:10605000CC57DF4F1881C458D0400E9471411901BC
:106060002A013B014C012093CE0A3092CF0A409383
:10607000D00A5092D10A6093D20A7092D30A8093C8
:10608000D40A9092D50A0E9473178B019C016093E9
:10609000A40A1093A50A8093A60A3093A70A109227
:1060A000A80A1092A90A1092AA0A1092AB0A0E949A
:1060B0009A1D5AE0A52EB12CC12CD12CE12CF12C2B
:1060C00000E010E09101A201B301C4010E94F74079
:1060D0002093020030930300409304005093050086
:1060E0006093060070930700809308009093090066
:1060F0001BC900910402109105020530110511F42D
:106100000E94891D81E080934F0B8091F40C809355
:10611000B20A8091F50C8093B30A8091F60C8093BB
:10612000B40A8B3048F561E774E0CE0101960E9415
:10613000952166E070E0CE0101960E949322CE0187
:1061400001960E942E201091B30A1123D9F081E00C
:106150008093B10A8091B20A86958859990B9093E1
:10616000B00A8093AF0A812F86958859990B909336
:10617000AE0A8093AD0AD8C80630110521F70E94F7
:10618000891DE1CF1092B10A90E080E00E94822246
:10619000882301F390E080E00E942922DBCF6FE8A2
:1061A00074E0CE018B599F4F0E943F2100EE17E013
:1061B00015CE6AE974E0CE018B599F4F0E943F21B2
:1061C00000EE1FEF0BCE65EA74E0CE018B599F4FB6
:1061D0000E943F2100E018EF01CE81E090E02CCE3C
:1061E0008091040290910502089709F04FCE0E9419
:1061F000891D4CCE8091D90A03C9C857DF4F0FB60D
:10620000F894DEBF0FBECDBFDF91CF911F910F91EC
:10621000FF90EF90DF90CF90BF90AF909F908F90C6
:106220007F906F905F904F903F902F9008952F92A6
:106230003F924F925F926F927F928F929F92AF9216
:10624000BF92CF92DF92EF92FF920F931F93CF9363
:10625000DF93CDB7DEB76C970FB6F894DEBF0FBEF5
:10626000CDBF0E94D11D8091020290910302209126
:10627000B10A222309F436C220913A0230913B023E
:10628000232B09F4F8C1029751F16EEB74E0CE01B3
:1062900001960E94952120EE37E0AE014F5F5F4FDF
:1062A00063E770E085E090E00E94CA13CE0101969A
:1062B0000E942E2060ED74E0CE0101960E9495218F
:1062C00020EE37E0AE014F5F5F4F6BE770E085E097
:1062D00090E00E94CA13CE0101960E942E2082E017
:1062E00090E0909303028093020283E090E0909309
:1062F000CB058093CA050E94AB1DC090AF0AD09019
:10630000B00A8091CA059091CB050397E1F4809182
:10631000AD0A9091AE0A88389F4F5CF488E8C816A1
:106320008FEFD80634F482E090E09093CB05809311
:10633000CA058091AC0A811106C084E090E0909378
:10634000CB058093CA05E090CA05F090CB058091FB
:10635000000290910102E816F906B9F010E000E0A1
:1063600025E0E216F10438F4F701EE0FFF1FEE58B6
:10637000FD4F008111812DE230E04AEA50E069E1F1
:1063800070E086E990E00E948A13F0920102E092A8
:1063900000028091CE059091CF058C159D0509F4E2
:1063A00057C0B601CE0146960E944921E090AF0A3F
:1063B000F090B00A8DE9E8168FEFF80654F168EF17
:1063C00074E0CE0101960E949521B701CE0140965E
:1063D0000E944921BE01605F7F4FCE010A960E9454
:1063E0008C21BE016F5F7F4FCE010A960E94EB2089
:1063F000BC01CE0146960E947521CE010A960E94EC
:106400002E20CE0140960E942E20CE0101960E94A1
:106410002E208091B10A882309F49AC1BE016A5ED8
:106420007F4FCE0101960E948C212FEF3FEFAE01EE
:106430004F5F5F4F6AE570E087E390E00E94CA1308
:10644000CE0101960E942E20CE0146960E942E205B
:106450002091BB0A2C8FA22EB12C8091CC0590915B
:10646000CD05A816B90609F4DEC090EE892E97E096
:10647000992E293248F4812C88EF982E2F3120F064
:1064800020EE822E99249A94C090D70AD12C3601FE
:106490008AE0680E711CE090D80AF12CB5010B2C33
:1064A000000C880B990B0E949B3E20E030E048ECEA
:1064B00052E40E9425409B01AC0160E070E080E85E
:1064C0009FE30E94B83F20E030E040E252E40E94A7
:1064D000FA3E1B012C01B7010F2C000C880B990B05
:1064E0000E949B3E9B01AC01C201B1010E94B93FD9
:1064F0000E949E401B0110E000E09301AB01B60139
:10650000C7010E948A13A701485D5F4F8401930170
:10651000B601C1010E948A138C8D8150833170F4C1
:1065200062E175E0CE0101960E949521CE010196AF
:106530000E944123CE0101960E942E200E94D11D6F
:106540001F8A1E8A198E188E1B8E1A8E4AE0BE0173
:106550006F5F7F4FC5010E946A3EBE016F5F7F4F34
:10656000CE0146960E943F218091BB0A9FEF980F73
:10657000993008F0F4C060E475E0CE010A960E94FC
:106580009521BE01665F7F4FCE0101960E948C214E
:10659000BE016A5E7F4FCE0101960E94EB20BC01D6
:1065A000CE0146960E947521CE0101960E942E20B2
:1065B000CE010A960E942E2065E475E0CE010A966F
:1065C0000E949521BE016A5E7F4FCE0140960E94D7
:1065D0008C21BE01665F7F4FCE0140960E94EB206A
:1065E000BC01CE0101960E948C216091D70A70E017
:1065F0008091D80A90E02FEF3FEFAE014F5F5F4FE1
:10660000C2960E94CA13CE0101960E942E20CE018E
:1066100040960E942E20CE010A960E942E20CE0186
:1066200046960E942E208091AF0A9091B00A9093D6
:10663000CF058093CE058091BB0A90E09093CD0565
:106640008093CC056C960FB6F894DEBF0FBECDBF1D
:10665000DF91CF911F910F91FF90EF90DF90CF903E
:10666000BF90AF909F908F907F906F905F904F9072
:106670003F902F900895019751F16CED74E0CE0199
:1066800001960E9495212FEF37E0AE014F5F5F4FDB
:1066900063E770E085E090E00E94CA13CE010196A6
:1066A0000E942E206FEE74E0CE0101960E9495218B
:1066B00020EE37E0AE014F5F5F4F6BE770E085E0A3
:1066C00090E00E94CA13CE0101960E942E2081E024
:1066D00090E09093CB058093CA059093030280933A
:1066E000020209CE892B09F406CE61E075E0CE01E5
:1066F00001960E94952120E23DEFAE014F5F5F4F72
:1067000063E770E085E090E00E94CA13CE01019635
:106710000E942E206FEE74E0CE0101960E9495211A
:1067200020EE37E0AE014F5F5F4F6BE770E085E032
:1067300090E00E94CA13CE0101960E942E20109272
:106740000302109202021092CB051092CA05D3CD1B
:106750006AEF74E0CE0101960E94952166CE811108
:106760002BCF62E475E0CE0146960E943F2124CFF4
:106770001F920F920FB60F9211242F933F938F9376
:106780009F93AF93BF938091790B90917A0BA091D7
:106790007B0BB0917C0B3091780B23E0230F2D37CE
:1067A00058F50196A11DB11D2093780B8093790BAC
:1067B00090937A0BA0937B0BB0937C0B80917D0B15
:1067C00090917E0BA0917F0BB091800B0196A11D43
:1067D000B11D80937D0B90937E0BA0937F0BB093A4
:1067E000800BBF91AF919F918F913F912F910F900F
:1067F0000FBE0F901F90189526E8230F0296A11D3B
:10680000B11DD2CF1F920F920FB60F9211240BB66B
:106810000F922F933F934F935F936F937F938F9339
:106820009F93AF93BF93EF93FF9389E89BE00E9400
:10683000BA18FF91EF91BF91AF919F918F917F9186
:106840006F915F914F913F912F910F900BBE0F90E1
:106850000FBE0F901F9018951F920F920FB60F92B8
:1068600011240BB60F922F938F939F93EF93FF9367
:10687000E091990BF0919A0B8081E0919F0BF09140
:10688000A00B82FD1DC090818091A20B8F5F8F7342
:106890002091A30B821741F0E091A20BF0E0E757A3
:1068A000F44F958F8093A20BFF91EF919F918F9161
:1068B0002F910F900BBE0F900FBE0F901F90189549
:1068C0008081F2CF1F920F920FB60F9211240BB658
:1068D0000F922F933F934F935F936F937F938F9379
:1068E0009F93AF93BF93EF93FF9386E29CE00E9448
:1068F000BA18FF91EF91BF91AF919F918F917F91C6
:106900006F915F914F913F912F910F900BBE0F9020
:106910000FBE0F901F9018951F920F920FB60F92F7
:1069200011240BB60F922F938F939F93EF93FF93A6
:10693000E091360CF091370C8081E0913C0CF091A5
:106940003D0C82FD1DC0908180913F0C8F5F8F7345
:106950002091400C821741F0E0913F0CF0E0EA5D9D
:10696000F34F958F80933F0CFF91EF919F918F9103
:106970002F910F900BBE0F900FBE0F901F90189588
:106980008081F2CFE9E8FBE01382128248EE53E007
:1069900060E070E044835583668377838EE094E003
:1069A0009183808325E331E03587248724E331E038
:1069B0003787268720E331E0318B208B21E331E0DC
:1069C000338B228B22E331E0358B248B26E331E0BD
:1069D000378B268B118E128E138E148EE6E2FCE01E
:1069E00013821282448355836683778391838083E5
:1069F00085EC90E09587848784EC90E09787868784
:106A000080EC90E0918B808B81EC90E0938B828B7B
:106A100082EC90E0958B848B86EC90E0978B868B54
:106A2000118E128E138E148EE5EDFCE081E08083D2
:106A30009FEB918322E1228328E023838483E3EC8C
:106A4000FCE032E0308B818BE3E3FFE080839183D5
:106A500040E951E0538342831482118612861386E3
:106A600014868587968740EB50E0508B4787118AC4
:106A700040E050E060E87FE3428B538B648B758B82
:106A8000468B578B608F718F868F978F4CE95CE7B1
:106A900051A340A312A287A390A74DE95CE752A798
:106AA00041A713A680AF91AF40EA5CE753AF42AF76
:106AB00014AE3093740F8093750F36E03093760FD9
:106AC0002093770F1092780F1092790F10927A0F0F
:106AD00080937B0F2FEF3FE73093810F2093800F40
:106AE0003093830F2093820F1092850F1092840FA2
:106AF000E6E8FFE01082118212821382148215826E
:106B0000168217828093960F9093970F87E09EE0EE
:106B10009093990F8093980F84EE9CE090939B0F35
:106B200080939A0F60E075E08EEF9FE00E949521C0
:106B300060E075E088EF9FE00E94952180E3E2E449
:106B4000F2E0A8EBBFE001900D928A95E1F7ECE945
:106B5000FFE08AE3868389E387838BE3808788E38A
:106B600081878DE382878FE3838788EC838F109200
:106B7000E80F1092F20F1092F30F1092F40F109290
:106B8000F50F1092F70F1092F60F0895CF93DF9341
:106B9000CDB7DEB72E970FB6F894DEBF0FBECDBFD0
:106BA000789484B5826084BD84B5816084BD85B5E8
:106BB000826085BD85B5816085BD80916E008160F4
:106BC00080936E001092810080918100826080939A
:106BD000810080918100816080938100809180009C
:106BE0008160809380008091B10084608093B100C7
:106BF0008091B00081608093B000809191008260AC
:106C000080939100809191008160809391008091A8
:106C100090008160809390008091A10082608093B9
:106C2000A1008091A10081608093A1008091A000CB
:106C300081608093A0008091210182608093210176
:106C400080912101816080932101809120018160E8
:106C50008093200180917A00846080937A008091F3
:106C60007A00826080937A0080917A0081608093BC
:106C70007A0080917A00806880937A001092C10037
:106C800062E082E00E943C1662E083E00E943C16D3
:106C900062E084E00E943C1662E085E00E943C16BF
:106CA00062E086E00E943C1662E087E00E943C16AB
:106CB00062E088E00E943C1660E086E30E943C1699
:106CC00060E087E30E943C1686E29CE00E94EC10A4
:106CD0008091A20F181644F461E00E943C1660E017
:106CE0008091A20F0E940E168091A70F181634F4FF
:106CF00061E00E943C1680E00E94781661E080917D
:106D0000A30F0E943C1660E08091A30F0E940E1614
:106D100061E08091A40F0E943C1661E08091A40F75
:106D20000E940E168091A40F082E000C990BFC01F6
:106D3000E456FF4DE491F0E0EE0FFF1FE859FF4DE0
:106D4000259134913093B10F2093B00FFC01EE5197
:106D5000FF4DE491E093B40F8091A30F082E000C37
:106D6000990BFC01E456FF4DE491F0E0EE0FFF1F9C
:106D7000E859FF4D259134913093AD0F2093AC0F1E
:106D8000FC01EE51FF4DE491E093B50F8091A60F09
:106D900087FD57C261E08091A50F0E943C1660E01C
:106DA0008091A50F0E940E1661E08091A60F0E94AF
:106DB0003C1661E08091A60F0E940E168091A60FEE
:106DC000082E000C990BFC01E456FF4DE491F0E015
:106DD000EE0FFF1FE859FF4DA591B491B093AB0F93
:106DE000A093AA0F8E519F4DFC0184918093B30F05
:106DF0002091A50F022E000C330BF901E456FF4D34
:106E0000E491F0E0EE0FFF1FE859FF4D45915491DA
:106E10005093A90F4093A80FF901EE51FF4DE49153
:106E2000E093B20FEC9180958E238C93E091A80FA4
:106E3000F091A90F90818091B20F80958923808372
:106E40008091A60F87FF33C01FB7F8948091D60AB0
:106E5000811127C0E1EDF0E28491E7E1F1E2949144
:106E6000E82FF0E0EE0FFF1FE25BFF4DA591B4911C
:106E7000EC91E92321F461E085E30E940E1661E0C4
:106E800085E30E943C168CB580618CBD8CB5806416
:106E90008CBD61E084E30E943C1661E083E30E94C4
:106EA0003C168091D60A8F5F8093D60A1FBF8091CF
:106EB000A20F1816FCF461E00E940E1661E070E06B
:106EC00080E090E00E94981760E08091A20F0E94FD
:106ED0000E166AE070E080E090E00E94981761E092
:106EE0008091A20F0E940E1662E370E080E090E0B5
:106EF0000E9498170E94EF1170E060E080E190E03E
:106F00000E94E51170E060E081E190E00E94E511EF
:106F100070E060E082E190E00E94E51170E060E0E6
:106F200083E190E00E94E51170E060E084E190E090
:106F30000E94E5110E94131168E270E080E090E089
:106F40000E9498170E94EF1168E170E081E190E0E3
:106F50000E94E51161E271E682E190E00E94E51194
:106F60006FE670E083E190E00E94E5116FE579E45F
:106F700084E190E00E94E51160E078E080E190E03B
:106F80000E94E5110E9413116AE070E080E090E039
:106F90000E9498170E94EF116BE370E181E190E08D
:106FA0000E94E5110E94131162E370E080E090E01E
:106FB0000E9498170E94EF116CE171E081E090E06F
:106FC0000E94E51160E071E082E090E00E94E5112E
:106FD00068E370E183E090E00E94E51170E060E01A
:106FE00087E090E00E94E51168E078E088E090E0BA
:106FF0000E94E51160E071E18BE090E00E94E511F4
:1070000070E060E08CE090E00E94E51161E07DE0DE
:107010008FE090E00E94E51160E270E085E190E091
:107020000E94E51170E060E080E290E00E94E511CE
:1070300070E060E081E290E00E94E51170E060E0C5
:1070400080E390E00E94E5116BED70E081E390E059
:107050000E94E51170E060E082E390E00E94E5119B
:1070600070E060E083E390E00E94E5116BED70E07A
:1070700084E390E00E94E51170E060E085E390E039
:107080000E94E5116FEA70E086E390E00E94E5114E
:1070900070E060E087E390E00E94E5116BED70E046
:1070A00088E390E00E94E51170E060E089E390E001
:1070B0000E94E51170E060E080E590E00E94E5113B
:1070C00068E078E081E590E00E94E5116AE078E010
:1070D00082E590E00E94E5116AE070E083E590E0CF
:1070E0000E94E51168E07AE084E590E00E94E511F5
:1070F00068E078E085E590E00E94E51170E060E0EE
:1071000086E590E00E94E51160E07AE087E590E096
:107110000E94E51160E177E088E590E00E94E511CA
:1071200060E177E089E590E00E94E51162E170E0BE
:1071300087E090E00E94E5110E94131162E370E085
:1071400080E090E00E9498170E94EF1167E170E1E3
:1071500087E090E00E94E5110E94131181E00E94F7
:1071600078161092B60F80EB90E090939D0F80936D
:107170009C0F8CED90E090939F0F80939E0F109248
:10718000A10F1092A00F0E94CA170E94CA170E9456
:10719000AB1D80919C0F90919D0F813B910510F04C
:1071A00080EB90E06C01F1E0CF1AD10880919E0F46
:1071B00090919F0F8E3D910510F08DED90E04C0168
:1071C00001E0801A910806E010E09401A60170E049
:1071D00060E090E080E00E94A3120E94EF11512C29
:1071E000412C312C712C612C86149704BCF110E0D9
:1071F00000E0C80187709927330C892B59F4F801F6
:1072000053E0F595E7955A95E1F7E40DF51DE05B40
:10721000F24F3490C016D10644F08FEF9FEF37FC49
:1072200002C08FE190E00E9434110F5F1F4F003BBE
:107230001105F9F61FEF611A710A26E1420E511C81
:10724000D3CF1092AB0F1092AA0F1092B30F1092DF
:10725000A90F1092A80F1092B20FF2CD0E94131135
:1072600010E000E02DED30E040EB50E070E060E039
:1072700090E080E00E948A1390E080E00E94F2217A
:107280001092A10F1092A00F67E475E0CE01019655
:107290000E9495212FEF3FEFAE014F5F5F4F69E1F5
:1072A00070E085E090E00E94CA13CE0101960E9432
:1072B0002E2063E575E0CE0101960E9495212FEF07
:1072C0003FEFAE014F5F5F4F61E470E085E090E01B
:1072D0000E94CA13CE0101960E942E206AE575E035
:1072E000CE0101960E9495212FEF3FEFAE014F5F37
:1072F0005F4F6AE570E085E090E00E94CA13CE011E
:1073000001960E942E2089E68093D80A87E0809318
:10731000D70A0E94EF1122E130E048E650E066E033
:1073200070E088E690E00E94E21426E030E042E956
:1073300050E066E070E088E690E00E94E21422E10E
:1073400030E042E950E062E170E088E690E00E94BF
:10735000E21422E130E042E950E066E070E082E9C8
:1073600090E00E94E2140E9413110E94EF1123E1A9
:1073700030E047E650E065E070E087E690E00E948C
:10738000E21425E030E043E950E065E070E087E694
:1073900090E00E94E21423E130E043E950E063E131
:1073A00070E087E690E00E94E21423E130E043E9D8
:1073B00050E065E070E083E990E00E94E2140E94F2
:1073C00013110FEF1FEF2EE030E047E650E069E0C9
:1073D00070E084E690E00E948A1389E89BE00E94B6
:1073E000EC1081E29BE02EE2FC0111922A95E9F774
:1073F00021E02093210B20E2EAEEF3E0ABE2BBE0D8
:1074000001900D922A95E1F722EB39E130934C0B74
:1074100020934B0B9093E80A8093E70A0E942F2950
:107420000E942F290E942F294CE4642E712C812C5C
:10743000992493940E949719882309F4AEC00E945E
:1074400073176093500B7093510B8093520B909372
:10745000530B0E94621F30E020E048EE53E060E0F2
:1074600070E08FE299E20E94AE1E30E020E040ED35
:1074700057E060E070E087E191E30E94AE1E90E08B
:1074800080E00E9482220E949719882361F10E9465
:1074900079290E948F1F80914F0B8111F4CF0E9498
:1074A00073170091500B1091510B2091520B30919A
:1074B000530B601B710B820B930B69387341810571
:1074C000910508F360E675E0CE0101960E949521D2
:1074D00065E070E0CE0101960E949322CE010196F4
:1074E0000E942E20D0CF0E945F2824E238E148EE8F
:1074F00053E060E070E08FE598E20E94AE1E0E94CB
:1075000018187B018C0120E030E0A9016F83F88618
:1075100089871A872B873C874D875E876CE775E0E4
:10752000CE0101960E949521CE0101960E94412331
:10753000CE0101960E942E200E9479290E9497195F
:10754000882309F445C00E949A1D90E080E00E94C3
:10755000822210926D0B10926C0B0E94621F30E021
:1075600020E048EE53E060E070E08FE299E20E9494
:10757000AE1E30E020E040ED57E060E070E087E1D3
:1075800091E30E94AE1E26E739E140E157E260E058
:1075900070E08FE598E20E94AE1E80913A029091D1
:1075A0003B02892B09F480C30E9418186093600B7A
:1075B0007093610B8093620B9093630B0E949719F9
:1075C000882309F44DC090E080E00E948222E5CF3C
:1075D0000E948F1F0E94241881111DC00E9418183C
:1075E0009B01AC0160E070E080E090E0AF80B88487
:1075F000C984DA84EB84FC840D851E850E94864153
:107600002F3037424105510561057105810591050E
:1076100009F008F491CF0E942418811110C068E885
:1076200075E0CE0101960E94952167E070E0CE01E1
:1076300001960E949322CE0101960E942E208091F5
:10764000810B9091820B009741F0FC0120853185E0
:10765000232B19F080899189F6CF0E941F1F79CFC3
:10766000A0903A02B0903B02F1E0AF16B10409F0ED
:10767000EDC00AE010E0212C312C210172016101E2
:1076800086E30E945C17BC01990F880B990B0E943E
:107690009B3E9B01AC01C701B6010E94B93F6B0143
:1076A0007C0187E30E945C17BC01990F880B990B42
:1076B0000E949B3E9B01AC01C201B1010E94B93FF7
:1076C0001B012C0101501109D9F620E030E040E205
:1076D00051E4C701B6010E9425406B017C0120E006
:1076E00030E040E251E4C201B1010E9425401B019B
:1076F0002C0120E030E040EF53E4C701B6010E94C6
:10770000943E20E030E040EF53E487FD0FC020E0DE
:1077100030E048E054E4C701B6010E94CD4018169D
:107720000CF04BC220E030E048E054E4C701B60161
:107730000E94B83F20E030E040E251EC0E94FA3E67
:107740006F83788789879A8720E030E040EF53E4A1
:10775000C201B1010E94943E20E030E040EF53E4CA
:1077600087FD0FC020E030E048E054E4C201B101E1
:107770000E94CD4018160CF024C220E030E048E012
:1077800054E4C201B1010E94B83F20E030E040E281
:1077900051E40E94FA3E0E9497401B016F81788558
:1077A00089859A850E94974070937D0F60937C0F26
:1077B00030927F0F20927E0F1092850F1092840FCF
:1077C0004091820F5091830F2091800F3091810F53
:1077D000A0917B0FE0919A0FF0919B0F75876487C2
:1077E00037862686318B208B538B428B158A148AE1
:1077F000A68B178A118E108E138E128E158E148EF4
:10780000178E168E11A210A213A212A215A214A2F4
:1078100017A216A205E4E02EF12C00E0E186F28624
:10782000038730E6E32E0CE12BE041E062E0CF017C
:107830000E94E22460919A0F70919B0F8091980FA3
:107840009091990F0E945A240E947F198091770B82
:10785000882309F4BAC102E0A016B10409F0B5C149
:1078600067EA75E0CE0101960E949521CE0101964E
:107870000E944123CE0101960E942E2081E00E94A9
:10788000F4260E947F191092770B1092760B80914C
:10789000740B882399F080916D0B90916C0B911172
:1078A000D1C190926C0B41E060E0811161E081E018
:1078B0000E9472270E947F191092740B8091730BA3
:1078C000882391F080916D0B90916C0B9111CAC13E
:1078D0008111C2C190926D0B40E061E00E9472275D
:1078E0000E947F191092730B0091710B1091720B13
:1078F0008091660B9091670B01960817190709F4A0
:1079000083C00E941818C090680BD090690BE0905B
:107910006A0BF0906B0B6C197D098E099F096D3D08
:1079200075408105910508F46FC00E941818609396
:10793000680B7093690B80936A0B90936B0BB80183
:10794000110F880B990B0E949B3E60934D0F709313
:107950004E0F80934F0F9093500FC090490FD090CF
:107960004A0FE0904B0FF0904C0F2090450F309055
:10797000460F4090470F5090480F2091440F409180
:10798000420F5091430F3091410FA091400FE09171
:107990009A0FF0919B0F2486358646865786C08ABB
:1079A000D18AE28AF38A648B758B868B978B108ED3
:1079B000118E128E138E148E158E168E178E10A2A7
:1079C00011A212A213A214A215A216A217A251A7C5
:1079D00040A7A2A733A724A761867286838698E969
:1079E000E92E01E221E241E062E0CF010E94E224BF
:1079F00060919A0F70919B0F8091980F9091990FC1
:107A00000E945A240E947F198091700B882309F4E8
:107A100069C08091640B9091650B019663E070E002
:107A20000E94D240BC016F5F7F4F072E000C880B75
:107A3000990B0E949B3E6093560F7093570F809353
:107A4000580F9093590FC090450FD090460FE0907B
:107A5000470FF090480F8091440F4091420F509192
:107A6000430F9091410F2091400FE0919A0FF091B8
:107A70009B0FC486D586E686F786108A118A128AFD
:107A8000138A148A158A168A178A108E118E128EFE
:107A9000138E148E158E168E178E10A211A212A29E
:107AA00013A214A215A216A217A251A740A722A79B
:107AB00093A784A761867286838688E9E82E01E20F
:107AC00021E241E062E0CF010E94E22460919A0F3E
:107AD00070919B0F8091980F9091990F0E945A245A
:107AE0001092700B0E9479290E948F1F8091580B71
:107AF00081110CC00E9418186093540B7093550BA1
:107B00008093560B9093570B9092580B0E94181825
:107B10000091540B1091550B2091560B3091570B3F
:107B20006B017C01C01AD10AE20AF30AB701A6016F
:107B300081E392E00E94F71DB701A60188E292E07E
:107B40000E94F71DB701A6018FE192E00E94F71D88
:107B500089E192E00E94FB1583E192E00E94FB150F
:107B600080910B020E94D215892B09F088C01092D7
:107B70000C02E0910D02F0910E0219950E94181866
:107B80006093540B7093550B8093560B9093570B47
:107B90000E9418180091600B1091610B2091620BEC
:107BA0003091630B601B710B820B930B6431710579
:107BB0008105910508F49ACFF0CC60E070E0CB012C
:107BC000B9CD60E070E0CB01E0CD8091760B8823E9
:107BD00099F0AA94AB2881F464EA75E0CE0101968D
:107BE0000E949521CE0101960E944123CE0101966B
:107BF0000E942E2080E043CE00916E0B10916F0BFF
:107C00008091750B811118C062EB75E0CE01019671
:107C10000E949521CE0101960E944123CE0101963A
:107C20000E942E2080E00130110509F430CE0E9420
:107C3000F1270E947F192BCE0130110509F027CEC4
:107C400081E0F5CF10926C0B40E060E0882309F4EE
:107C50002FCE61E080E02CCE10926D0B40E060E012
:107C600080E03CCE811106C090926D0B41E061E056
:107C700081E034CE10926D0B41E060E0F9CF80914D
:107C80000A020E94D215892B41F432E030930C0293
:107C9000E0911102F091120270CF90920C02E091EB
:107CA0000F02F091100269CF0E944919C3CB88EFEF
:107CB0009FE00E942E208EEF9FE00C942E20BB2789
:107CC0004A3031F4992322F4BDE2909581959F4F7B
:107CD0000C946B3EBB27FB015527AA27880F991FE1
:107CE000AA1FA41710F0A41B83955051B9F7A05DEB
:107CF000AA3308F0A95DA193009779F7B111B19368
:107D00001192CB010C94843EDC01FC01672F719130
:107D10007723E1F7329704C07C916D937083629171
:107D2000AE17BF07C8F308950E94D63E08F481E05D
:107D30000895E89409C097FB3EF49095809570955E
:107D400061957F4F8F4F9F4F9923A9F0F92F96E9A7
:107D5000BB279395F695879577956795B795F1111C
:107D6000F8CFFAF4BB0F11F460FF1BC06F5F7F4FB9
:107D70008F4F9F4F16C0882311F096E911C07723CB
:107D800021F09EE8872F762F05C0662371F096E8D4
:107D9000862F70E060E02AF09A95660F771F881FA3
:107DA000DAF7880F9695879597F90895990F000847
:107DB000550FAA0BE0E8FEEF16161706E807F907BD
:107DC000C0F012161306E407F50798F0621B730B58
:107DD000840B950B39F40A2661F0232B242B252BD9
:107DE00021F408950A2609F4A140A6958FEF811D7C
:107DF000811D08950E940D3F0C947E3F0E94703FAC
:107E000038F00E94773F20F0952311F00C94673FE3
:107E10000C946D3F11240C94B23F0E948F3F70F37D
:107E2000959FC1F3950F50E0551F629FF001729F1F
:107E3000BB27F00DB11D639FAA27F00DB11DAA1F2E
:107E4000649F6627B00DA11D661F829F2227B00D7B
:107E5000A11D621F739FB00DA11D621F839FA00D06
:107E6000611D221F749F3327A00D611D231F849F56
:107E7000600D211D822F762F6A2F11249F575040AD
:107E80009AF0F1F088234AF0EE0FFF1FBB1F661F28
:107E9000771F881F91505040A9F79E3F510580F0F1
:107EA0000C94673F0C94B23F5F3FE4F3983ED4F3E9
:107EB000869577956795B795F795E7959F5FC1F795
:107EC000FE2B880F911D9695879597F9089597F940
:107ED0009F6780E870E060E008959FEF80EC089570
:107EE00000240A9416161706180609060895002499
:107EF0000A9412161306140605060895092E039413
:107F0000000C11F4882352F0BB0F40F4BF2B11F486
:107F100060FF04C06F5F7F4F8F4F9F4F089557FDE5
:107F20009058440F551F59F05F3F71F04795880FE7
:107F300097FB991F61F09F3F79F08795089512167E
:107F400013061406551FF2CF4695F1DF08C016162A
:107F500017061806991FF1CF8695710561050894DB
:107F60000895E894BB2766277727CB0197F90895F2
:107F70005058BB27AA270E94D03F0C947E3F0E94F6
:107F8000703F38F00E94773F20F039F49F3F19F49A
:107F900026F40C946D3F0EF4E095E7FB0C94673FDC
:107FA000E92F0E948F3F58F3BA17620773078407BF
:107FB000950720F079F4A6F50C94B13F0EF4E09506
:107FC0000B2EBA2FA02D0B01B90190010C01CA0193
:107FD000A0011124FF27591B99F0593F50F4503E3E
:107FE00068F11A16F040A22F232F342F4427585F30
:107FF000F3CF469537952795A795F0405395C9F748
:108000007EF41F16BA0B620B730B840BBAF09150FF
:10801000A1F0FF0FBB1F661F771F881FC2F70EC09E
:10802000BA0F621F731F841F48F487957795679571
:10803000B795F7959E3F08F0B0CF9395880F08F05D
:108040009927EE0F9795879508950E9439400C94D3
:108050007E3F0E94773F58F00E94703F40F029F425
:108060005F3F29F00C94673F51110C94B23F0C9480
:108070006D3F0E948F3F68F39923B1F3552391F32D
:10808000951B550BBB27AA2762177307840738F087
:108090009F5F5F4F220F331F441FAA1FA9F335D0E4
:1080A0000E2E3AF0E0E832D091505040E695001C98
:1080B000CAF72BD0FE2F29D0660F771F881FBB1F52
:1080C000261737074807AB07B0E809F0BB0B802D30
:1080D000BF01FF2793585F4F3AF09E3F510578F05C
:1080E0000C94673F0C94B23F5F3FE4F3983ED4F3A7
:1080F000869577956795B795F7959F5FC9F7880F30
:10810000911D9695879597F90895E1E0660F771F81
:10811000881FBB1F621773078407BA0720F0621B12
:10812000730B840BBA0BEE1F88F7E09508950E943D
:108130009E406894B1110C94B23F08950E94973FFD
:1081400088F09F5798F0B92F9927B751B0F0E1F018
:10815000660F771F881F991F1AF0BA95C9F714C0C8
:10816000B13091F00E94B13FB1E008950C94B13F5D
:10817000672F782F8827B85F39F0B93FCCF3869501
:1081800077956795B395D9F73EF49095809570955E
:1081900061957F4F8F4F9F4F08950E94D63E08F400
:1081A0008FEF089597FB072E16F4009407D077FD04
:1081B00009D00E94A44107FC05D03EF4909581951A
:1081C0009F4F0895709561957F4F0895EE0FFF1FA3
:1081D000881F8BBF0790F691E02D19946927962789
:1081E00069277827872778270895689401C0E8943D
:1081F0008F929F92CF93DF930E940341DF91CF91A3
:108200009F908F90089588249924F401E401B0E4AC
:108210009F93AA279A158B049C04ED05FE05CF05B4
:10822000D007A10798F4AD2FDC2FCF2FFE2FE92D1B
:10823000982C892E982F872F762F652F542F432F18
:10824000322F2227B85031F7BF9127C01B2EBF9184
:10825000BB27220F331F441F551F661F771F881F20
:10826000991F881C991CEE1FFF1FCC1FDD1FAA1F22
:10827000BB1F8A149B04EC05FD05CE05DF05A00796
:10828000B10748F08A189B08EC09FD09CE09DF09FF
:10829000A00BB10B21601A94E1F62EF49401AF010A
:1082A000BE01CD01000C089597FD1094002E0830FA
:1082B00098F00850232F342F452F562F672F782FF3
:1082C000892F912DF4CF159497958795779567957C
:1082D00057954795379527950A95AAF71124002DAC
:1082E00008952A0D3B1D4C1D5D1D6E1D7F1D801FB9
:1082F000911F08950024A7FD00942A0F301D401DF2
:10830000501D601D701D801D901D08952A193B0988
:108310004C095D096E097F09800B910B08952A15A0
:108320003B054C055D056E057F05800791070895A7
:108330000024A7FD00942A1730054005500560056C
:108340007005800590050895AA1BBB1B51E107C06D
:10835000AA1FBB1FA617B70710F0A61BB70B881FD5
:10836000991F5A95A9F780959095BC01CD01089564
:108370000F931F93CF93DF938230910510F482E027
:1083800090E0E0910610F091071030E020E0B0E0BE
:10839000A0E0309799F42115310509F44AC0281B53
:1083A000390B24303105D8F58A819B81611571051F
:1083B00089F1FB0193838283FE0111C040815181C9
:1083C0000281138148175907E0F04817590799F4BB
:1083D000109761F012960C93129713961C93329695
:1083E000CF01DF91CF911F910F9108950093061057
:1083F00010930710F4CF2115310551F042175307A0
:1084000038F0A901DB019A01BD01DF01F801C1CFFC
:10841000EF01F9CF9093071080930610CDCFFE01A6
:10842000E20FF31F819391932250310939832883FE
:10843000D7CF2091041030910510232B41F42091C7
:108440003E0230913F02309305102093041020919A
:108450003C0230913D022115310541F42DB73EB764
:108460004091400250914102241B350BE0910410D1
:10847000F0910510E217F307A0F42E1B3F0B28170D
:10848000390778F0AC014E5F5F4F2417350748F08D
:108490004E0F5F1F509305104093041081939193EA
:1084A0009FCFF0E0E0E09CCFCF93DF930097E9F01F
:1084B000FC01329713821282A0910610B09107102E
:1084C000ED0130E020E01097A1F420813181820F8E
:1084D000931F20910410309105102817390709F0D7
:1084E00061C0F0930510E0930410DF91CF910895DF
:1084F000EA01CE17DF07E8F54A815B819E0141154D
:108500005105B1F7E901FB83EA8349915991C40F01
:10851000D51FEC17FD0761F4808191810296840FCD
:10852000951FE90199838883828193819B838A8344
:10853000F0E0E0E012968D919C9113970097B9F5C9
:108540002D913C911197CD010296820F931F20919E
:108550000410309105102817390739F6309751F576
:108560001092071010920610B0930510A0930410FB
:10857000BCCFD383C28340815181840F951FC8171C
:10858000D90761F44E5F5F4F88819981480F591F69
:10859000518340838A819B81938382832115310596
:1085A00009F0B0CFF0930710E09306109ECFFD01C5
:1085B000DC01C0CF13821282D7CF4F925F926F92AD
:1085C0007F928F929F92AF92BF92CF92DF92EF9263
:1085D000FF920F931F93CF93DF938C01009799F431
:1085E000CB01DF91CF911F910F91FF90EF90DF9022
:1085F000CF90BF90AF909F908F907F906F905F9043
:108600004F900C94B841FC01E60FF71F9C012250DB
:108610003109E217F30708F4AEC0D901CD91DC911E
:108620001197C617D70720F1C530D10578F0CE01D4
:1086300004978617970750F0C61BD70B2297C19354
:10864000D1936D937C93CF010E945442C801DF9176
:10865000CF911F910F91FF90EF90DF90CF90BF903F
:10866000AF909F908F907F906F905F904F90089504
:108670005B01AC1ABD0A4C018C0E9D1EA091061028
:10868000B0910710512C412CF12CE12C109731F5B1
:1086900080910410909105108815990509F05CC02F
:1086A0004616570608F058C080913C0290913D0252
:1086B000009741F48DB79EB740914002509141021E
:1086C000841B950BE817F90708F055C0F0930510C7
:1086D000E0930410F90171836083B8CF8D919C9170
:1086E000119712966C90129713967C901397A81579
:1086F000B90559F56C0142E0C40ED11CCA14DB0463
:1087000020F1AC014A195B09DA011296159780F045
:108710006282738251834083D9016D937C93E1140B
:10872000F10471F0D7011396FC93EE9312978ECF5C
:1087300022968C0F9D1FF90191838083F301EFCF67
:10874000F0930710E093061081CF4816590608F4FD
:108750002C017D01D3019ACFCB010E94B8417C014D
:10876000009749F0AE01B8010E94CB43C8010E94B6
:10877000544287016BCF10E000E068CFFB01DC01C1
:1087800004C08D910190801921F441505040C8F7E8
:10879000881B990B0895FB01DC0102C001900D922A
:1087A00041505040D8F70895DC0101C06D9341500D
:1087B0005040E0F70895FB01DC018D910190801994
:1087C0000110D9F3990B0895FB01DC0101900D9282
:1087D0000020E1F7089510E1C8EBD0E100E006C009
:1087E000802FFE010E94E6402196011DC93BD10762
:1087F00080E00807A9F7F894FFCF0500FFFFFFFF0F
:1088000060F0FFFF0405004A1E431E3C1E0800AA3C
:108810001EA71E0600511E761E0700009B1E0000AC
:1088200000000200009F1E00000000030000A31EC5
:108830000000000003000000081080000300020098
:108840000700060001000000050004000600070004
:108850000400050002000300000001000500040000
:1088600001000000070006000300020000F820FDE0
:10887000E0FFE0071F00982F8A4291443771CFFB39
:10888000C0B5A5DBB5E95BC25639F111F159A48237
:108890003F92D55E1CAB98AA07D8015B8312BE85B8
:1088A0003124C37D0C55745DBE72FEB1DE80A70617
:1088B000DC9B74F19BC1C1699BE48647BEEFC69DFA
:1088C000C10FCCA10C246F2CE92DAA84744ADCA919
:1088D000B05CDA88F97652513E986DC631A8C82747
:1088E00003B0C77F59BFF30BE0C64791A7D55163CB
:1088F000CA0667292914850AB72738211B2EFC6D63
:108900002C4D130D385354730A65BB0A6A762EC971
:10891000C281852C7292A1E8BFA24B661AA8708B07
:108920004BC2A3516CC719E892D1240699D685355C
:108930000EF470A06A1016C1A419086C371E4C778B
:108940004827B5BCB034B30C1C394AAAD84E4FCA1C
:108950009C5BF36F2E68EE828F746F63A57814783A
:10896000C8840802C78CFAFFBE90EB6C50A4F7A332
:10897000F9BEF27871C6000000003209090000005B
:108980000100000003050500000002000000890C42
:108990000C00000045000000600B1C010A004C00A8
:1089A0000000982121031E1F4D0000008F030A03C1
:1089B00008096D000000B909090000006F000000FF
:1089C00022101203101151C3000080252500000061
:1089D00052C30000A1262603242553C3000032B54C
:1089E000B50000002D3D67B6A9921B1AB093117314
:1089F000E2DA1CEE2603533923B45819E4A69C92FC
:108A00005B45964500000000DC183C1869182919E0
:108A10009A1878188C18535045454420204D4F44DF
:108A20004500544F52515545204D4F444500545236
:108A30005120534C204D4F44450041524D45442058
:108A40002020202020202020202000444953415273
:108A50004D45442020202020202020004552524F08
:108A600052203A2000494E464F3A00547820427531
:108A700066666572206F7665726C6F6164004E4544
:108A8000555452414C202020004C4F57202020208C
:108A9000202020004D454449554D202020200048ED
:108AA000494748202020202020004573746F702003
:108AB000456E67616765640041544C415320414EE7
:108AC0004420524144494F202000434F4E4E4543DD
:108AD000544544202000524144494F20434F4E4EBC
:108AE00045435445442020200020202020202020E1
:108AF0002020202020202020202000414C4C2044F9
:108B00004953434F4E4E45435445440053636F759C
:108B1000742062617474657279206368617267653C
:108B20002062656C6F77203130253B20706C656169
:108B30007365206368617267650030005F5F0025C0
:108B400000554756205354415455533A005350450D
:108B500045443A00525353493A00526164696F20C8
:108B6000636F6D6D756E69636174696F6E206661A8
:108B7000696C7572650073796E63696E67202E2E5D
:108B80002E004661696C65642054696D65205379D7
:108B90006E6368726F6E697A6174696F6E00646982
:108BA0007361726D696E67202E2E2E00652D7374B1
:0C8BB0006F7020656E67616765640000EF
:020000040003F7
:10E000000D9489F10D94B2F10D94B2F10D94B2F129
:10E010000D94B2F10D94B2F10D94B2F10D94B2F1F0
:10E020000D94B2F10D94B2F10D94B2F10D94B2F1E0
:10E030000D94B2F10D94B2F10D94B2F10D94B2F1D0
:10E040000D94B2F10D94B2F10D94B2F10D94B2F1C0
:10E050000D94B2F10D94B2F10D94B2F10D94B2F1B0
:10E060000D94B2F10D94B2F10D94B2F10D94B2F1A0
:10E070000D94B2F10D94B2F10D94B2F10D94B2F190
:10E080000D94B2F10D94B2F10D94B2F10D94B2F180
:10E090000D94B2F10D94B2F10D94B2F10D94B2F170
:10E0A0000D94B2F10D94B2F10D94B2F10D94B2F160
:10E0B0000D94B2F10D94B2F10D94B2F10D94B2F150
:10E0C0000D94B2F10D94B2F10D94B2F10D94B2F140
:10E0D0000D94B2F10D94B2F10D94B2F10D94B2F130
:10E0E0000D94B2F141546D656761323536300041AF
:10E0F000726475696E6F206578706C6F72657220DE
:10E1000073746B3530305632206279204D4C530099
:10E11000426F6F746C6F616465723E004875683F52
:10E1200000436F6D70696C6564206F6E203D200048
:10E130004350552054797065202020203D20005FF9
:10E140005F4156525F415243485F5F3D2000415658
:10E1500052204C696243205665723D20004743437C
:10E160002056657273696F6E203D20004350552024
:10E1700049442020202020203D20004C6F7720663D
:10E18000757365202020203D20004869676820665F
:10E190007573652020203D200045787420667573D6
:10E1A00065202020203D20004C6F636B2066757336
:10E1B000652020203D20004D617220203720323024
:10E1C000313300312E362E3800342E332E350056A2
:10E1D00023202020414444522020206F7020636F70
:10E1E00064652020202020696E73747275637469E1
:10E1F0006F6E2061646472202020496E74657272B3
:10E20000757074006E6F20766563746F7200726A49
:10E210006D702020006A6D70200057686174207056
:10E220006F72743A00506F7274206E6F7420737541
:10E2300070706F72746564004D7573742062652030
:10E2400061206C6574746572002000577269747483
:10E25000696E672045450052656164696E672045B7
:10E26000450045452065727220636E743D00504F35
:10E27000525400303D5A65726F2061646472003FF1
:10E280003D43505520737461747300403D454550C3
:10E29000524F4D207465737400423D426C696E6B41
:10E2A000204C454400453D44756D70204545505215
:10E2B0004F4D00463D44756D7020464C415348001B
:10E2C000483D48656C70004C3D4C69737420492F83
:10E2D0004F20506F72747300513D51756974005234
:10E2E0003D44756D702052414D00563D73686F7707
:10E2F00020696E7465727275707420566563746FF0
:10E30000727300593D506F727420626C696E6B00BD
:10E310002A0011241FBECFEFD1E2DEBFCDBF01E046
:10E320000CBF12E0A0E0B2E0EEE1FDEF03E00BBFB6
:10E3300002C007900D92A030B107D9F712E0A0E01B
:10E34000B2E001C01D92AE30B107E1F70F9460F367
:10E350000D948DFE01E20EBF0FEF0DBF11241FBE05
:10E360000D9460F30D9400F020E030E040ED57E0B4
:10E3700005C0FA013197F1F72F5F3F4F2817390792
:10E38000C0F308959C01260F311DC901A0E0B0E043
:10E390002F5F3F4FABBFFC018791882361F08093D3
:10E3A000C6008091C00086FFFCCF8091C0008064D1
:10E3B0008093C000EACF08958DE08093C6008091DD
:10E3C000C00086FFFCCF8091C00080648093C000B5
:10E3D0008AE08093C6008091C00086FFFCCF8091C8
:10E3E000C00080648093C00008950F94C2F10F9420
:10E3F000DCF10895FC019081992359F09093C600B7
:10E400008091C00086FFFCCF8091C0008064809323
:10E41000C0003196992379F70895282F982F929567
:10E420009F70892F805D8A3308F0895F8093C600D2
:10E430008091C00086FFFCCF8091C00080648093F3
:10E44000C000822F8F70982F905D9A3308F0995FEB
:10E450009093C6008091C00086FFFCCF8091C000E1
:10E4600080648093C00008959C01FB01853691056E
:10E470001CF46330710594F0C90164E670E00F94F8
:10E480002EFE605D7F4F6093C6008091C00086FFC6
:10E49000FCCF8091C00080648093C0002B30310598
:10E4A00014F43297B4F0C90164E670E00F942EFEC4
:10E4B0006AE070E00F942EFE605D7F4F6093C600AF
:10E4C0008091C00086FFFCCF8091C0008064809363
:10E4D000C000C9016AE070E00F942EFEC0968093E0
:10E4E000C6008091C00086FFFCCF8091C000806490
:10E4F0008093C00008951F93182F8EE692EE60E07F
:10E500000F94C2F11093C6008091C00086FFFCCF2B
:10E510008091C00080648093C0000F94DCF11F9153
:10E5200008952F923F924F925F926F927F928F92B7
:10E530009F92AF92BF92CF92DF92EF92FF920F9392
:10E540001F93DF93CF93CDB7DEB762970FB6F894E2
:10E55000DEBF0FBECDBF382E622ECA01DB015C01CB
:10E560006D01772420E2222E2E010894411C511CBB
:10E570008BC081E0A81680E0B80681E0C80680E084
:10E58000D80628F0C601AA27BB270F940DF2BB2797
:10E59000AD2D9C2D8B2D0F940DF28A2D0F940DF225
:10E5A0002092C6008091C00086FFFCCF8091C00001
:10E5B00080648093C0009DE29093C6008091C0006B
:10E5C00086FFFCCF8091C00080648093C0002092C1
:10E5D000C6008091C00086FFFCCF8091C00080649F
:10E5E0008093C00019828601750188249924A1E0D6
:10E5F0003A1651F03A1620F0B2E03B1661F409C029
:10E600000BBFF701779007C0C7010F9477FE782EF4
:10E6100002C0F7017080872D0F940DF22092C60082
:10E620008091C00086FFFCCF8091C0008064809301
:10E63000C000872D8052F401EF70F0708F3520F408
:10E64000E40DF51D708204C0E40DF51D8EE280839B
:10E650000894E11CF11C011D111D0894811C911CE2
:10E6600090E18916910409F0C2CF80E190E0A0E02A
:10E67000B0E0A80EB91ECA1EDB1E198AC2010F9493
:10E68000FAF10F94DCF16A94662009F072CF629679
:10E690000FB6F894DEBF0FBECDBFCF91DF911F91B3
:10E6A0000F91FF90EF90DF90CF90BF90AF909F9031
:10E6B0008F907F906F905F904F903F902F90089534
:10E6C0002F923F924F925F926F927F928F929F9282
:10E6D000AF92BF92CF92DF92EF92FF920F931F9370
:10E6E000DF93CF93CDB7DEB7CD53D1400FB6F894BB
:10E6F000DEBF0FBECDBF01E20EBF0FEF0DBF94B75F
:10E70000F894A89514BE80916000886180936000A1
:10E7100010926000789493FF05C0E0910002F091A0
:10E7200001021995279A2F9A8091C00082608093E8
:10E73000C00080E18093C40088E18093C1000000A4
:10E74000EE24FF24870144E0A42EB12CCC24DD2448
:10E7500024C0C5010197F1F70894E11CF11C011DCB
:10E76000111D21E2E2162EE4F20620E0020720E06D
:10E77000120718F031E0C32ED12CC801B70127ECE5
:10E780003BE140E050E00F9441FE611571058105C9
:10E79000910519F485B1805885B98091C00087FD35
:10E7A00003C0C114D104A9F2A6014F5F5F4FC25E3E
:10E7B000DE4F59834883CE51D140C25EDE4F8881FF
:10E7C0009981CE51D140019711F00D9410FEC05D9A
:10E7D000DE4F19821882C053D14060E0C15DDE4F28
:10E7E0001882CF52D14088249924C35DDE4F19820C
:10E7F0001882CD52D140C05EDE4F188219821A8233
:10E800001B82C052D140CE5CDE4F188219821A8220
:10E810001B82C253D140EE24FF2487010BBFF701B6
:10E8200007911691C45CDE4F19830883CC53D14005
:10E830000D940BFEC25EDE4F28813981CE51D1404E
:10E840002130310509F52091C600C25EDE4F1982E4
:10E850001882CE51D14022C02F5F3F4F4F4F5F4FA4
:10E86000213082E138078AE7480780E0580780F0C6
:10E87000C45CDE4FE881F981CC53D140EF5FFF4F9C
:10E8800019F0EE27FF27099420E030E040E050E047
:10E890008091C00087FFE0CF2091C600C35DDE4FAE
:10E8A00048815981CD52D1404F5F5F4FC35DDE4FEC
:10E8B00059834883CD52D140213209F063C64A3092
:10E8C000510508F05FC60894811C911C53E0851621
:10E8D000910409F059C600E010E018C081E280936D
:10E8E000C6008091C00086FFFCCF8091C00080648C
:10E8F0008093C0002F5F3F4F2931310579F70F9486
:10E90000DCF10F5F1F4F0530110519F020E030E0FA
:10E91000E5CF10920A0210920B0210920C02109294
:10E920000D02109206021092070210920802109235
:10E930000902109202021092030210920402109235
:10E9400005028FEE90EE60E00F94F5F180E191EE1C
:10E9500060E00F94C2F18091C00087FFFCCF9091DE
:10E96000C600903608F09F759032B8F09093C600BC
:10E970008091C00086FFFCCF8091C00080648093AE
:10E98000C000A0E2A093C6008091C00086FFFCCF2B
:10E990008091C00080648093C000983409F4D7C18E
:10E9A0009934B8F4923409F459C1933458F490333B
:10E9B00019F1903308F4E3C59F33A1F1903409F0C5
:10E9C000DEC5BDC0953409F470C1963409F0D7C5D1
:10E9D00098C1923509F42BC2933538F49C3409F46C
:10E9E000F5C1913509F0CBC518C2963509F445C279
:10E9F000993509F0C4C567C483E792EE62E00F94CD
:10EA0000F5F110920602109207021092080210927D
:10EA1000090210920A0210920B0210920C0210923C
:10EA20000D0213C18FE792EE62E00F94F5F18FEEC5
:10EA300090EE60E00F94F5F181E291EE60E00F94CA
:10EA4000C2F187EB91EE60E00F94F5F180E391EE77
:10EA500060E00F94C2F184EE90EE60E00F94F5F167
:10EA60008FE391EE60E00F94C2F186E090E061E008
:10EA700070E00F9434F20F94DCF18DE591EE60E0DC
:10EA80000F94C2F189EC91EE60E00F94F5F18EE401
:10EA900091EE60E00F94C2F183EC91EE60E00F9490
:10EAA000F5F18CE691EE60E00F94C2F18EE10F94E7
:10EAB0000DF288E90F940DF281E00F940DF20F949E
:10EAC000DCF18BE791EE60E00F94C2F119E0E0E039
:10EAD000F0E010935700E4918E2F0F940DF20F94F5
:10EAE000DCF18AE891EE60E00F94C2F1E3E0F0E03F
:10EAF00010935700E4918E2F0F940DF20F94DCF1D8
:10EB000089E991EE60E00F94C2F1E2E0F0E0109349
:10EB10005700E4918E2F0F940DF20F94DCF188EAE8
:10EB200091EE60E00F94C2F1E1E0F0E01093570045
:10EB30001491812F0F940DF20F94DCF107CF8BE825
:10EB400092EE62E00F94F5F18BE492EE60E00F94A8
:10EB5000F5F10F94DCF100E010E019C0C8016F2D51
:10EB60000F947FFEFF2031F489E492EE60E00F9471
:10EB7000C2F10BC0F092C6008091C00086FFFCCFAE
:10EB80008091C00080648093C0000F5F1F4FC80158
:10EB900081519F41A0E0B0E0ABBFFC01F790BAE229
:10EBA000FB1621F0E2E000301E07C1F60F94DCF105
:10EBB0000F94DCF187E592EE60E00F94F5F10F948D
:10EBC000DCF1CC24DD2400E010E01EC0C8010F946D
:10EBD00077FEF82E882331F489E492EE60E00F94FA
:10EBE000C2F10BC08093C6008091C00086FFFCCFAD
:10EBF0008091C00080648093C000FE1419F00894D6
:10EC0000C11CD11C0F5F1F4FC80181519F41A0E063
:10EC1000B0E0ABBFFC01E790FAE2EF1621F022E092
:10EC20000030120799F60F94DCF10F94DCF182E6C4
:10EC300092EE60E00F94C2F1C60161E070E00F94C3
:10EC400034F20F94DCF10F94DCF110920202109276
:10EC50000302109204021092050278CE89E992EE26
:10EC600062E00F94F5F1279A2F9A16C02F9880E052
:10EC700090E0E0EDF7E03197F1F7019684369105E9
:10EC8000C1F72F9A80E090E0E0EDF7E03197F1F7DF
:10EC9000019684369105C1F78091C00087FFE6CFC9
:10ECA0008091C00087FFFCCF64C485EA92EE62E0E9
:10ECB0000F94F5F140910202509103026091040219
:10ECC0007091050281E020E10F9491F2809102029F
:10ECD00090910302A0910402B091050280509F4FD1
:10ECE000AF4FBF4F8093020290930302A0930402A0
:10ECF000B093050280509041A040B04008F426CE69
:10ED0000A4CF83EB92EE62E00F94F5F140910602FE
:10ED100050910702609108027091090280E020E1A1
:10ED20000F9491F28091060290910702A09108023F
:10ED3000B091090280509F4FAF4FBF4F80930602A2
:10ED400090930702A0930802B0930902FFCD80ECD4
:10ED500092EE62E00F94F5F183E792EE60E00F949B
:10ED6000F5F18FE792EE60E00F94F5F18BE892EE0B
:10ED700060E00F94F5F189E992EE60E00F94F5F10F
:10ED800085EA92EE60E00F94F5F183EB92EE60E09D
:10ED90000F94F5F180EC92EE60E00F94F5F187ECC2
:10EDA00092EE60E00F94F5F188ED92EE60E00F9442
:10EDB000F5F18FED92EE60E00F94F5F18AEE92EEB0
:10EDC00060E00F94F5F183E093EEBDCD87EC92EE19
:10EDD00062E00F94F5F181E40F947BF282E40F94EA
:10EDE0007BF283E40F947BF284E40F947BF285E45E
:10EDF0000F947BF286E40F947BF287E40F947BF20E
:10EE000088E40F947BF28AE40F947BF28BE40F94F6
:10EE10007BF28CE40F947BF299CD88ED92EE62E068
:10EE20000F94F5F1772473948824992409C48FED05
:10EE300092EE62E00F94F5F140910A0250910B02BC
:10EE400060910C0270910D0282E020E10F9491F22A
:10EE500080910A0290910B02A0910C02B0910D02D8
:10EE600080509F4FAF4FBF4F80930A0290930B0289
:10EE7000A0930C02B0930D0269CD8AEE92EE62E08F
:10EE80000F94F5F184EE90EE60E00F94F5F18FECC5
:10EE900091EE60E00F94F5F1662477244301CC5D98
:10EEA000DE4F19821882C452D140D401C301B695F5
:10EEB000A79597958795CA5DDE4F88839983AA8326
:10EEC000BB83C652D140CC5DDE4FA881B981C4520C
:10EED000D1401196CC5DDE4FB983A883C452D14096
:10EEE000CD0162E070E00F9434F2B0E2B093C6005E
:10EEF0008091C00086FFFCCF8091C0008064809329
:10EF0000C000EDE2E093C6008091C00086FFFCCF18
:10EF10008091C00080648093C000F0E2F093C6004E
:10EF20008091C00086FFFCCF8091C00080648093F8
:10EF3000C000CA5DDE4FE880F9800A811B81C6529D
:10EF4000D140BB27A12F902F8F2D0F940DF2CA5DBA
:10EF5000DE4F8881C652D1400F940DF2B0E2FB2EF5
:10EF6000F092C6008091C00086FFFCCF8091C00067
:10EF700080648093C0000DE30093C6008091C000C0
:10EF800086FFFCCF8091C00080648093C00010E2B7
:10EF90001093C6008091C00086FFFCCF8091C00016
:10EFA00080648093C0008BBEF3012791C65DDE4F65
:10EFB0002883CA52D140A22EBB24CC24DD2408943D
:10EFC000611C711C811C911C8BBEF3018791282E42
:10EFD0003324442455240894611C711C811C911C09
:10EFE0008BBEF3013791C55DDE4F3883CB52D140E4
:10EFF0000894611C711C811C911C8BBEF30147910C
:10F00000C45DDE4F4883CC52D140ADEFEA2EAFEF66
:10F01000FA2EAFEF0A2FAFEF1A2F6E0C7F1C801E57
:10F02000911E142D032DF22CEE24EA0CFB1C0C1D5A
:10F030001D1D0F940DF220E22093C6008091C000A8
:10F0400086FFFCCF8091C00080648093C000C65DC5
:10F05000DE4F8881CA52D1400F940DF230E23093D6
:10F06000C6008091C00086FFFCCF8091C000806404
:10F070008093C000C45DDE4F8881CC52D1400F9494
:10F080000DF240E24093C6008091C00086FFFCCFA5
:10F090008091C00080648093C000C55DDE4F888190
:10F0A000CB52D1400F940DF250E25093C6008091A4
:10F0B000C00086FFFCCF8091C00080648093C000B8
:10F0C0008FEFE8168FEFF80680E0080780E018075A
:10F0D00031F484E092EE60E00F94C2F1DFC0D80119
:10F0E000C7018070907CA070B0708050904CA040A0
:10F0F000B040D1F52FEF3FE340E050E0E222F322B1
:10F1000004231523CA5DDE4FA880B980CA80DB8046
:10F11000C652D140AE0CBF1CC01ED11EAA0CBB1CD7
:10F12000CC1CDD1C8EE092EE60E00F94C2F1BB2798
:10F13000A12F902F8F2D0F940DF28E2D0F940DF285
:10F1400030E23093C6008091C00086FFFCCF8091F2
:10F15000C00080648093C0004EE34093C60080915D
:10F16000C00086FFFCCF87C08EE09EEFA0E0B0E03D
:10F17000E822F9220A231B239CE0E91694E9F90608
:10F1800090E0090790E0190709F088C0C45DDE4FE0
:10F19000A881CC52D140EA2EFF2400E010E0102FCD
:10F1A0000F2DFE2CEE24C55DDE4FB881CB52D14031
:10F1B000EB0EF11C011D111DD601C501817090706F
:10F1C000A070B070DC0199278827E80EF91E0A1F8D
:10F1D0001B1F20EF30E040E050E0A222B322C42207
:10F1E000D52241E1AA0CBB1CCC1CDD1C4A95D1F7F1
:10F1F000EA0CFB1C0C1D1D1D81E090E0A0E0B0E0BE
:10F20000282239224A225B2235E1220C331C441C7D
:10F21000551C3A95D1F7E20CF31C041D151D57013E
:10F220006801AA0CBB1CCC1CDD1C85E192EE60E0E1
:10F230000F94C2F1C801AA27BB270F940DF2BB2778
:10F24000A12F902F8F2D0F940DF28E2D0F940DF274
:10F2500090E29093C6008091C00086FFFCCF809121
:10F26000C00080648093C000AEE3A093C60080918C
:10F27000C00086FFFCCF8091C00080648093C000F6
:10F28000C601AA27BB270F940DF2BB27AD2D9C2DDD
:10F290008B2D0F940DF28A2D0F940DF20F94DCF14B
:10F2A000CC5DDE4FE881F981C452D140F99709F471
:10F2B0004DCBF4E0EF2EF12C012D112D6E0C7F1CA7
:10F2C000801E911EF2CD83E093EE62E00F94F5F183
:10F2D0008AE192EE60E00F94C2F18091C00087FF56
:10F2E000FCCF1091C6001F751093C6008091C0001E
:10F2F00086FFFCCF8091C00080648093C0000F9493
:10F30000DCF1812F81548A3108F036C1163409F4BA
:10F3100095C0173490F4133409F44EC0143430F40B
:10F320001134F1F0123409F01DC130C0143409F465
:10F3300059C0153409F016C16BC01A3409F4C4C0A1
:10F340001B3438F4173409F48FC0183409F00AC19B
:10F35000A1C01B3409F4D2C01C3409F003C1E8C0B9
:10F360008FEF81B90DC082B1809582B980E090E0C5
:10F37000E0EDF7E03197F1F70196883C9105C1F790
:10F380008091C00087FFEFCF12B8EFC08FEF84B934
:10F390000DC085B1809585B980E090E0E0EDF7E0A3
:10F3A0003197F1F70196883C9105C1F78091C00033
:10F3B00087FFEFCF15B8D9C08FEF87B90DC088B1DF
:10F3C000809588B980E090E0E0EDF7E03197F1F7C3
:10F3D0000196883C9105C1F78091C00087FFEFCF6F
:10F3E00018B8C3C08FEF8AB90DC08BB180958BB9A7
:10F3F00080E090E0E0EDF7E03197F1F70196883C8E
:10F400009105C1F78091C00087FFEFCF1BB8ADC059
:10F410008FEF8DB90DC08EB180958EB980E090E0F0
:10F42000E0EDF7E03197F1F70196883C9105C1F7DF
:10F430008091C00087FFEFCF1EB897C08FEF80BBD1
:10F440000DC081B3809581BB80E090E0E0EDF7E0F6
:10F450003197F1F70196883C9105C1F78091C00082
:10F4600087FFEFCF11BA81C08FEF83BB0DC084B38C
:10F47000809584BB80E090E0E0EDF7E03197F1F714
:10F480000196883C9105C1F78091C00087FFEFCFBE
:10F4900014BA6BC08FEF809301010FC080910201FD
:10F4A00080958093020180E090E0E0EDF7E03197F5
:10F4B000F1F70196883C9105C1F78091C00087FF64
:10F4C000EDCF1092020151C08FEF809304010FC065
:10F4D0008091050180958093050180E090E0E0ED4A
:10F4E000F7E03197F1F70196883C9105C1F78091DB
:10F4F000C00087FFEDCF1092050137C08FEF8093DA
:10F5000007010FC08091080180958093080180E079
:10F5100090E0E0EDF7E03197F1F70196883C910536
:10F52000C1F78091C00087FFEDCF109208011DC088
:10F530008FEF80930A010FC080910B01809580931B
:10F540000B0180E090E0E0EDF7E03197F1F70196F4
:10F55000883C9105C1F78091C00087FFEDCF1092E4
:10F560000B0103C085E292EEEEC98091C00087FFD7
:10F57000FCCF8091C600EAC988E392EEE4C98CE131
:10F5800091EEE1C988249924933011F1943028F444
:10F59000913089F09230B8F408C0953061F195301F
:10F5A000F0F0963009F048C043C02B3109F042C951
:10F5B00091E06BE13FC96227C15DDE4F2883CF52E6
:10F5C000D14092E037C9B22FA0E0622793E032C960
:10F5D000822F90E0A82BB92B622794E02BC92E3004
:10F5E00009F039C3622795E0C05DDE4F19821882A9
:10F5F000C053D1401FC9E1E0F0E0EC0FFD1FC05D3A
:10F60000DE4F08811981C053D140E00FF11F2083E4
:10F610000F5F1F4FC05DDE4F19830883C053D14079
:10F6200062270A171B0709F005C9D80196E002C92D
:10F63000261709F010C303C0973009F0FBC87724E0
:10F640009981933109F412C19431C8F4963009F4C8
:10F65000D8C0973050F4923009F406C1933009F4C1
:10F660006DC0913009F059C253C0913109F477C08F
:10F67000923108F0BBC0903109F04FC2F5C098310B
:10F6800009F487C0993150F4953109F4EFC09531F0
:10F6900008F4C6C1963109F040C2C2C19A3109F4DA
:10F6A0006CC09A3108F491C09B3109F45BC09D3164
:10F6B00009F033C29D81903359F48F81882311F46E
:10F6C0009EE11CC0813011F091E018C098E916C08D
:10F6D000892F807591F0903539F4E0E0F0E089E011
:10F6E0008093570094910AC0983539F4E3E0F0E034
:10F6F00089E080935700949101C090E01A821B82A8
:10F700008D818C831D829E831F8227E030E009C299
:10F710001A8288E08B8381E48C8386E58D8382E581
:10F720008E8389E48F8383E5888780E589878FE5E9
:10F730008A8782E38B872BE030E0F3C18A818139AD
:10F7400041F0823941F0803911F48FE005C080E04A
:10F7500003C082E001C08AE01A828B8344C0772410
:10F76000739482C08D81882311F48EE12CC0813086
:10F7700011F081E028C088E926C01A82E1E0F0E0BB
:10F7800089E08093570084918B831C8224E030E0D1
:10F79000C8C18B81803589F48C81883039F4E2E0EE
:10F7A000F0E089E08093570084910DC0E0E0F0E044
:10F7B00089E080935700849106C0E3E0F0E089E09F
:10F7C0008093570084911A82DFCF8D81836C99E0FA
:10F7D000E1E0F0E0082E90935700E89507B600FCB2
:10F7E000FDCF1A821B8223E030E09BC180EC8A832C
:10F7F000CE5CDE4F188219821A821B82C253D1401E
:10F800008EC18A8190E0A0E0B0E0582F44273327D2
:10F8100022278B8190E0A0E0B0E0DC0199278827C7
:10F82000282B392B4A2B5B2B8D8190E0A0E0B0E098
:10F83000282B392B4A2B5B2B8C8190E0A0E0B0E089
:10F84000BA2FA92F982F8827282B392B4A2B5B2BCF
:10F85000220F331F441F551FC05EDE4F288339839C
:10F860004A835B83C052D1401A8259C13A81C95C34
:10F87000DE4F3883C753D140CA5CDE4F1882C6536F
:10F88000D1408B81C82EDD24CA5CDE4F488159816E
:10F89000C653D140C42AD52A933109F082C0CE5C28
:10F8A000DE4F88819981AA81BB81C253D1408050AB
:10F8B000904CA340B04030F583E0CE5CDE4FE88052
:10F8C000F9800A811B81C253D140F70100935B008C
:10F8D00080935700E89507B600FCFDCFCE5CDE4F65
:10F8E000088119812A813B81C253D14000501F4FAA
:10F8F0002F4F3F4FCE5CDE4F088319832A833B8313
:10F90000C253D140C05EDE4F488159816A817B81FC
:10F91000C052D140DE011B9631E08C9111962C91A2
:10F9200011971296C75CDE4F2883C953D140C85C3B
:10F93000DE4F1882C853D14090E0C85CDE4FE881AA
:10F94000F981C853D1408E2B9F2B0C01FA01609393
:10F950005B0030935700E89511244E5F5F4F6F4F67
:10F960007F4F0EEFE02E0FEFF02ECE0CDF1CC114F8
:10F97000D10499F685E0C05EDE4F088119812A81A5
:10F980003B81C052D140F80120935B008093570027
:10F99000E89507B600FCFDCF81E180935700E8951C
:10F9A00035C0C05EDE4F88819981AA81BB81C0527B
:10F9B000D140B695A795979587957C018601ABE0D8
:10F9C000AA2EB12CAC0EBD1E0BC0D5016D915D01F0
:10F9D000C7010F947FFE0894E11CF11C01501040F8
:10F9E0000115110591F7A60160E070E0440F551F65
:10F9F000661F771FC05EDE4FE880F9800A811B8199
:10FA0000C052D1404E0D5F1D601F711F1A82C05E33
:10FA1000DE4F488359836A837B83C052D1407FC0C5
:10FA2000FA80C55CDE4FF882CB53D140C65CDE4F16
:10FA30001882CA53D1408B81C82EDD24C65CDE4FAC
:10FA400008811981CA53D140C02AD12A1A828981DA
:10FA5000BE016D5F7F4F843121F59601C05EDE4FA0
:10FA6000E880F9800A811B81C052D1400BBFF701A9
:10FA700087919691DB018C9311969C936E5F7F4FDB
:10FA8000D801C7010296A11DB11DC05EDE4F88835B
:10FA90009983AA83BB83C052D14022503040F1F6F3
:10FAA00036C0C05EDE4F288139814A815B81C052F9
:10FAB000D1400894C108D108760100E010E0089414
:10FAC000C11CD11C0894E11CF11C011D111DE20E8A
:10FAD000F31E041F151F21BDBB27A52F942F832FB5
:10FAE00082BD2F5F3F4F4F4F5F4FF89A80B5DB01CC
:10FAF0008D93BD012E153F054007510761F7C05E8C
:10FB0000DE4F288339834A835B83C052D1409601FC
:10FB10002D5F3F4FFB01108204C080EC8A8322E0FE
:10FB200030E08BE18093C6008091C00086FFFCCF5F
:10FB30008091C00080648093C000C15DDE4FF88179
:10FB4000CF52D140F093C6008091C00086FFFCCF19
:10FB50008091C00080648093C000432F3093C60022
:10FB60008091C00086FFFCCF8091C00080648093AC
:10FB7000C000922F2093C6008091C00086FFFCCF6A
:10FB80008091C00080648093C0008EE08093C600A6
:10FB90008091C00086FFFCCF8091C000806480937C
:10FBA000C00065E1C15DDE4FE880CF52D1406E25D7
:10FBB00069276427FE01319610C090819093C6009A
:10FBC0008091C00086FFFCCF31968091C000806498
:10FBD0008093C0006927215030402115310569F715
:10FBE0006093C6008091C00086FFFCCF8091C0006A
:10FBF00080648093C00085B1805885B9772081F4F6
:10FC0000C15DDE4F0881CF52D1400F5FC15DDE4F35
:10FC10000883CF52D14090E0A0E0B0E00D941AF4F8
:10FC200027982F9880E090E020ED37E0F901319798
:10FC3000F1F7019684369105C9F700008091C00064
:10FC40008D7F8093C00081E180935700E895EE2777
:10FC5000FF270994FFCF90E00D941AF497FB092E2B
:10FC600007260AD077FD04D02ED006D000201AF443
:10FC7000709561957F4F0895F6F7909581959F4F08
:10FC80000895A1E21A2EAA1BBB1BFD010DC0AA1FDD
:10FC9000BB1FEE1FFF1FA217B307E407F50720F0F5
:10FCA000A21BB30BE40BF50B661F771F881F991F70
:10FCB0001A9469F760957095809590959B01AC01B9
:10FCC000BD01CF010895AA1BBB1B51E107C0AA1FAC
:10FCD000BB1FA617B70710F0A61BB70B881F991FED
:10FCE0005A95A9F780959095BC01CD010895F99991
:10FCF000FECF92BD81BDF89A992780B50895262F31
:10FD0000F999FECF1FBA92BD81BD20BD0FB6F89400
:0EFD1000FA9AF99A0FBE01960895F894FFCF63
:00000001FF
