This is pdfTeX, Version 3.141592653-2.6-1.40.22 (TeX Live 2022/dev/Debian) (preloaded format=pdflatex 2026.4.23)  23 APR 2026 10:44
entering extended mode
 restricted \write18 enabled.
 %&-line parsing enabled.
**refman
(./refman.tex
LaTeX2e <2021-11-15> patch level 1
L3 programming layer <2022-01-21>
(/usr/share/texlive/texmf-dist/tex/latex/base/book.cls
Document Class: book 2021/10/04 v1.4n Standard LaTeX document class
(/usr/share/texlive/texmf-dist/tex/latex/base/bk10.clo
File: bk10.clo 2021/10/04 v1.4n Standard LaTeX file (size option)
)
\c@part=\count185
\c@chapter=\count186
\c@section=\count187
\c@subsection=\count188
\c@subsubsection=\count189
\c@paragraph=\count190
\c@subparagraph=\count191
\c@figure=\count192
\c@table=\count193
\abovecaptionskip=\skip47
\belowcaptionskip=\skip48
\bibindent=\dimen138
)
(/usr/share/texlive/texmf-dist/tex/latex/base/ifthen.sty
Package: ifthen 2020/11/24 v1.1c Standard LaTeX ifthen package (DPC)
)
(/usr/share/texlive/texmf-dist/tex/latex/tools/array.sty
Rollback for package 'array' requested -> date 2016-10-06.
         Best approximation is the release introduced on 2016-10-06.

(/usr/share/texlive/texmf-dist/tex/latex/tools/array-2016-10-06.sty
Package: array 2016/10/06 v2.4d Tabular extension package (FMi)
\col@sep=\dimen139
\extrarowheight=\dimen140
\NC@list=\toks16
\extratabsurround=\skip49
\backup@length=\skip50
))
(/usr/share/texlive/texmf-dist/tex/latex/base/fixltx2e.sty
Package: fixltx2e 2016/12/29 v2.1a fixes to LaTeX (obsolete)
Applying: [2015/01/01] Old fixltx2e package on input line 46.


Package fixltx2e Warning: fixltx2e is not required with releases after 2015
(fixltx2e)                All fixes are now in the LaTeX kernel.
(fixltx2e)                See the latexrelease package for details.

Already applied: [0000/00/00] Old fixltx2e package on input line 53.
) (./doxygen.sty
Package: doxygen 
 (/usr/share/texlive/texmf-dist/tex/latex/base/alltt.sty
Package: alltt 2021/01/29 v2.0g defines alltt environment
)
(/usr/share/texlive/texmf-dist/tex/latex/tools/calc.sty
Package: calc 2017/05/25 v4.3 Infix arithmetic (KKT,FJ)
\calc@Acount=\count194
\calc@Bcount=\count195
\calc@Adimen=\dimen141
\calc@Bdimen=\dimen142
\calc@Askip=\skip51
\calc@Bskip=\skip52
LaTeX Info: Redefining \setlength on input line 80.
LaTeX Info: Redefining \addtolength on input line 81.
\calc@Ccount=\count196
\calc@Cskip=\skip53
)
(/usr/share/texlive/texmf-dist/tex/latex/float/float.sty
Package: float 2001/11/08 v1.3d Float enhancements (AL)
\c@float@type=\count197
\float@exts=\toks17
\float@box=\box50
\@float@everytoks=\toks18
\@floatcapt=\box51
)
(/usr/share/texlive/texmf-dist/tex/latex/tools/verbatim.sty
Package: verbatim 2020-07-07 v1.5u LaTeX2e package for verbatim enhancements
\every@verbatim=\toks19
\verbatim@line=\toks20
\verbatim@in@stream=\read2
)
(/usr/share/texlive/texmf-dist/tex/latex/xcolor/xcolor.sty
Package: xcolor 2021/10/31 v2.13 LaTeX color extensions (UK)

(/usr/share/texlive/texmf-dist/tex/latex/graphics-cfg/color.cfg
File: color.cfg 2016/01/02 v1.6 sample color configuration
)
Package xcolor Info: Driver file: pdftex.def on input line 227.

(/usr/share/texlive/texmf-dist/tex/latex/graphics-def/pdftex.def
File: pdftex.def 2020/10/05 v1.2a Graphics/color driver for pdftex
)
(/usr/share/texlive/texmf-dist/tex/latex/colortbl/colortbl.sty
Package: colortbl 2020/01/04 v1.0e Color table columns (DPC)
\everycr=\toks21
\minrowclearance=\skip54
)
\rownum=\count198
Package xcolor Info: Model `cmy' substituted by `cmy0' on input line 1352.
Package xcolor Info: Model `hsb' substituted by `rgb' on input line 1356.
Package xcolor Info: Model `RGB' extended on input line 1368.
Package xcolor Info: Model `HTML' substituted by `rgb' on input line 1370.
Package xcolor Info: Model `Hsb' substituted by `hsb' on input line 1371.
Package xcolor Info: Model `tHsb' substituted by `hsb' on input line 1372.
Package xcolor Info: Model `HSB' substituted by `hsb' on input line 1373.
Package xcolor Info: Model `Gray' substituted by `gray' on input line 1374.
Package xcolor Info: Model `wave' substituted by `hsb' on input line 1375.
)
(./longtable_doxygen.sty
Package: longtable_doxygen 2014/10/28 v4.11 Multi-page Table package (DPC) - fr
ozen version for doxygen
\LTleft=\skip55
\LTright=\skip56
\LTpre=\skip57
\LTpost=\skip58
\LTchunksize=\count199
\LTcapwidth=\dimen143
\LT@head=\box52
\LT@firsthead=\box53
\LT@foot=\box54
\LT@lastfoot=\box55
\LT@cols=\count266
\LT@rows=\count267
\c@LT@tables=\count268
\c@LT@chunks=\count269
\LT@p@ftn=\toks22
) (./tabu_doxygen.sty
Package: tabu_doxygen 2011/02/26 v2.8 - flexible LaTeX tabulars (FC), frozen ve
rsion for doxygen

(/usr/share/texlive/texmf-dist/tex/latex/varwidth/varwidth.sty
Package: varwidth 2009/03/30 ver 0.92;  Variable-width minipages
\@vwid@box=\box56
\sift@deathcycles=\count270
\@vwid@loff=\dimen144
\@vwid@roff=\dimen145
)
\c@taburow=\count271
\tabu@nbcols=\count272
\tabu@cnt=\count273
\tabu@Xcol=\count274
\tabu@alloc=\count275
\tabu@nested=\count276
\tabu@target=\dimen146
\tabu@spreadtarget=\dimen147
\tabu@naturalX=\dimen148
\tabucolX=\dimen149
\tabu@Xsum=\dimen150
\extrarowdepth=\dimen151
\abovetabulinesep=\dimen152
\belowtabulinesep=\dimen153
\tabustrutrule=\dimen154
\tabu@thebody=\toks23
\tabu@footnotes=\toks24
\tabu@box=\box57
\tabu@arstrutbox=\box58
\tabu@hleads=\box59
\tabu@vleads=\box60
\tabu@cellskip=\skip59
)
(/usr/share/texlive/texmf-dist/tex/latex/fancyvrb/fancyvrb.sty
Package: fancyvrb 2021/12/21 4.1b verbatim text (tvz,hv)

(/usr/share/texlive/texmf-dist/tex/latex/graphics/keyval.sty
Package: keyval 2014/10/28 v1.15 key=value parser (DPC)
\KV@toks@=\toks25
)
\FV@CodeLineNo=\count277
\FV@InFile=\read3
\FV@TabBox=\box61
\c@FancyVerbLine=\count278
\FV@StepNumber=\count279
\FV@OutFile=\write3
)
(/usr/share/texlive/texmf-dist/tex/latex/tools/tabularx.sty
Package: tabularx 2020/01/15 v2.11c `tabularx' package (DPC)
\TX@col@width=\dimen155
\TX@old@table=\dimen156
\TX@old@col=\dimen157
\TX@target=\dimen158
\TX@delta=\dimen159
\TX@cols=\count280
\TX@ftn=\toks26
)
(/usr/share/texlive/texmf-dist/tex/latex/tools/multicol.sty
Package: multicol 2021/10/28 v1.9b multicolumn formatting (FMi)
\c@tracingmulticols=\count281
\mult@box=\box62
\multicol@leftmargin=\dimen160
\c@unbalance=\count282
\c@collectmore=\count283
\doublecol@number=\count284
\multicoltolerance=\count285
\multicolpretolerance=\count286
\full@width=\dimen161
\page@free=\dimen162
\premulticols=\dimen163
\postmulticols=\dimen164
\multicolsep=\skip60
\multicolbaselineskip=\skip61
\partial@page=\box63
\last@line=\box64
\maxbalancingoverflow=\dimen165
\mult@rightbox=\box65
\mult@grightbox=\box66
\mult@firstbox=\box67
\mult@gfirstbox=\box68
\@tempa=\box69
\@tempa=\box70
\@tempa=\box71
\@tempa=\box72
\@tempa=\box73
\@tempa=\box74
\@tempa=\box75
\@tempa=\box76
\@tempa=\box77
\@tempa=\box78
\@tempa=\box79
\@tempa=\box80
\@tempa=\box81
\@tempa=\box82
\@tempa=\box83
\@tempa=\box84
\@tempa=\box85
\@tempa=\box86
\@tempa=\box87
\@tempa=\box88
\@tempa=\box89
\@tempa=\box90
\@tempa=\box91
\@tempa=\box92
\@tempa=\box93
\@tempa=\box94
\@tempa=\box95
\@tempa=\box96
\@tempa=\box97
\@tempa=\box98
\@tempa=\box99
\@tempa=\box100
\@tempa=\box101
\@tempa=\box102
\@tempa=\box103
\@tempa=\box104
\c@minrows=\count287
\c@columnbadness=\count288
\c@finalcolumnbadness=\count289
\last@try=\dimen166
\multicolovershoot=\dimen167
\multicolundershoot=\dimen168
\mult@nat@firstbox=\box105
\colbreak@box=\box106
\mc@col@check@num=\count290
)
(/usr/share/texlive/texmf-dist/tex/latex/multirow/multirow.sty
Package: multirow 2021/03/15 v2.8 Span multiple rows of a table
\multirow@colwidth=\skip62
\multirow@cntb=\count291
\multirow@dima=\skip63
\bigstrutjot=\dimen169
)
(/usr/share/texlive/texmf-dist/tex/latex/hanging/hanging.sty
Package: hanging 2009/09/02 v1.2b hanging paragraphs and punctuation
\h@ngcommawd=\skip64
\h@ngfstopwd=\skip65
\h@ngquotewd=\skip66
\h@ngdquotewd=\skip67
\h@ngquerywd=\skip68
\h@ngexclwd=\skip69
\h@ngcolonwd=\skip70
\h@ngscolonwd=\skip71
)
(/usr/share/texlive/texmf-dist/tex/generic/iftex/ifpdf.sty
Package: ifpdf 2019/10/25 v3.4 ifpdf legacy package. Use iftex instead.

(/usr/share/texlive/texmf-dist/tex/generic/iftex/iftex.sty
Package: iftex 2020/03/06 v1.0d TeX engine tests
))
(/usr/share/texlive/texmf-dist/tex/latex/adjustbox/adjustbox.sty
Package: adjustbox 2020/08/19 v1.3 Adjusting TeX boxes (trim, clip, ...)

(/usr/share/texlive/texmf-dist/tex/latex/xkeyval/xkeyval.sty
Package: xkeyval 2020/11/20 v2.8 package option processing (HA)

(/usr/share/texlive/texmf-dist/tex/generic/xkeyval/xkeyval.tex
(/usr/share/texlive/texmf-dist/tex/generic/xkeyval/xkvutils.tex
\XKV@toks=\toks27
\XKV@tempa@toks=\toks28
)
\XKV@depth=\count292
File: xkeyval.tex 2014/12/03 v2.7a key=value parser (HA)
))
(/usr/share/texlive/texmf-dist/tex/latex/adjustbox/adjcalc.sty
Package: adjcalc 2012/05/16 v1.1 Provides advanced setlength with multiple back
-ends (calc, etex, pgfmath)
)
(/usr/share/texlive/texmf-dist/tex/latex/adjustbox/trimclip.sty
Package: trimclip 2020/08/19 v1.2 Trim and clip general TeX material

(/usr/share/texlive/texmf-dist/tex/latex/graphics/graphicx.sty
Package: graphicx 2021/09/16 v1.2d Enhanced LaTeX Graphics (DPC,SPQR)

(/usr/share/texlive/texmf-dist/tex/latex/graphics/graphics.sty
Package: graphics 2021/03/04 v1.4d Standard LaTeX Graphics (DPC,SPQR)

(/usr/share/texlive/texmf-dist/tex/latex/graphics/trig.sty
Package: trig 2021/08/11 v1.11 sin cos tan (DPC)
)
(/usr/share/texlive/texmf-dist/tex/latex/graphics-cfg/graphics.cfg
File: graphics.cfg 2016/06/04 v1.11 sample graphics configuration
)
Package graphics Info: Driver file: pdftex.def on input line 107.
)
\Gin@req@height=\dimen170
\Gin@req@width=\dimen171
)
(/usr/share/texlive/texmf-dist/tex/latex/collectbox/collectbox.sty
Package: collectbox 2012/05/17 v0.4b Collect macro arguments as boxes
\collectedbox=\box107
)
\tc@llx=\dimen172
\tc@lly=\dimen173
\tc@urx=\dimen174
\tc@ury=\dimen175
Package trimclip Info: Using driver 'tc-pdftex.def'.

(/usr/share/texlive/texmf-dist/tex/latex/adjustbox/tc-pdftex.def
File: tc-pdftex.def 2019/01/04 v2.2 Clipping driver for pdftex
))
\adjbox@Width=\dimen176
\adjbox@Height=\dimen177
\adjbox@Depth=\dimen178
\adjbox@Totalheight=\dimen179
\adjbox@pwidth=\dimen180
\adjbox@pheight=\dimen181
\adjbox@pdepth=\dimen182
\adjbox@ptotalheight=\dimen183

(/usr/share/texlive/texmf-dist/tex/latex/ifoddpage/ifoddpage.sty
Package: ifoddpage 2016/04/23 v1.1 Conditionals for odd/even page detection
\c@checkoddpage=\count293
))
(/usr/share/texlive/texmf-dist/tex/latex/amsfonts/amssymb.sty
Package: amssymb 2013/01/14 v3.01 AMS font symbols

(/usr/share/texlive/texmf-dist/tex/latex/amsfonts/amsfonts.sty
Package: amsfonts 2013/01/14 v3.01 Basic AMSFonts support
\@emptytoks=\toks29
\symAMSa=\mathgroup4
\symAMSb=\mathgroup5
LaTeX Font Info:    Redeclaring math symbol \hbar on input line 98.
LaTeX Font Info:    Overwriting math alphabet `\mathfrak' in version `bold'
(Font)                  U/euf/m/n --> U/euf/b/n on input line 106.
))
(/usr/share/texlive/texmf-dist/tex/latex/stackengine/stackengine.sty
Package: stackengine 2021/07/22 v4.11\ Stacking text and objects in convenient 
ways

(/usr/share/texlive/texmf-dist/tex/latex/etoolbox/etoolbox.sty
Package: etoolbox 2020/10/05 v2.5k e-TeX tools for LaTeX (JAW)
\etb@tempcnta=\count294
)
(/usr/share/texlive/texmf-dist/tex/generic/listofitems/listofitems.sty
(/usr/share/texlive/texmf-dist/tex/generic/listofitems/listofitems.tex
\loi_cnt_foreach_nest=\count295
\loi_nestcnt=\count296
)
Package: listofitems 2019/08/21 v1.63 Grab items in lists using user-specified 
sep char (CT)
)
\c@@stackindex=\count297
\@boxshift=\skip72
\stack@tmplength=\skip73
\temp@stkl=\skip74
\@stackedboxwidth=\skip75
\@addedbox=\box108
\@anchorbox=\box109
\@insetbox=\box110
\se@backgroundbox=\box111
\stackedbox=\box112
\@centerbox=\box113
\c@ROWcellindex@=\count298
)
(/usr/share/texlive/texmf-dist/tex/generic/ulem/ulem.sty
\UL@box=\box114
\UL@hyphenbox=\box115
\UL@skip=\skip76
\UL@hook=\toks30
\UL@height=\dimen184
\UL@pe=\count299
\UL@pixel=\dimen185
\ULC@box=\box116
Package: ulem 2019/11/18
\ULdepth=\dimen186
)
\xrefbox=\box117
\xreflength=\skip77
\CodeWidthChar=\skip78
\CodeHeightChar=\skip79
\DoxyCodeWidth=\skip80
)
(/usr/share/texlive/texmf-dist/tex/latex/base/inputenc.sty
Package: inputenc 2021/02/14 v1.3d Input encoding file
\inpenc@prehook=\toks31
\inpenc@posthook=\toks32
)
(/usr/share/texlive/texmf-dist/tex/latex/base/makeidx.sty
Package: makeidx 2021/10/04 v1.0m Standard LaTeX package
)
(/usr/share/texlive/texmf-dist/tex/latex/base/textcomp.sty
Package: textcomp 2020/02/02 v2.0n Standard LaTeX package
)
(/usr/share/texlive/texmf-dist/tex/latex/wasysym/wasysym.sty
Package: wasysym 2020/01/19 v2.4 Wasy-2 symbol support package
\symwasy=\mathgroup6
LaTeX Font Info:    Overwriting symbol font `wasy' in version `bold'
(Font)                  U/wasy/m/n --> U/wasy/b/n on input line 93.
)
(/usr/share/texlive/texmf-dist/tex/generic/iftex/ifxetex.sty
Package: ifxetex 2019/10/25 v0.7 ifxetex legacy package. Use iftex instead.
)
(/usr/share/texlive/texmf-dist/tex/latex/base/fontenc.sty
Package: fontenc 2021/04/29 v2.0v Standard LaTeX package
)
(/usr/share/texlive/texmf-dist/tex/latex/psnfss/helvet.sty
Package: helvet 2020/03/25 PSNFSS-v9.3 (WaS) 
)
(/usr/share/texlive/texmf-dist/tex/latex/psnfss/courier.sty
Package: courier 2020/03/25 PSNFSS-v9.3 (WaS) 
)
(/usr/share/texlive/texmf-dist/tex/latex/sectsty/sectsty.sty
Package: sectsty 2002/02/25 v2.0.2 Commands to change all sectional heading sty
les


LaTeX Warning: Command \underbar  has changed.
               Check if current package is valid.


LaTeX Warning: Command \underline  has changed.
               Check if current package is valid.

) (/usr/share/texlive/texmf-dist/tex/latex/geometry/geometry.sty
Package: geometry 2020/01/02 v5.9 Page Geometry

(/usr/share/texlive/texmf-dist/tex/generic/iftex/ifvtex.sty
Package: ifvtex 2019/10/25 v1.7 ifvtex legacy package. Use iftex instead.
)
\Gm@cnth=\count300
\Gm@cntv=\count301
\c@Gm@tempcnt=\count302
\Gm@bindingoffset=\dimen187
\Gm@wd@mp=\dimen188
\Gm@odd@mp=\dimen189
\Gm@even@mp=\dimen190
\Gm@layoutwidth=\dimen191
\Gm@layoutheight=\dimen192
\Gm@layouthoffset=\dimen193
\Gm@layoutvoffset=\dimen194
\Gm@dimlist=\toks33
)
(/usr/share/texlive/texmf-dist/tex/latex/fancyhdr/fancyhdr.sty
Package: fancyhdr 2021/01/28 v4.0.1 Extensive control of page headers and foote
rs
\f@nch@headwidth=\skip81
\f@nch@O@elh=\skip82
\f@nch@O@erh=\skip83
\f@nch@O@olh=\skip84
\f@nch@O@orh=\skip85
\f@nch@O@elf=\skip86
\f@nch@O@erf=\skip87
\f@nch@O@olf=\skip88
\f@nch@O@orf=\skip89
)
(/usr/share/texlive/texmf-dist/tex/latex/natbib/natbib.sty
Package: natbib 2010/09/13 8.31b (PWD, AO)
\bibhang=\skip90
\bibsep=\skip91
LaTeX Info: Redefining \cite on input line 694.
\c@NAT@ctr=\count303
)
(/usr/share/texlive/texmf-dist/tex/latex/tocloft/tocloft.sty
Package: tocloft 2017/08/31 v2.3i parameterised ToC, etc., typesetting
Package tocloft Info: The document has chapter divisions on input line 51.
\cftparskip=\skip92
\cftbeforetoctitleskip=\skip93
\cftaftertoctitleskip=\skip94
\cftbeforepartskip=\skip95
\cftpartnumwidth=\skip96
\cftpartindent=\skip97
\cftbeforechapskip=\skip98
\cftchapindent=\skip99
\cftchapnumwidth=\skip100
\cftbeforesecskip=\skip101
\cftsecindent=\skip102
\cftsecnumwidth=\skip103
\cftbeforesubsecskip=\skip104
\cftsubsecindent=\skip105
\cftsubsecnumwidth=\skip106
\cftbeforesubsubsecskip=\skip107
\cftsubsubsecindent=\skip108
\cftsubsubsecnumwidth=\skip109
\cftbeforeparaskip=\skip110
\cftparaindent=\skip111
\cftparanumwidth=\skip112
\cftbeforesubparaskip=\skip113
\cftsubparaindent=\skip114
\cftsubparanumwidth=\skip115
\cftbeforeloftitleskip=\skip116
\cftafterloftitleskip=\skip117
\cftbeforefigskip=\skip118
\cftfigindent=\skip119
\cftfignumwidth=\skip120
\c@lofdepth=\count304
\c@lotdepth=\count305
\cftbeforelottitleskip=\skip121
\cftafterlottitleskip=\skip122
\cftbeforetabskip=\skip123
\cfttabindent=\skip124
\cfttabnumwidth=\skip125
)
\@indexfile=\write4
\openout4 = `refman.idx'.


Writing index file refman.idx
(/usr/share/texlive/texmf-dist/tex/latex/newunicodechar/newunicodechar.sty
Package: newunicodechar 2018/04/08 v1.2 Defining Unicode characters
)

Package newunicodechar Warning: Redefining Unicode character on input line 115.



Package newunicodechar Warning: Redefining Unicode character on input line 116.


(/usr/share/texlive/texmf-dist/tex/latex/hyperref/hyperref.sty
Package: hyperref 2021-06-07 v7.00m Hypertext links for LaTeX

(/usr/share/texlive/texmf-dist/tex/generic/ltxcmds/ltxcmds.sty
Package: ltxcmds 2020-05-10 v1.25 LaTeX kernel commands for general use (HO)
)
(/usr/share/texlive/texmf-dist/tex/generic/pdftexcmds/pdftexcmds.sty
Package: pdftexcmds 2020-06-27 v0.33 Utility functions of pdfTeX for LuaTeX (HO
)

(/usr/share/texlive/texmf-dist/tex/generic/infwarerr/infwarerr.sty
Package: infwarerr 2019/12/03 v1.5 Providing info/warning/error messages (HO)
)
Package pdftexcmds Info: \pdf@primitive is available.
Package pdftexcmds Info: \pdf@ifprimitive is available.
Package pdftexcmds Info: \pdfdraftmode found.
)
(/usr/share/texlive/texmf-dist/tex/generic/kvsetkeys/kvsetkeys.sty
Package: kvsetkeys 2019/12/15 v1.18 Key value parser (HO)
)
(/usr/share/texlive/texmf-dist/tex/generic/kvdefinekeys/kvdefinekeys.sty
Package: kvdefinekeys 2019-12-19 v1.6 Define keys (HO)
)
(/usr/share/texlive/texmf-dist/tex/generic/pdfescape/pdfescape.sty
Package: pdfescape 2019/12/09 v1.15 Implements pdfTeX's escape features (HO)
)
(/usr/share/texlive/texmf-dist/tex/latex/hycolor/hycolor.sty
Package: hycolor 2020-01-27 v1.10 Color options for hyperref/bookmark (HO)
)
(/usr/share/texlive/texmf-dist/tex/latex/letltxmacro/letltxmacro.sty
Package: letltxmacro 2019/12/03 v1.6 Let assignment for LaTeX macros (HO)
)
(/usr/share/texlive/texmf-dist/tex/latex/auxhook/auxhook.sty
Package: auxhook 2019-12-17 v1.6 Hooks for auxiliary files (HO)
)
(/usr/share/texlive/texmf-dist/tex/latex/kvoptions/kvoptions.sty
Package: kvoptions 2020-10-07 v3.14 Key value format for package options (HO)
)
\@linkdim=\dimen195
\Hy@linkcounter=\count306
\Hy@pagecounter=\count307

(/usr/share/texlive/texmf-dist/tex/latex/hyperref/pd1enc.def
File: pd1enc.def 2021-06-07 v7.00m Hyperref: PDFDocEncoding definition (HO)
Now handling font encoding PD1 ...
... no UTF-8 mapping file for font encoding PD1
)
(/usr/share/texlive/texmf-dist/tex/latex/hyperref/hyperref-langpatches.def
File: hyperref-langpatches.def 2021-06-07 v7.00m Hyperref: patches for babel la
nguages
)
(/usr/share/texlive/texmf-dist/tex/generic/intcalc/intcalc.sty
Package: intcalc 2019/12/15 v1.3 Expandable calculations with integers (HO)
)
(/usr/share/texlive/texmf-dist/tex/generic/etexcmds/etexcmds.sty
Package: etexcmds 2019/12/15 v1.7 Avoid name clashes with e-TeX commands (HO)
)
\Hy@SavedSpaceFactor=\count308

(/usr/share/texlive/texmf-dist/tex/latex/hyperref/puenc.def
File: puenc.def 2021-06-07 v7.00m Hyperref: PDF Unicode definition (HO)
Now handling font encoding PU ...
... no UTF-8 mapping file for font encoding PU
)
Package hyperref Info: Hyper figures OFF on input line 4192.
Package hyperref Info: Link nesting OFF on input line 4197.
Package hyperref Info: Hyper index ON on input line 4200.
Package hyperref Info: Plain pages OFF on input line 4207.
Package hyperref Info: Backreferencing ON on input line 4210.
Package hyperref Info: Implicit mode ON; LaTeX internals redefined.
Package hyperref Info: Bookmarks ON on input line 4445.

(/usr/share/texlive/texmf-dist/tex/latex/hyperref/backref.sty
Package: backref 2021/02/04 v1.41 Bibliographical back referencing

(/usr/share/texlive/texmf-dist/tex/latex/rerunfilecheck/rerunfilecheck.sty
Package: rerunfilecheck 2019/12/05 v1.9 Rerun checks for auxiliary files (HO)

(/usr/share/texlive/texmf-dist/tex/latex/base/atveryend-ltx.sty
Package: atveryend-ltx 2020/08/19 v1.0a Emulation of the original atveryend pac
kage
with kernel methods
)
(/usr/share/texlive/texmf-dist/tex/generic/uniquecounter/uniquecounter.sty
Package: uniquecounter 2019/12/15 v1.4 Provide unlimited unique counter (HO)

(/usr/share/texlive/texmf-dist/tex/generic/bigintcalc/bigintcalc.sty
Package: bigintcalc 2019/12/15 v1.5 Expandable calculations on big integers (HO
)
))
Package uniquecounter Info: New unique counter `rerunfilecheck' on input line 2
86.
))
\c@Hy@tempcnt=\count309

(/usr/share/texlive/texmf-dist/tex/latex/url/url.sty
\Urlmuskip=\muskip16
Package: url 2013/09/16  ver 3.4  Verb mode for urls, etc.
)
LaTeX Info: Redefining \url on input line 4804.
\XeTeXLinkMargin=\dimen196

(/usr/share/texlive/texmf-dist/tex/generic/bitset/bitset.sty
Package: bitset 2019/12/09 v1.3 Handle bit-vector datatype (HO)
)
\Fld@menulength=\count310
\Field@Width=\dimen197
\Fld@charsize=\dimen198
Package hyperref Info: Hyper figures OFF on input line 6076.
Package hyperref Info: Link nesting OFF on input line 6081.
Package hyperref Info: Hyper index ON on input line 6084.
Package hyperref Info: backreferencing ON on input line 6089.
Package hyperref Info: Link coloring OFF on input line 6096.
Package hyperref Info: Link coloring with OCG OFF on input line 6101.
Package hyperref Info: PDF/A mode OFF on input line 6106.
LaTeX Info: Redefining \ref on input line 6146.
LaTeX Info: Redefining \pageref on input line 6150.

(/usr/share/texlive/texmf-dist/tex/latex/base/atbegshi-ltx.sty
Package: atbegshi-ltx 2021/01/10 v1.0c Emulation of the original atbegshi
package with kernel methods
)
\Hy@abspage=\count311
\c@Item=\count312
\c@Hfootnote=\count313


LaTeX Warning: Command \LT@p@ftntext  has changed.
               Check if current package is valid.

)
Package hyperref Info: Driver: hpdftex.
 (/usr/share/texlive/texmf-dist/tex/latex/hyperref/hpdftex.def
File: hpdftex.def 2021-06-07 v7.00m Hyperref driver for pdfTeX
\Fld@listcount=\count314
\c@bookmark@seq@number=\count315
\Hy@SectionHShift=\skip126
)
Package hyperref Info: Option `colorlinks' set `true' on input line 134.
Package hyperref Info: Option `unicode' set `true' on input line 134.

(/usr/share/texlive/texmf-dist/tex/latex/caption/caption.sty
Package: caption 2020/10/26 v3.5g Customizing captions (AR)

(/usr/share/texlive/texmf-dist/tex/latex/caption/caption3.sty
Package: caption3 2020/10/21 v2.2e caption3 kernel (AR)
\captionmargin=\dimen199
\captionmargin@=\dimen256
\captionwidth=\dimen257
\caption@tempdima=\dimen258
\caption@indent=\dimen259
\caption@parindent=\dimen260
\caption@hangindent=\dimen261
Package caption Info: Standard document class detected.
)
\c@caption@flags=\count316
\c@continuedfloat=\count317
Package caption Info: float package is loaded.
Package caption Info: hyperref package is loaded.
Package caption Info: longtable package is loaded.

(/usr/share/texlive/texmf-dist/tex/latex/caption/ltcaption.sty
Package: ltcaption 2020/05/30 v1.4b longtable captions (AR)
))
(/usr/share/texlive/texmf-dist/tex/latex/etoc/etoc.sty
Package: etoc 2021/09/23 v1.09e Completely customisable TOCs (JFB)
\Etoc@toctoks=\toks34
\c@etoc@tocid=\count318
\c@etoc@tocdepth=\count319
\etoc@framed@titlebox=\box118
\etoc@framed@contentsbox=\box119
)
LaTeX Font Info:    Trying to load font information for T1+phv on input line 14
9.

(/usr/share/texlive/texmf-dist/tex/latex/psnfss/t1phv.fd
File: t1phv.fd 2020/03/25 scalable font definitions for T1/phv.
)
LaTeX Font Info:    Font shape `T1/phv/m/n' will be
(Font)              scaled to size 8.99994pt on input line 149.

(/usr/share/texlive/texmf-dist/tex/latex/l3backend/l3backend-pdftex.def
File: l3backend-pdftex.def 2022-01-12 L3 backend support: PDF output (pdfTeX)
\l__color_backend_stack_int=\count320
\l__pdf_internal_box=\box120
)
(./refman.aux)
\openout1 = `refman.aux'.

LaTeX Font Info:    Checking defaults for OML/cmm/m/it on input line 149.
LaTeX Font Info:    ... okay on input line 149.
LaTeX Font Info:    Checking defaults for OMS/cmsy/m/n on input line 149.
LaTeX Font Info:    ... okay on input line 149.
LaTeX Font Info:    Checking defaults for OT1/cmr/m/n on input line 149.
LaTeX Font Info:    ... okay on input line 149.
LaTeX Font Info:    Checking defaults for T1/cmr/m/n on input line 149.
LaTeX Font Info:    ... okay on input line 149.
LaTeX Font Info:    Checking defaults for TS1/cmr/m/n on input line 149.
LaTeX Font Info:    ... okay on input line 149.
LaTeX Font Info:    Checking defaults for OMX/cmex/m/n on input line 149.
LaTeX Font Info:    ... okay on input line 149.
LaTeX Font Info:    Checking defaults for U/cmr/m/n on input line 149.
LaTeX Font Info:    ... okay on input line 149.
LaTeX Font Info:    Checking defaults for PD1/pdf/m/n on input line 149.
LaTeX Font Info:    ... okay on input line 149.
LaTeX Font Info:    Checking defaults for PU/pdf/m/n on input line 149.
LaTeX Font Info:    ... okay on input line 149.

(/usr/share/texlive/texmf-dist/tex/context/base/mkii/supp-pdf.mkii
[Loading MPS to PDF converter (version 2006.09.02).]
\scratchcounter=\count321
\scratchdimen=\dimen262
\scratchbox=\box121
\nofMPsegments=\count322
\nofMParguments=\count323
\everyMPshowfont=\toks35
\MPscratchCnt=\count324
\MPscratchDim=\dimen263
\MPnumerator=\count325
\makeMPintoPDFobject=\count326
\everyMPtoPDFconversion=\toks36
) (/usr/share/texlive/texmf-dist/tex/latex/epstopdf-pkg/epstopdf-base.sty
Package: epstopdf-base 2020-01-24 v2.11 Base part for package epstopdf
Package epstopdf-base Info: Redefining graphics rule for `.eps' on input line 4
85.

(/usr/share/texlive/texmf-dist/tex/latex/latexconfig/epstopdf-sys.cfg
File: epstopdf-sys.cfg 2010/07/13 v1.3 Configuration of (r)epstopdf for TeX Liv
e
))
*geometry* driver: auto-detecting
*geometry* detected driver: pdftex
*geometry* verbose mode - [ preamble ] result:
* driver: pdftex
* paper: a4paper
* layout: <same size as paper>
* layoutoffset:(h,v)=(0.0pt,0.0pt)
* modes: twoside 
* h-part:(L,W,R)=(71.13188pt, 455.24411pt, 71.13188pt)
* v-part:(T,H,B)=(71.13188pt, 702.78308pt, 71.13188pt)
* \paperwidth=597.50787pt
* \paperheight=845.04684pt
* \textwidth=455.24411pt
* \textheight=702.78308pt
* \oddsidemargin=-1.1381pt
* \evensidemargin=-1.1381pt
* \topmargin=-31.2056pt
* \headheight=12.0pt
* \headsep=18.06749pt
* \topskip=10.0pt
* \footskip=25.29494pt
* \marginparwidth=125.0pt
* \marginparsep=7.0pt
* \columnsep=10.0pt
* \skip\footins=9.0pt plus 4.0pt minus 2.0pt
* \hoffset=0.0pt
* \voffset=0.0pt
* \mag=1000
* \@twocolumnfalse
* \@twosidetrue
* \@mparswitchtrue
* \@reversemarginfalse
* (1in=72.27pt=25.4mm, 1cm=28.453pt)

Package hyperref Info: Link coloring ON on input line 149.
(/usr/share/texlive/texmf-dist/tex/latex/hyperref/nameref.sty
Package: nameref 2021-04-02 v2.47 Cross-referencing by name of section

(/usr/share/texlive/texmf-dist/tex/latex/refcount/refcount.sty
Package: refcount 2019/12/15 v3.6 Data extraction from label references (HO)
)
(/usr/share/texlive/texmf-dist/tex/generic/gettitlestring/gettitlestring.sty
Package: gettitlestring 2019/12/15 v1.6 Cleanup title references (HO)
)
\c@section@level=\count327
)
LaTeX Info: Redefining \ref on input line 149.
LaTeX Info: Redefining \pageref on input line 149.
LaTeX Info: Redefining \nameref on input line 149.

(./refman.out) (./refman.out)
\@outlinefile=\write5
\openout5 = `refman.out'.

Package backref Info: ** backref set up for natbib ** on input line 149.
Package caption Info: Begin \AtBeginDocument code.
Package caption Info: End \AtBeginDocument code.
\Etoc@tf=\read4
Package hyperref Info: Option `pageanchor' set `false' on input line 156.
Package hyperref Info: Option `bookmarksnumbered' set `true' on input line 156.

Package hyperref Info: Option `unicode' set `true' on input line 156.
LaTeX Font Info:    Font shape `T1/phv/m/n' will be
(Font)              scaled to size 12.9599pt on input line 161.
LaTeX Font Info:    Font shape `T1/phv/m/n' will be
(Font)              scaled to size 10.79993pt on input line 161.
LaTeX Font Info:    Font shape `T1/phv/m/n' will be
(Font)              scaled to size 6.29996pt on input line 161.
LaTeX Font Info:    Trying to load font information for U+msa on input line 161
.

(/usr/share/texlive/texmf-dist/tex/latex/amsfonts/umsa.fd
File: umsa.fd 2013/01/14 v3.01 AMS symbols A
)
LaTeX Font Info:    Trying to load font information for U+msb on input line 161
.

(/usr/share/texlive/texmf-dist/tex/latex/amsfonts/umsb.fd
File: umsb.fd 2013/01/14 v3.01 AMS symbols B
)
LaTeX Font Info:    Trying to load font information for U+wasy on input line 16
1.

(/usr/share/texlive/texmf-dist/tex/latex/wasysym/uwasy.fd
File: uwasy.fd 2020/01/19 v2.4 Wasy-2 symbol font definitions
) [1


{/var/lib/texmf/fonts/map/pdftex/updmap/pdftex.map}] [2

]
\tf@toc=\write6
\openout6 = `refman.toc'.

LaTeX Font Info:    Font shape `T1/phv/b/n' will be
(Font)              scaled to size 8.99994pt on input line 169.
LaTeX Font Info:    Font shape `T1/phv/b/n' will be
(Font)              scaled to size 6.29996pt on input line 169.
 [1] [2] [3] [4] [5] [6] [7] [8] [9]
[10] [11] [12] [13] [14] [15] [16] [17] [18] [19] [20] [21] [22] [23] [24]
[25] [26] [27] [28] [29] [30] [31] [32] [33] [34] [35] [36] [37] [38] [39]
[40] [41] [42] [43] [44] [45] [46

]
Package hyperref Info: Option `pageanchor' set `true' on input line 171.

Chapter 1.
LaTeX Font Info:    Font shape `T1/phv/m/n' will be
(Font)              scaled to size 18.66588pt on input line 174.
LaTeX Font Info:    Font shape `T1/phv/b/n' will be
(Font)              scaled to size 18.66588pt on input line 174.
LaTeX Font Info:    Font shape `T1/phv/bc/n' will be
(Font)              scaled to size 18.66588pt on input line 174.
LaTeX Font Info:    Font shape `T1/phv/m/n' will be
(Font)              scaled to size 22.39185pt on input line 174.
LaTeX Font Info:    Font shape `T1/phv/b/n' will be
(Font)              scaled to size 22.39185pt on input line 174.
LaTeX Font Info:    Font shape `T1/phv/bc/n' will be
(Font)              scaled to size 22.39185pt on input line 174.
(./index.tex
LaTeX Font Info:    Trying to load font information for T1+pcr on input line 1.

 (/usr/share/texlive/texmf-dist/tex/latex/psnfss/t1pcr.fd
File: t1pcr.fd 2001/06/04 font definitions for T1/pcr.
)
LaTeX Font Info:    Font shape `T1/phv/b/n' will be
(Font)              scaled to size 10.79993pt on input line 3.


Package hyperref Warning: Difference (2) between bookmark levels is greater 
(hyperref)                than one, level fixed on input line 3.

LaTeX Font Info:    Trying to load font information for TS1+phv on input line 6
.
(/usr/share/texlive/texmf-dist/tex/latex/psnfss/ts1phv.fd
File: ts1phv.fd 2020/03/25 scalable font definitions for TS1/phv.
)
LaTeX Font Info:    Font shape `TS1/phv/m/n' will be
(Font)              scaled to size 8.99994pt on input line 6.
) [1

] [2

]
Chapter 2.
(./hierarchy.tex
LaTeX Font Info:    Font shape `T1/phv/b/n' will be
(Font)              scaled to size 12.9599pt on input line 1.
 [3] [4] [5] [6] [7] [8] [9] [10]) [11] [12

]
Chapter 3.
(./annotated.tex [13] [14] [15] [16] [17] [18] [19] [20] [21] [22] [23]
[24]) [25] [26

]
Chapter 4.
(./files.tex

LaTeX Warning: Reference `packet__receiver_8hpp' on page 27 undefined on input 
line 17.


LaTeX Warning: Reference `checksum_8h' on page 27 undefined on input line 22.


LaTeX Warning: Reference `mavlink__get__info_8h' on page 27 undefined on input 
line 24.


LaTeX Warning: Reference `mavlink__helpers_8h' on page 27 undefined on input li
ne 25.


LaTeX Warning: Reference `mavlink__sha256_8h' on page 27 undefined on input lin
e 26.


LaTeX Warning: Reference `mavlink__types_8h' on page 27 undefined on input line
 27.


LaTeX Warning: Reference `message_8hpp' on page 27 undefined on input line 28.


LaTeX Warning: Reference `msgmap_8hpp' on page 27 undefined on input line 29.


LaTeX Warning: Reference `protocol_8h' on page 27 undefined on input line 30.

[27]

LaTeX Warning: Reference `mavlink__msg__actuator__control__target_8h' on page 2
8 undefined on input line 35.


LaTeX Warning: Reference `mavlink__msg__actuator__control__target_8hpp' on page
 28 undefined on input line 36.


LaTeX Warning: Reference `mavlink__msg__actuator__output__status_8h' on page 28
 undefined on input line 37.


LaTeX Warning: Reference `mavlink__msg__actuator__output__status_8hpp' on page 
28 undefined on input line 38.


LaTeX Warning: Reference `mavlink__msg__adsb__vehicle_8h' on page 28 undefined 
on input line 39.


LaTeX Warning: Reference `mavlink__msg__adsb__vehicle_8hpp' on page 28 undefine
d on input line 40.


LaTeX Warning: Reference `mavlink__msg__airspeed_8h' on page 28 undefined on in
put line 41.


LaTeX Warning: Reference `mavlink__msg__airspeed_8hpp' on page 28 undefined on 
input line 42.


LaTeX Warning: Reference `mavlink__msg__ais__vessel_8h' on page 28 undefined on
 input line 43.


LaTeX Warning: Reference `mavlink__msg__ais__vessel_8hpp' on page 28 undefined 
on input line 44.


LaTeX Warning: Reference `mavlink__msg__altitude_8h' on page 28 undefined on in
put line 45.


LaTeX Warning: Reference `mavlink__msg__altitude_8hpp' on page 28 undefined on 
input line 46.


LaTeX Warning: Reference `mavlink__msg__att__pos__mocap_8h' on page 28 undefine
d on input line 47.


LaTeX Warning: Reference `mavlink__msg__att__pos__mocap_8hpp' on page 28 undefi
ned on input line 48.


LaTeX Warning: Reference `mavlink__msg__attitude_8h' on page 28 undefined on in
put line 49.


LaTeX Warning: Reference `mavlink__msg__attitude_8hpp' on page 28 undefined on 
input line 50.


LaTeX Warning: Reference `mavlink__msg__attitude__quaternion_8h' on page 28 und
efined on input line 51.


LaTeX Warning: Reference `mavlink__msg__attitude__quaternion_8hpp' on page 28 u
ndefined on input line 52.


LaTeX Warning: Reference `mavlink__msg__attitude__quaternion__cov_8h' on page 2
8 undefined on input line 53.


LaTeX Warning: Reference `mavlink__msg__attitude__quaternion__cov_8hpp' on page
 28 undefined on input line 54.


LaTeX Warning: Reference `mavlink__msg__attitude__target_8h' on page 28 undefin
ed on input line 55.


LaTeX Warning: Reference `mavlink__msg__attitude__target_8hpp' on page 28 undef
ined on input line 56.


LaTeX Warning: Reference `mavlink__msg__auth__key_8h' on page 28 undefined on i
nput line 57.


LaTeX Warning: Reference `mavlink__msg__auth__key_8hpp' on page 28 undefined on
 input line 58.


LaTeX Warning: Reference `mavlink__msg__autopilot__state__for__gimbal__device_8
h' on page 28 undefined on input line 59.


LaTeX Warning: Reference `mavlink__msg__autopilot__state__for__gimbal__device_8
hpp' on page 28 undefined on input line 60.


Underfull \hbox (badness 10000) in paragraph at lines 60--60
 [][] \T1/phv/m/n/10 single[]_[]hand[]_[]controller/include/mavlink/common/\T1/
phv/b/n/10 mavlink[]_[]msg[]_[]autopilot[]_[]state[]_[]for[]_[]gimbal[]_[]devic
e.[] 
 []


LaTeX Warning: Reference `mavlink__msg__available__modes_8h' on page 28 undefin
ed on input line 61.


LaTeX Warning: Reference `mavlink__msg__available__modes_8hpp' on page 28 undef
ined on input line 62.


LaTeX Warning: Reference `mavlink__msg__available__modes__monitor_8h' on page 2
8 undefined on input line 63.


LaTeX Warning: Reference `mavlink__msg__available__modes__monitor_8hpp' on page
 28 undefined on input line 64.


LaTeX Warning: Reference `mavlink__msg__battery__info_8h' on page 28 undefined 
on input line 65.


LaTeX Warning: Reference `mavlink__msg__battery__info_8hpp' on page 28 undefine
d on input line 66.


LaTeX Warning: Reference `mavlink__msg__battery__status_8h' on page 28 undefine
d on input line 67.


LaTeX Warning: Reference `mavlink__msg__battery__status_8hpp' on page 28 undefi
ned on input line 68.


LaTeX Warning: Reference `mavlink__msg__button__change_8h' on page 28 undefined
 on input line 69.


LaTeX Warning: Reference `mavlink__msg__button__change_8hpp' on page 28 undefin
ed on input line 70.


LaTeX Warning: Reference `mavlink__msg__camera__capture__status_8h' on page 28 
undefined on input line 71.


LaTeX Warning: Reference `mavlink__msg__camera__capture__status_8hpp' on page 2
8 undefined on input line 72.


LaTeX Warning: Reference `mavlink__msg__camera__fov__status_8h' on page 28 unde
fined on input line 73.


LaTeX Warning: Reference `mavlink__msg__camera__fov__status_8hpp' on page 28 un
defined on input line 74.


LaTeX Warning: Reference `mavlink__msg__camera__image__captured_8h' on page 28 
undefined on input line 75.


LaTeX Warning: Reference `mavlink__msg__camera__image__captured_8hpp' on page 2
8 undefined on input line 76.


LaTeX Warning: Reference `mavlink__msg__camera__information_8h' on page 28 unde
fined on input line 77.


LaTeX Warning: Reference `mavlink__msg__camera__information_8hpp' on page 28 un
defined on input line 78.


LaTeX Warning: Reference `mavlink__msg__camera__settings_8h' on page 28 undefin
ed on input line 79.


LaTeX Warning: Reference `mavlink__msg__camera__settings_8hpp' on page 28 undef
ined on input line 80.


LaTeX Warning: Reference `mavlink__msg__camera__thermal__range_8h' on page 28 u
ndefined on input line 81.


LaTeX Warning: Reference `mavlink__msg__camera__thermal__range_8hpp' on page 28
 undefined on input line 82.


LaTeX Warning: Reference `mavlink__msg__camera__tracking__geo__status_8h' on pa
ge 28 undefined on input line 83.


LaTeX Warning: Reference `mavlink__msg__camera__tracking__geo__status_8hpp' on 
page 28 undefined on input line 84.


LaTeX Warning: Reference `mavlink__msg__camera__tracking__image__status_8h' on 
page 28 undefined on input line 85.


LaTeX Warning: Reference `mavlink__msg__camera__tracking__image__status_8hpp' o
n page 28 undefined on input line 86.


LaTeX Warning: Reference `mavlink__msg__camera__trigger_8h' on page 28 undefine
d on input line 87.


LaTeX Warning: Reference `mavlink__msg__camera__trigger_8hpp' on page 28 undefi
ned on input line 88.

[28]

LaTeX Warning: Reference `mavlink__msg__can__filter__modify_8h' on page 29 unde
fined on input line 89.


LaTeX Warning: Reference `mavlink__msg__can__filter__modify_8hpp' on page 29 un
defined on input line 90.


LaTeX Warning: Reference `mavlink__msg__can__frame_8h' on page 29 undefined on 
input line 91.


LaTeX Warning: Reference `mavlink__msg__can__frame_8hpp' on page 29 undefined o
n input line 92.


LaTeX Warning: Reference `mavlink__msg__canfd__frame_8h' on page 29 undefined o
n input line 93.


LaTeX Warning: Reference `mavlink__msg__canfd__frame_8hpp' on page 29 undefined
 on input line 94.


LaTeX Warning: Reference `mavlink__msg__cellular__config_8h' on page 29 undefin
ed on input line 95.


LaTeX Warning: Reference `mavlink__msg__cellular__config_8hpp' on page 29 undef
ined on input line 96.


LaTeX Warning: Reference `mavlink__msg__cellular__status_8h' on page 29 undefin
ed on input line 97.


LaTeX Warning: Reference `mavlink__msg__cellular__status_8hpp' on page 29 undef
ined on input line 98.


LaTeX Warning: Reference `mavlink__msg__change__operator__control_8h' on page 2
9 undefined on input line 99.


LaTeX Warning: Reference `mavlink__msg__change__operator__control_8hpp' on page
 29 undefined on input line 100.


LaTeX Warning: Reference `mavlink__msg__change__operator__control__ack_8h' on p
age 29 undefined on input line 101.


LaTeX Warning: Reference `mavlink__msg__change__operator__control__ack_8hpp' on
 page 29 undefined on input line 102.


LaTeX Warning: Reference `mavlink__msg__collision_8h' on page 29 undefined on i
nput line 103.


LaTeX Warning: Reference `mavlink__msg__collision_8hpp' on page 29 undefined on
 input line 104.


LaTeX Warning: Reference `mavlink__msg__command__ack_8h' on page 29 undefined o
n input line 105.


LaTeX Warning: Reference `mavlink__msg__command__ack_8hpp' on page 29 undefined
 on input line 106.


LaTeX Warning: Reference `mavlink__msg__command__cancel_8h' on page 29 undefine
d on input line 107.


LaTeX Warning: Reference `mavlink__msg__command__cancel_8hpp' on page 29 undefi
ned on input line 108.


LaTeX Warning: Reference `mavlink__msg__command__int_8h' on page 29 undefined o
n input line 109.


LaTeX Warning: Reference `mavlink__msg__command__int_8hpp' on page 29 undefined
 on input line 110.


LaTeX Warning: Reference `mavlink__msg__command__long_8h' on page 29 undefined 
on input line 111.


LaTeX Warning: Reference `mavlink__msg__command__long_8hpp' on page 29 undefine
d on input line 112.


LaTeX Warning: Reference `mavlink__msg__component__information_8h' on page 29 u
ndefined on input line 113.


LaTeX Warning: Reference `mavlink__msg__component__information_8hpp' on page 29
 undefined on input line 114.


LaTeX Warning: Reference `mavlink__msg__component__information__basic_8h' on pa
ge 29 undefined on input line 115.


LaTeX Warning: Reference `mavlink__msg__component__information__basic_8hpp' on 
page 29 undefined on input line 116.


LaTeX Warning: Reference `mavlink__msg__component__metadata_8h' on page 29 unde
fined on input line 117.


LaTeX Warning: Reference `mavlink__msg__component__metadata_8hpp' on page 29 un
defined on input line 118.


LaTeX Warning: Reference `mavlink__msg__control__system__state_8h' on page 29 u
ndefined on input line 119.


LaTeX Warning: Reference `mavlink__msg__control__system__state_8hpp' on page 29
 undefined on input line 120.


LaTeX Warning: Reference `mavlink__msg__current__event__sequence_8h' on page 29
 undefined on input line 121.


LaTeX Warning: Reference `mavlink__msg__current__event__sequence_8hpp' on page 
29 undefined on input line 122.


LaTeX Warning: Reference `mavlink__msg__current__mode_8h' on page 29 undefined 
on input line 123.


LaTeX Warning: Reference `mavlink__msg__current__mode_8hpp' on page 29 undefine
d on input line 124.


LaTeX Warning: Reference `mavlink__msg__data__stream_8h' on page 29 undefined o
n input line 125.


LaTeX Warning: Reference `mavlink__msg__data__stream_8hpp' on page 29 undefined
 on input line 126.


LaTeX Warning: Reference `mavlink__msg__data__transmission__handshake_8h' on pa
ge 29 undefined on input line 127.


LaTeX Warning: Reference `mavlink__msg__data__transmission__handshake_8hpp' on 
page 29 undefined on input line 128.


LaTeX Warning: Reference `mavlink__msg__debug_8h' on page 29 undefined on input
 line 129.


LaTeX Warning: Reference `mavlink__msg__debug_8hpp' on page 29 undefined on inp
ut line 130.


LaTeX Warning: Reference `mavlink__msg__debug__float__array_8h' on page 29 unde
fined on input line 131.


LaTeX Warning: Reference `mavlink__msg__debug__float__array_8hpp' on page 29 un
defined on input line 132.


LaTeX Warning: Reference `mavlink__msg__debug__vect_8h' on page 29 undefined on
 input line 133.


LaTeX Warning: Reference `mavlink__msg__debug__vect_8hpp' on page 29 undefined 
on input line 134.


LaTeX Warning: Reference `mavlink__msg__distance__sensor_8h' on page 29 undefin
ed on input line 135.


LaTeX Warning: Reference `mavlink__msg__distance__sensor_8hpp' on page 29 undef
ined on input line 136.


LaTeX Warning: Reference `mavlink__msg__efi__status_8h' on page 29 undefined on
 input line 137.


LaTeX Warning: Reference `mavlink__msg__efi__status_8hpp' on page 29 undefined 
on input line 138.


LaTeX Warning: Reference `mavlink__msg__encapsulated__data_8h' on page 29 undef
ined on input line 139.


LaTeX Warning: Reference `mavlink__msg__encapsulated__data_8hpp' on page 29 und
efined on input line 140.


LaTeX Warning: Reference `mavlink__msg__esc__info_8h' on page 29 undefined on i
nput line 141.


LaTeX Warning: Reference `mavlink__msg__esc__info_8hpp' on page 29 undefined on
 input line 142.


LaTeX Warning: Reference `mavlink__msg__esc__status_8h' on page 29 undefined on
 input line 143.


LaTeX Warning: Reference `mavlink__msg__esc__status_8hpp' on page 29 undefined 
on input line 144.


LaTeX Warning: Reference `mavlink__msg__estimator__status_8h' on page 29 undefi
ned on input line 145.


LaTeX Warning: Reference `mavlink__msg__estimator__status_8hpp' on page 29 unde
fined on input line 146.

[29]

LaTeX Warning: Reference `mavlink__msg__event_8h' on page 30 undefined on input
 line 147.


LaTeX Warning: Reference `mavlink__msg__event_8hpp' on page 30 undefined on inp
ut line 148.


LaTeX Warning: Reference `mavlink__msg__extended__sys__state_8h' on page 30 und
efined on input line 149.


LaTeX Warning: Reference `mavlink__msg__extended__sys__state_8hpp' on page 30 u
ndefined on input line 150.


LaTeX Warning: Reference `mavlink__msg__fence__status_8h' on page 30 undefined 
on input line 151.


LaTeX Warning: Reference `mavlink__msg__fence__status_8hpp' on page 30 undefine
d on input line 152.


LaTeX Warning: Reference `mavlink__msg__figure__eight__execution__status_8h' on
 page 30 undefined on input line 153.


LaTeX Warning: Reference `mavlink__msg__figure__eight__execution__status_8hpp' 
on page 30 undefined on input line 154.


LaTeX Warning: Reference `mavlink__msg__file__transfer__protocol_8h' on page 30
 undefined on input line 155.


LaTeX Warning: Reference `mavlink__msg__file__transfer__protocol_8hpp' on page 
30 undefined on input line 156.


LaTeX Warning: Reference `mavlink__msg__flight__information_8h' on page 30 unde
fined on input line 157.


LaTeX Warning: Reference `mavlink__msg__flight__information_8hpp' on page 30 un
defined on input line 158.


LaTeX Warning: Reference `mavlink__msg__follow__target_8h' on page 30 undefined
 on input line 159.


LaTeX Warning: Reference `mavlink__msg__follow__target_8hpp' on page 30 undefin
ed on input line 160.


LaTeX Warning: Reference `mavlink__msg__fuel__status_8h' on page 30 undefined o
n input line 161.


LaTeX Warning: Reference `mavlink__msg__fuel__status_8hpp' on page 30 undefined
 on input line 162.


LaTeX Warning: Reference `mavlink__msg__generator__status_8h' on page 30 undefi
ned on input line 163.


LaTeX Warning: Reference `mavlink__msg__generator__status_8hpp' on page 30 unde
fined on input line 164.


LaTeX Warning: Reference `mavlink__msg__gimbal__device__attitude__status_8h' on
 page 30 undefined on input line 165.


LaTeX Warning: Reference `mavlink__msg__gimbal__device__attitude__status_8hpp' 
on page 30 undefined on input line 166.


LaTeX Warning: Reference `mavlink__msg__gimbal__device__information_8h' on page
 30 undefined on input line 167.


LaTeX Warning: Reference `mavlink__msg__gimbal__device__information_8hpp' on pa
ge 30 undefined on input line 168.


LaTeX Warning: Reference `mavlink__msg__gimbal__device__set__attitude_8h' on pa
ge 30 undefined on input line 169.


LaTeX Warning: Reference `mavlink__msg__gimbal__device__set__attitude_8hpp' on 
page 30 undefined on input line 170.


LaTeX Warning: Reference `mavlink__msg__gimbal__manager__information_8h' on pag
e 30 undefined on input line 171.


LaTeX Warning: Reference `mavlink__msg__gimbal__manager__information_8hpp' on p
age 30 undefined on input line 172.


LaTeX Warning: Reference `mavlink__msg__gimbal__manager__set__attitude_8h' on p
age 30 undefined on input line 173.


LaTeX Warning: Reference `mavlink__msg__gimbal__manager__set__attitude_8hpp' on
 page 30 undefined on input line 174.


LaTeX Warning: Reference `mavlink__msg__gimbal__manager__set__manual__control_8
h' on page 30 undefined on input line 175.


Underfull \hbox (badness 10000) in paragraph at lines 175--175
 [][] \T1/phv/m/n/10 single[]_[]hand[]_[]controller/include/mavlink/common/\T1/
phv/b/n/10 mavlink[]_[]msg[]_[]gimbal[]_[]manager[]_[]set[]_[]manual[]_[] 
 []


LaTeX Warning: Reference `mavlink__msg__gimbal__manager__set__manual__control_8
hpp' on page 30 undefined on input line 176.


Underfull \hbox (badness 10000) in paragraph at lines 176--176
 [][] \T1/phv/m/n/10 single[]_[]hand[]_[]controller/include/mavlink/common/\T1/
phv/b/n/10 mavlink[]_[]msg[]_[]gimbal[]_[]manager[]_[]set[]_[]manual[]_[] 
 []


LaTeX Warning: Reference `mavlink__msg__gimbal__manager__set__pitchyaw_8h' on p
age 30 undefined on input line 177.


LaTeX Warning: Reference `mavlink__msg__gimbal__manager__set__pitchyaw_8hpp' on
 page 30 undefined on input line 178.


LaTeX Warning: Reference `mavlink__msg__gimbal__manager__status_8h' on page 30 
undefined on input line 179.


LaTeX Warning: Reference `mavlink__msg__gimbal__manager__status_8hpp' on page 3
0 undefined on input line 180.


LaTeX Warning: Reference `mavlink__msg__global__position__int__cov_8h' on page 
30 undefined on input line 181.


LaTeX Warning: Reference `mavlink__msg__global__position__int__cov_8hpp' on pag
e 30 undefined on input line 182.


LaTeX Warning: Reference `mavlink__msg__global__vision__position__estimate_8h' 
on page 30 undefined on input line 183.


LaTeX Warning: Reference `mavlink__msg__global__vision__position__estimate_8hpp
' on page 30 undefined on input line 184.


LaTeX Warning: Reference `mavlink__msg__gps2__raw_8h' on page 30 undefined on i
nput line 185.


LaTeX Warning: Reference `mavlink__msg__gps2__raw_8hpp' on page 30 undefined on
 input line 186.


LaTeX Warning: Reference `mavlink__msg__gps2__rtk_8h' on page 30 undefined on i
nput line 187.


LaTeX Warning: Reference `mavlink__msg__gps2__rtk_8hpp' on page 30 undefined on
 input line 188.


LaTeX Warning: Reference `mavlink__msg__gps__global__origin_8h' on page 30 unde
fined on input line 189.


LaTeX Warning: Reference `mavlink__msg__gps__global__origin_8hpp' on page 30 un
defined on input line 190.


LaTeX Warning: Reference `mavlink__msg__gps__inject__data_8h' on page 30 undefi
ned on input line 191.


LaTeX Warning: Reference `mavlink__msg__gps__inject__data_8hpp' on page 30 unde
fined on input line 192.


LaTeX Warning: Reference `mavlink__msg__gps__input_8h' on page 30 undefined on 
input line 193.


LaTeX Warning: Reference `mavlink__msg__gps__input_8hpp' on page 30 undefined o
n input line 194.


LaTeX Warning: Reference `mavlink__msg__gps__raw__int_8h' on page 30 undefined 
on input line 195.


LaTeX Warning: Reference `mavlink__msg__gps__raw__int_8hpp' on page 30 undefine
d on input line 196.


LaTeX Warning: Reference `mavlink__msg__gps__rtcm__data_8h' on page 30 undefine
d on input line 197.


LaTeX Warning: Reference `mavlink__msg__gps__rtcm__data_8hpp' on page 30 undefi
ned on input line 198.


LaTeX Warning: Reference `mavlink__msg__gps__rtk_8h' on page 30 undefined on in
put line 199.


LaTeX Warning: Reference `mavlink__msg__gps__rtk_8hpp' on page 30 undefined on 
input line 200.


LaTeX Warning: Reference `mavlink__msg__gps__status_8h' on page 30 undefined on
 input line 201.


LaTeX Warning: Reference `mavlink__msg__gps__status_8hpp' on page 30 undefined 
on input line 202.

[30]

LaTeX Warning: Reference `mavlink__msg__high__latency_8h' on page 31 undefined 
on input line 203.


LaTeX Warning: Reference `mavlink__msg__high__latency_8hpp' on page 31 undefine
d on input line 204.


LaTeX Warning: Reference `mavlink__msg__high__latency2_8h' on page 31 undefined
 on input line 205.


LaTeX Warning: Reference `mavlink__msg__high__latency2_8hpp' on page 31 undefin
ed on input line 206.


LaTeX Warning: Reference `mavlink__msg__highres__imu_8h' on page 31 undefined o
n input line 207.


LaTeX Warning: Reference `mavlink__msg__highres__imu_8hpp' on page 31 undefined
 on input line 208.


LaTeX Warning: Reference `mavlink__msg__hil__actuator__controls_8h' on page 31 
undefined on input line 209.


LaTeX Warning: Reference `mavlink__msg__hil__actuator__controls_8hpp' on page 3
1 undefined on input line 210.


LaTeX Warning: Reference `mavlink__msg__hil__controls_8h' on page 31 undefined 
on input line 211.


LaTeX Warning: Reference `mavlink__msg__hil__controls_8hpp' on page 31 undefine
d on input line 212.


LaTeX Warning: Reference `mavlink__msg__hil__gps_8h' on page 31 undefined on in
put line 213.


LaTeX Warning: Reference `mavlink__msg__hil__gps_8hpp' on page 31 undefined on 
input line 214.


LaTeX Warning: Reference `mavlink__msg__hil__optical__flow_8h' on page 31 undef
ined on input line 215.


LaTeX Warning: Reference `mavlink__msg__hil__optical__flow_8hpp' on page 31 und
efined on input line 216.


LaTeX Warning: Reference `mavlink__msg__hil__rc__inputs__raw_8h' on page 31 und
efined on input line 217.


LaTeX Warning: Reference `mavlink__msg__hil__rc__inputs__raw_8hpp' on page 31 u
ndefined on input line 218.


LaTeX Warning: Reference `mavlink__msg__hil__sensor_8h' on page 31 undefined on
 input line 219.


LaTeX Warning: Reference `mavlink__msg__hil__sensor_8hpp' on page 31 undefined 
on input line 220.


LaTeX Warning: Reference `mavlink__msg__hil__state_8h' on page 31 undefined on 
input line 221.


LaTeX Warning: Reference `mavlink__msg__hil__state_8hpp' on page 31 undefined o
n input line 222.


LaTeX Warning: Reference `mavlink__msg__hil__state__quaternion_8h' on page 31 u
ndefined on input line 223.


LaTeX Warning: Reference `mavlink__msg__hil__state__quaternion_8hpp' on page 31
 undefined on input line 224.


LaTeX Warning: Reference `mavlink__msg__home__position_8h' on page 31 undefined
 on input line 225.


LaTeX Warning: Reference `mavlink__msg__home__position_8hpp' on page 31 undefin
ed on input line 226.


LaTeX Warning: Reference `mavlink__msg__hygrometer__sensor_8h' on page 31 undef
ined on input line 227.


LaTeX Warning: Reference `mavlink__msg__hygrometer__sensor_8hpp' on page 31 und
efined on input line 228.


LaTeX Warning: Reference `mavlink__msg__illuminator__status_8h' on page 31 unde
fined on input line 229.


LaTeX Warning: Reference `mavlink__msg__illuminator__status_8hpp' on page 31 un
defined on input line 230.


LaTeX Warning: Reference `mavlink__msg__isbd__link__status_8h' on page 31 undef
ined on input line 231.


LaTeX Warning: Reference `mavlink__msg__isbd__link__status_8hpp' on page 31 und
efined on input line 232.


LaTeX Warning: Reference `mavlink__msg__landing__target_8h' on page 31 undefine
d on input line 233.


LaTeX Warning: Reference `mavlink__msg__landing__target_8hpp' on page 31 undefi
ned on input line 234.


LaTeX Warning: Reference `mavlink__msg__link__node__status_8h' on page 31 undef
ined on input line 235.


LaTeX Warning: Reference `mavlink__msg__link__node__status_8hpp' on page 31 und
efined on input line 236.


LaTeX Warning: Reference `mavlink__msg__local__position__ned_8h' on page 31 und
efined on input line 237.


LaTeX Warning: Reference `mavlink__msg__local__position__ned_8hpp' on page 31 u
ndefined on input line 238.


LaTeX Warning: Reference `mavlink__msg__local__position__ned__cov_8h' on page 3
1 undefined on input line 239.


LaTeX Warning: Reference `mavlink__msg__local__position__ned__cov_8hpp' on page
 31 undefined on input line 240.


LaTeX Warning: Reference `mavlink__msg__local__position__ned__system__global__o
ffset_8h' on page 31 undefined on input line 241.


Underfull \hbox (badness 10000) in paragraph at lines 241--241
 [][] \T1/phv/m/n/10 single[]_[]hand[]_[]controller/include/mavlink/common/\T1/
phv/b/n/10 mavlink[]_[]msg[]_[]local[]_[]position[]_[]ned[]_[]system[]_[]global
[] 
 []


LaTeX Warning: Reference `mavlink__msg__local__position__ned__system__global__o
ffset_8hpp' on page 31 undefined on input line 242.


Underfull \hbox (badness 10000) in paragraph at lines 242--242
 [][] \T1/phv/m/n/10 single[]_[]hand[]_[]controller/include/mavlink/common/\T1/
phv/b/n/10 mavlink[]_[]msg[]_[]local[]_[]position[]_[]ned[]_[]system[]_[]global
[] 
 []


LaTeX Warning: Reference `mavlink__msg__log__data_8h' on page 31 undefined on i
nput line 243.


LaTeX Warning: Reference `mavlink__msg__log__data_8hpp' on page 31 undefined on
 input line 244.


LaTeX Warning: Reference `mavlink__msg__log__entry_8h' on page 31 undefined on 
input line 245.


LaTeX Warning: Reference `mavlink__msg__log__entry_8hpp' on page 31 undefined o
n input line 246.


LaTeX Warning: Reference `mavlink__msg__log__erase_8h' on page 31 undefined on 
input line 247.


LaTeX Warning: Reference `mavlink__msg__log__erase_8hpp' on page 31 undefined o
n input line 248.


LaTeX Warning: Reference `mavlink__msg__log__request__data_8h' on page 31 undef
ined on input line 249.


LaTeX Warning: Reference `mavlink__msg__log__request__data_8hpp' on page 31 und
efined on input line 250.


LaTeX Warning: Reference `mavlink__msg__log__request__end_8h' on page 31 undefi
ned on input line 251.


LaTeX Warning: Reference `mavlink__msg__log__request__end_8hpp' on page 31 unde
fined on input line 252.


LaTeX Warning: Reference `mavlink__msg__log__request__list_8h' on page 31 undef
ined on input line 253.


LaTeX Warning: Reference `mavlink__msg__log__request__list_8hpp' on page 31 und
efined on input line 254.


LaTeX Warning: Reference `mavlink__msg__logging__ack_8h' on page 31 undefined o
n input line 255.


LaTeX Warning: Reference `mavlink__msg__logging__ack_8hpp' on page 31 undefined
 on input line 256.


LaTeX Warning: Reference `mavlink__msg__logging__data_8h' on page 31 undefined 
on input line 257.


LaTeX Warning: Reference `mavlink__msg__logging__data_8hpp' on page 31 undefine
d on input line 258.

[31]

LaTeX Warning: Reference `mavlink__msg__logging__data__acked_8h' on page 32 und
efined on input line 259.


LaTeX Warning: Reference `mavlink__msg__logging__data__acked_8hpp' on page 32 u
ndefined on input line 260.


LaTeX Warning: Reference `mavlink__msg__mag__cal__report_8h' on page 32 undefin
ed on input line 261.


LaTeX Warning: Reference `mavlink__msg__mag__cal__report_8hpp' on page 32 undef
ined on input line 262.


LaTeX Warning: Reference `mavlink__msg__manual__control_8h' on page 32 undefine
d on input line 263.


LaTeX Warning: Reference `mavlink__msg__manual__control_8hpp' on page 32 undefi
ned on input line 264.


LaTeX Warning: Reference `mavlink__msg__manual__setpoint_8h' on page 32 undefin
ed on input line 265.


LaTeX Warning: Reference `mavlink__msg__manual__setpoint_8hpp' on page 32 undef
ined on input line 266.


LaTeX Warning: Reference `mavlink__msg__memory__vect_8h' on page 32 undefined o
n input line 267.


LaTeX Warning: Reference `mavlink__msg__memory__vect_8hpp' on page 32 undefined
 on input line 268.


LaTeX Warning: Reference `mavlink__msg__message__interval_8h' on page 32 undefi
ned on input line 269.


LaTeX Warning: Reference `mavlink__msg__message__interval_8hpp' on page 32 unde
fined on input line 270.


LaTeX Warning: Reference `mavlink__msg__mission__ack_8h' on page 32 undefined o
n input line 271.


LaTeX Warning: Reference `mavlink__msg__mission__ack_8hpp' on page 32 undefined
 on input line 272.


LaTeX Warning: Reference `mavlink__msg__mission__clear__all_8h' on page 32 unde
fined on input line 273.


LaTeX Warning: Reference `mavlink__msg__mission__clear__all_8hpp' on page 32 un
defined on input line 274.


LaTeX Warning: Reference `mavlink__msg__mission__count_8h' on page 32 undefined
 on input line 275.


LaTeX Warning: Reference `mavlink__msg__mission__count_8hpp' on page 32 undefin
ed on input line 276.


LaTeX Warning: Reference `mavlink__msg__mission__current_8h' on page 32 undefin
ed on input line 277.


LaTeX Warning: Reference `mavlink__msg__mission__current_8hpp' on page 32 undef
ined on input line 278.


LaTeX Warning: Reference `mavlink__msg__mission__item_8h' on page 32 undefined 
on input line 279.


LaTeX Warning: Reference `mavlink__msg__mission__item_8hpp' on page 32 undefine
d on input line 280.


LaTeX Warning: Reference `mavlink__msg__mission__item__int_8h' on page 32 undef
ined on input line 281.


LaTeX Warning: Reference `mavlink__msg__mission__item__int_8hpp' on page 32 und
efined on input line 282.


LaTeX Warning: Reference `mavlink__msg__mission__item__reached_8h' on page 32 u
ndefined on input line 283.


LaTeX Warning: Reference `mavlink__msg__mission__item__reached_8hpp' on page 32
 undefined on input line 284.


LaTeX Warning: Reference `mavlink__msg__mission__request_8h' on page 32 undefin
ed on input line 285.


LaTeX Warning: Reference `mavlink__msg__mission__request_8hpp' on page 32 undef
ined on input line 286.


LaTeX Warning: Reference `mavlink__msg__mission__request__int_8h' on page 32 un
defined on input line 287.


LaTeX Warning: Reference `mavlink__msg__mission__request__int_8hpp' on page 32 
undefined on input line 288.


LaTeX Warning: Reference `mavlink__msg__mission__request__list_8h' on page 32 u
ndefined on input line 289.


LaTeX Warning: Reference `mavlink__msg__mission__request__list_8hpp' on page 32
 undefined on input line 290.


LaTeX Warning: Reference `mavlink__msg__mission__request__partial__list_8h' on 
page 32 undefined on input line 291.


LaTeX Warning: Reference `mavlink__msg__mission__request__partial__list_8hpp' o
n page 32 undefined on input line 292.


LaTeX Warning: Reference `mavlink__msg__mission__set__current_8h' on page 32 un
defined on input line 293.


LaTeX Warning: Reference `mavlink__msg__mission__set__current_8hpp' on page 32 
undefined on input line 294.


LaTeX Warning: Reference `mavlink__msg__mission__write__partial__list_8h' on pa
ge 32 undefined on input line 295.


LaTeX Warning: Reference `mavlink__msg__mission__write__partial__list_8hpp' on 
page 32 undefined on input line 296.


LaTeX Warning: Reference `mavlink__msg__mount__orientation_8h' on page 32 undef
ined on input line 297.


LaTeX Warning: Reference `mavlink__msg__mount__orientation_8hpp' on page 32 und
efined on input line 298.


LaTeX Warning: Reference `mavlink__msg__named__value__float_8h' on page 32 unde
fined on input line 299.


LaTeX Warning: Reference `mavlink__msg__named__value__float_8hpp' on page 32 un
defined on input line 300.


LaTeX Warning: Reference `mavlink__msg__named__value__int_8h' on page 32 undefi
ned on input line 301.


LaTeX Warning: Reference `mavlink__msg__named__value__int_8hpp' on page 32 unde
fined on input line 302.


LaTeX Warning: Reference `mavlink__msg__nav__controller__output_8h' on page 32 
undefined on input line 303.


LaTeX Warning: Reference `mavlink__msg__nav__controller__output_8hpp' on page 3
2 undefined on input line 304.


LaTeX Warning: Reference `mavlink__msg__obstacle__distance_8h' on page 32 undef
ined on input line 305.


LaTeX Warning: Reference `mavlink__msg__obstacle__distance_8hpp' on page 32 und
efined on input line 306.


LaTeX Warning: Reference `mavlink__msg__odometry_8h' on page 32 undefined on in
put line 307.


LaTeX Warning: Reference `mavlink__msg__odometry_8hpp' on page 32 undefined on 
input line 308.


LaTeX Warning: Reference `mavlink__msg__onboard__computer__status_8h' on page 3
2 undefined on input line 309.


LaTeX Warning: Reference `mavlink__msg__onboard__computer__status_8hpp' on page
 32 undefined on input line 310.


LaTeX Warning: Reference `mavlink__msg__open__drone__id__arm__status_8h' on pag
e 32 undefined on input line 311.


LaTeX Warning: Reference `mavlink__msg__open__drone__id__arm__status_8hpp' on p
age 32 undefined on input line 312.


LaTeX Warning: Reference `mavlink__msg__open__drone__id__authentication_8h' on 
page 32 undefined on input line 313.


LaTeX Warning: Reference `mavlink__msg__open__drone__id__authentication_8hpp' o
n page 32 undefined on input line 314.


LaTeX Warning: Reference `mavlink__msg__open__drone__id__basic__id_8h' on page 
32 undefined on input line 315.


LaTeX Warning: Reference `mavlink__msg__open__drone__id__basic__id_8hpp' on pag
e 32 undefined on input line 316.

[32]

LaTeX Warning: Reference `mavlink__msg__open__drone__id__location_8h' on page 3
3 undefined on input line 317.


LaTeX Warning: Reference `mavlink__msg__open__drone__id__location_8hpp' on page
 33 undefined on input line 318.


LaTeX Warning: Reference `mavlink__msg__open__drone__id__message__pack_8h' on p
age 33 undefined on input line 319.


LaTeX Warning: Reference `mavlink__msg__open__drone__id__message__pack_8hpp' on
 page 33 undefined on input line 320.


LaTeX Warning: Reference `mavlink__msg__open__drone__id__operator__id_8h' on pa
ge 33 undefined on input line 321.


LaTeX Warning: Reference `mavlink__msg__open__drone__id__operator__id_8hpp' on 
page 33 undefined on input line 322.


LaTeX Warning: Reference `mavlink__msg__open__drone__id__self__id_8h' on page 3
3 undefined on input line 323.


LaTeX Warning: Reference `mavlink__msg__open__drone__id__self__id_8hpp' on page
 33 undefined on input line 324.


LaTeX Warning: Reference `mavlink__msg__open__drone__id__system_8h' on page 33 
undefined on input line 325.


LaTeX Warning: Reference `mavlink__msg__open__drone__id__system_8hpp' on page 3
3 undefined on input line 326.


LaTeX Warning: Reference `mavlink__msg__open__drone__id__system__update_8h' on 
page 33 undefined on input line 327.


LaTeX Warning: Reference `mavlink__msg__open__drone__id__system__update_8hpp' o
n page 33 undefined on input line 328.


LaTeX Warning: Reference `mavlink__msg__optical__flow_8h' on page 33 undefined 
on input line 329.


LaTeX Warning: Reference `mavlink__msg__optical__flow_8hpp' on page 33 undefine
d on input line 330.


LaTeX Warning: Reference `mavlink__msg__optical__flow__rad_8h' on page 33 undef
ined on input line 331.


LaTeX Warning: Reference `mavlink__msg__optical__flow__rad_8hpp' on page 33 und
efined on input line 332.


LaTeX Warning: Reference `mavlink__msg__orbit__execution__status_8h' on page 33
 undefined on input line 333.


LaTeX Warning: Reference `mavlink__msg__orbit__execution__status_8hpp' on page 
33 undefined on input line 334.


LaTeX Warning: Reference `mavlink__msg__param__error_8h' on page 33 undefined o
n input line 335.


LaTeX Warning: Reference `mavlink__msg__param__error_8hpp' on page 33 undefined
 on input line 336.


LaTeX Warning: Reference `mavlink__msg__param__ext__ack_8h' on page 33 undefine
d on input line 337.


LaTeX Warning: Reference `mavlink__msg__param__ext__ack_8hpp' on page 33 undefi
ned on input line 338.


LaTeX Warning: Reference `mavlink__msg__param__ext__request__list_8h' on page 3
3 undefined on input line 339.


LaTeX Warning: Reference `mavlink__msg__param__ext__request__list_8hpp' on page
 33 undefined on input line 340.


LaTeX Warning: Reference `mavlink__msg__param__ext__request__read_8h' on page 3
3 undefined on input line 341.


LaTeX Warning: Reference `mavlink__msg__param__ext__request__read_8hpp' on page
 33 undefined on input line 342.


LaTeX Warning: Reference `mavlink__msg__param__ext__set_8h' on page 33 undefine
d on input line 343.


LaTeX Warning: Reference `mavlink__msg__param__ext__set_8hpp' on page 33 undefi
ned on input line 344.


LaTeX Warning: Reference `mavlink__msg__param__ext__value_8h' on page 33 undefi
ned on input line 345.


LaTeX Warning: Reference `mavlink__msg__param__ext__value_8hpp' on page 33 unde
fined on input line 346.


LaTeX Warning: Reference `mavlink__msg__param__map__rc_8h' on page 33 undefined
 on input line 347.


LaTeX Warning: Reference `mavlink__msg__param__map__rc_8hpp' on page 33 undefin
ed on input line 348.


LaTeX Warning: Reference `mavlink__msg__param__request__list_8h' on page 33 und
efined on input line 349.


LaTeX Warning: Reference `mavlink__msg__param__request__list_8hpp' on page 33 u
ndefined on input line 350.


LaTeX Warning: Reference `mavlink__msg__param__request__read_8h' on page 33 und
efined on input line 351.


LaTeX Warning: Reference `mavlink__msg__param__request__read_8hpp' on page 33 u
ndefined on input line 352.


LaTeX Warning: Reference `mavlink__msg__param__set_8h' on page 33 undefined on 
input line 353.


LaTeX Warning: Reference `mavlink__msg__param__set_8hpp' on page 33 undefined o
n input line 354.


LaTeX Warning: Reference `mavlink__msg__param__value_8h' on page 33 undefined o
n input line 355.


LaTeX Warning: Reference `mavlink__msg__param__value_8hpp' on page 33 undefined
 on input line 356.


LaTeX Warning: Reference `mavlink__msg__ping_8h' on page 33 undefined on input 
line 357.


LaTeX Warning: Reference `mavlink__msg__ping_8hpp' on page 33 undefined on inpu
t line 358.


LaTeX Warning: Reference `mavlink__msg__play__tune_8h' on page 33 undefined on 
input line 359.


LaTeX Warning: Reference `mavlink__msg__play__tune_8hpp' on page 33 undefined o
n input line 360.


LaTeX Warning: Reference `mavlink__msg__play__tune__v2_8h' on page 33 undefined
 on input line 361.


LaTeX Warning: Reference `mavlink__msg__play__tune__v2_8hpp' on page 33 undefin
ed on input line 362.


LaTeX Warning: Reference `mavlink__msg__position__target__global__int_8h' on pa
ge 33 undefined on input line 363.


LaTeX Warning: Reference `mavlink__msg__position__target__global__int_8hpp' on 
page 33 undefined on input line 364.


LaTeX Warning: Reference `mavlink__msg__position__target__local__ned_8h' on pag
e 33 undefined on input line 365.


LaTeX Warning: Reference `mavlink__msg__position__target__local__ned_8hpp' on p
age 33 undefined on input line 366.


LaTeX Warning: Reference `mavlink__msg__power__status_8h' on page 33 undefined 
on input line 367.


LaTeX Warning: Reference `mavlink__msg__power__status_8hpp' on page 33 undefine
d on input line 368.


LaTeX Warning: Reference `mavlink__msg__protocol__version_8h' on page 33 undefi
ned on input line 369.


LaTeX Warning: Reference `mavlink__msg__protocol__version_8hpp' on page 33 unde
fined on input line 370.


LaTeX Warning: Reference `mavlink__msg__radio__status_8h' on page 33 undefined 
on input line 371.


LaTeX Warning: Reference `mavlink__msg__radio__status_8hpp' on page 33 undefine
d on input line 372.


LaTeX Warning: Reference `mavlink__msg__raw__imu_8h' on page 33 undefined on in
put line 373.


LaTeX Warning: Reference `mavlink__msg__raw__imu_8hpp' on page 33 undefined on 
input line 374.

[33]

LaTeX Warning: Reference `mavlink__msg__raw__pressure_8h' on page 34 undefined 
on input line 375.


LaTeX Warning: Reference `mavlink__msg__raw__pressure_8hpp' on page 34 undefine
d on input line 376.


LaTeX Warning: Reference `mavlink__msg__raw__rpm_8h' on page 34 undefined on in
put line 377.


LaTeX Warning: Reference `mavlink__msg__raw__rpm_8hpp' on page 34 undefined on 
input line 378.


LaTeX Warning: Reference `mavlink__msg__rc__channels_8h' on page 34 undefined o
n input line 379.


LaTeX Warning: Reference `mavlink__msg__rc__channels_8hpp' on page 34 undefined
 on input line 380.


LaTeX Warning: Reference `mavlink__msg__rc__channels__override_8h' on page 34 u
ndefined on input line 381.


LaTeX Warning: Reference `mavlink__msg__rc__channels__override_8hpp' on page 34
 undefined on input line 382.


LaTeX Warning: Reference `mavlink__msg__rc__channels__raw_8h' on page 34 undefi
ned on input line 383.


LaTeX Warning: Reference `mavlink__msg__rc__channels__raw_8hpp' on page 34 unde
fined on input line 384.


LaTeX Warning: Reference `mavlink__msg__rc__channels__scaled_8h' on page 34 und
efined on input line 385.


LaTeX Warning: Reference `mavlink__msg__rc__channels__scaled_8hpp' on page 34 u
ndefined on input line 386.


LaTeX Warning: Reference `mavlink__msg__relay__status_8h' on page 34 undefined 
on input line 387.


LaTeX Warning: Reference `mavlink__msg__relay__status_8hpp' on page 34 undefine
d on input line 388.


LaTeX Warning: Reference `mavlink__msg__request__data__stream_8h' on page 34 un
defined on input line 389.


LaTeX Warning: Reference `mavlink__msg__request__data__stream_8hpp' on page 34 
undefined on input line 390.


LaTeX Warning: Reference `mavlink__msg__request__event_8h' on page 34 undefined
 on input line 391.


LaTeX Warning: Reference `mavlink__msg__request__event_8hpp' on page 34 undefin
ed on input line 392.


LaTeX Warning: Reference `mavlink__msg__resource__request_8h' on page 34 undefi
ned on input line 393.


LaTeX Warning: Reference `mavlink__msg__resource__request_8hpp' on page 34 unde
fined on input line 394.


LaTeX Warning: Reference `mavlink__msg__response__event__error_8h' on page 34 u
ndefined on input line 395.


LaTeX Warning: Reference `mavlink__msg__response__event__error_8hpp' on page 34
 undefined on input line 396.


LaTeX Warning: Reference `mavlink__msg__safety__allowed__area_8h' on page 34 un
defined on input line 397.


LaTeX Warning: Reference `mavlink__msg__safety__allowed__area_8hpp' on page 34 
undefined on input line 398.


LaTeX Warning: Reference `mavlink__msg__safety__set__allowed__area_8h' on page 
34 undefined on input line 399.


LaTeX Warning: Reference `mavlink__msg__safety__set__allowed__area_8hpp' on pag
e 34 undefined on input line 400.


LaTeX Warning: Reference `mavlink__msg__scaled__imu_8h' on page 34 undefined on
 input line 401.


LaTeX Warning: Reference `mavlink__msg__scaled__imu_8hpp' on page 34 undefined 
on input line 402.


LaTeX Warning: Reference `mavlink__msg__scaled__imu2_8h' on page 34 undefined o
n input line 403.


LaTeX Warning: Reference `mavlink__msg__scaled__imu2_8hpp' on page 34 undefined
 on input line 404.


LaTeX Warning: Reference `mavlink__msg__scaled__imu3_8h' on page 34 undefined o
n input line 405.


LaTeX Warning: Reference `mavlink__msg__scaled__imu3_8hpp' on page 34 undefined
 on input line 406.


LaTeX Warning: Reference `mavlink__msg__scaled__pressure_8h' on page 34 undefin
ed on input line 407.


LaTeX Warning: Reference `mavlink__msg__scaled__pressure_8hpp' on page 34 undef
ined on input line 408.


LaTeX Warning: Reference `mavlink__msg__scaled__pressure2_8h' on page 34 undefi
ned on input line 409.


LaTeX Warning: Reference `mavlink__msg__scaled__pressure2_8hpp' on page 34 unde
fined on input line 410.


LaTeX Warning: Reference `mavlink__msg__scaled__pressure3_8h' on page 34 undefi
ned on input line 411.


LaTeX Warning: Reference `mavlink__msg__scaled__pressure3_8hpp' on page 34 unde
fined on input line 412.


LaTeX Warning: Reference `mavlink__msg__serial__control_8h' on page 34 undefine
d on input line 413.


LaTeX Warning: Reference `mavlink__msg__serial__control_8hpp' on page 34 undefi
ned on input line 414.


LaTeX Warning: Reference `mavlink__msg__servo__output__raw_8h' on page 34 undef
ined on input line 415.


LaTeX Warning: Reference `mavlink__msg__servo__output__raw_8hpp' on page 34 und
efined on input line 416.


LaTeX Warning: Reference `mavlink__msg__set__actuator__control__target_8h' on p
age 34 undefined on input line 417.


LaTeX Warning: Reference `mavlink__msg__set__actuator__control__target_8hpp' on
 page 34 undefined on input line 418.


LaTeX Warning: Reference `mavlink__msg__set__attitude__target_8h' on page 34 un
defined on input line 419.


LaTeX Warning: Reference `mavlink__msg__set__attitude__target_8hpp' on page 34 
undefined on input line 420.


LaTeX Warning: Reference `mavlink__msg__set__gps__global__origin_8h' on page 34
 undefined on input line 421.


LaTeX Warning: Reference `mavlink__msg__set__gps__global__origin_8hpp' on page 
34 undefined on input line 422.


LaTeX Warning: Reference `mavlink__msg__set__home__position_8h' on page 34 unde
fined on input line 423.


LaTeX Warning: Reference `mavlink__msg__set__home__position_8hpp' on page 34 un
defined on input line 424.


LaTeX Warning: Reference `mavlink__msg__set__mode_8h' on page 34 undefined on i
nput line 425.


LaTeX Warning: Reference `mavlink__msg__set__mode_8hpp' on page 34 undefined on
 input line 426.


LaTeX Warning: Reference `mavlink__msg__set__position__target__global__int_8h' 
on page 34 undefined on input line 427.


LaTeX Warning: Reference `mavlink__msg__set__position__target__global__int_8hpp
' on page 34 undefined on input line 428.


LaTeX Warning: Reference `mavlink__msg__set__position__target__local__ned_8h' o
n page 34 undefined on input line 429.


LaTeX Warning: Reference `mavlink__msg__set__position__target__local__ned_8hpp'
 on page 34 undefined on input line 430.


LaTeX Warning: Reference `mavlink__msg__setup__signing_8h' on page 34 undefined
 on input line 431.


LaTeX Warning: Reference `mavlink__msg__setup__signing_8hpp' on page 34 undefin
ed on input line 432.

[34]

LaTeX Warning: Reference `mavlink__msg__sim__state_8h' on page 35 undefined on 
input line 433.


LaTeX Warning: Reference `mavlink__msg__sim__state_8hpp' on page 35 undefined o
n input line 434.


LaTeX Warning: Reference `mavlink__msg__smart__battery__info_8h' on page 35 und
efined on input line 435.


LaTeX Warning: Reference `mavlink__msg__smart__battery__info_8hpp' on page 35 u
ndefined on input line 436.


LaTeX Warning: Reference `mavlink__msg__statustext_8h' on page 35 undefined on 
input line 437.


LaTeX Warning: Reference `mavlink__msg__statustext_8hpp' on page 35 undefined o
n input line 438.


LaTeX Warning: Reference `mavlink__msg__storage__information_8h' on page 35 und
efined on input line 439.


LaTeX Warning: Reference `mavlink__msg__storage__information_8hpp' on page 35 u
ndefined on input line 440.


LaTeX Warning: Reference `mavlink__msg__supported__tunes_8h' on page 35 undefin
ed on input line 441.


LaTeX Warning: Reference `mavlink__msg__supported__tunes_8hpp' on page 35 undef
ined on input line 442.


LaTeX Warning: Reference `mavlink__msg__sys__status_8h' on page 35 undefined on
 input line 443.


LaTeX Warning: Reference `mavlink__msg__sys__status_8hpp' on page 35 undefined 
on input line 444.


LaTeX Warning: Reference `mavlink__msg__system__time_8h' on page 35 undefined o
n input line 445.


LaTeX Warning: Reference `mavlink__msg__system__time_8hpp' on page 35 undefined
 on input line 446.


LaTeX Warning: Reference `mavlink__msg__terrain__check_8h' on page 35 undefined
 on input line 447.


LaTeX Warning: Reference `mavlink__msg__terrain__check_8hpp' on page 35 undefin
ed on input line 448.


LaTeX Warning: Reference `mavlink__msg__terrain__data_8h' on page 35 undefined 
on input line 449.


LaTeX Warning: Reference `mavlink__msg__terrain__data_8hpp' on page 35 undefine
d on input line 450.


LaTeX Warning: Reference `mavlink__msg__terrain__report_8h' on page 35 undefine
d on input line 451.


LaTeX Warning: Reference `mavlink__msg__terrain__report_8hpp' on page 35 undefi
ned on input line 452.


LaTeX Warning: Reference `mavlink__msg__terrain__request_8h' on page 35 undefin
ed on input line 453.


LaTeX Warning: Reference `mavlink__msg__terrain__request_8hpp' on page 35 undef
ined on input line 454.


LaTeX Warning: Reference `mavlink__msg__time__estimate__to__target_8h' on page 
35 undefined on input line 455.


LaTeX Warning: Reference `mavlink__msg__time__estimate__to__target_8hpp' on pag
e 35 undefined on input line 456.


LaTeX Warning: Reference `mavlink__msg__timesync_8h' on page 35 undefined on in
put line 457.


LaTeX Warning: Reference `mavlink__msg__timesync_8hpp' on page 35 undefined on 
input line 458.


LaTeX Warning: Reference `mavlink__msg__trajectory__representation__bezier_8h' 
on page 35 undefined on input line 459.


LaTeX Warning: Reference `mavlink__msg__trajectory__representation__bezier_8hpp
' on page 35 undefined on input line 460.


LaTeX Warning: Reference `mavlink__msg__trajectory__representation__waypoints_8
h' on page 35 undefined on input line 461.


LaTeX Warning: Reference `mavlink__msg__trajectory__representation__waypoints_8
hpp' on page 35 undefined on input line 462.


LaTeX Warning: Reference `mavlink__msg__tunnel_8h' on page 35 undefined on inpu
t line 463.


LaTeX Warning: Reference `mavlink__msg__tunnel_8hpp' on page 35 undefined on in
put line 464.


LaTeX Warning: Reference `mavlink__msg__uavcan__node__info_8h' on page 35 undef
ined on input line 465.


LaTeX Warning: Reference `mavlink__msg__uavcan__node__info_8hpp' on page 35 und
efined on input line 466.


LaTeX Warning: Reference `mavlink__msg__uavcan__node__status_8h' on page 35 und
efined on input line 467.


LaTeX Warning: Reference `mavlink__msg__uavcan__node__status_8hpp' on page 35 u
ndefined on input line 468.


LaTeX Warning: Reference `mavlink__msg__utm__global__position_8h' on page 35 un
defined on input line 469.


LaTeX Warning: Reference `mavlink__msg__utm__global__position_8hpp' on page 35 
undefined on input line 470.


LaTeX Warning: Reference `mavlink__msg__v2__extension_8h' on page 35 undefined 
on input line 471.


LaTeX Warning: Reference `mavlink__msg__v2__extension_8hpp' on page 35 undefine
d on input line 472.


LaTeX Warning: Reference `mavlink__msg__vfr__hud_8h' on page 35 undefined on in
put line 473.


LaTeX Warning: Reference `mavlink__msg__vfr__hud_8hpp' on page 35 undefined on 
input line 474.


LaTeX Warning: Reference `mavlink__msg__vibration_8h' on page 35 undefined on i
nput line 475.


LaTeX Warning: Reference `mavlink__msg__vibration_8hpp' on page 35 undefined on
 input line 476.


LaTeX Warning: Reference `mavlink__msg__vicon__position__estimate_8h' on page 3
5 undefined on input line 477.


LaTeX Warning: Reference `mavlink__msg__vicon__position__estimate_8hpp' on page
 35 undefined on input line 478.


LaTeX Warning: Reference `mavlink__msg__video__stream__information_8h' on page 
35 undefined on input line 479.


LaTeX Warning: Reference `mavlink__msg__video__stream__information_8hpp' on pag
e 35 undefined on input line 480.


LaTeX Warning: Reference `mavlink__msg__video__stream__status_8h' on page 35 un
defined on input line 481.


LaTeX Warning: Reference `mavlink__msg__video__stream__status_8hpp' on page 35 
undefined on input line 482.


LaTeX Warning: Reference `mavlink__msg__vision__position__estimate_8h' on page 
35 undefined on input line 483.


LaTeX Warning: Reference `mavlink__msg__vision__position__estimate_8hpp' on pag
e 35 undefined on input line 484.


LaTeX Warning: Reference `mavlink__msg__vision__speed__estimate_8h' on page 35 
undefined on input line 485.


LaTeX Warning: Reference `mavlink__msg__vision__speed__estimate_8hpp' on page 3
5 undefined on input line 486.


LaTeX Warning: Reference `mavlink__msg__wheel__distance_8h' on page 35 undefine
d on input line 487.


LaTeX Warning: Reference `mavlink__msg__wheel__distance_8hpp' on page 35 undefi
ned on input line 488.

[35]

LaTeX Warning: Reference `mavlink__msg__wifi__config__ap_8h' on page 36 undefin
ed on input line 489.


LaTeX Warning: Reference `mavlink__msg__wifi__config__ap_8hpp' on page 36 undef
ined on input line 490.


LaTeX Warning: Reference `mavlink__msg__winch__status_8h' on page 36 undefined 
on input line 491.


LaTeX Warning: Reference `mavlink__msg__winch__status_8hpp' on page 36 undefine
d on input line 492.


LaTeX Warning: Reference `mavlink__msg__wind__cov_8h' on page 36 undefined on i
nput line 493.


LaTeX Warning: Reference `mavlink__msg__wind__cov_8hpp' on page 36 undefined on
 input line 494.


LaTeX Warning: Reference `mavlink__msg__heartbeat_8h' on page 36 undefined on i
nput line 499.


LaTeX Warning: Reference `mavlink__msg__heartbeat_8hpp' on page 36 undefined on
 input line 500.


LaTeX Warning: Reference `mavlink__msg__autopilot__version_8h' on page 36 undef
ined on input line 507.


LaTeX Warning: Reference `mavlink__msg__autopilot__version_8hpp' on page 36 und
efined on input line 508.


LaTeX Warning: Reference `mavlink__msg__global__position__int_8h' on page 36 un
defined on input line 509.


LaTeX Warning: Reference `mavlink__msg__global__position__int_8hpp' on page 36 
undefined on input line 510.

) [36]
Chapter 5.
(./struct____mavlink__actuator__control__target__t.tex)
(./struct____mavlink__actuator__output__status__t.tex)
(./struct____mavlink__adsb__vehicle__t.tex [37

])
(./struct____mavlink__airspeed__t.tex) (./struct____mavlink__ais__vessel__t.tex
[38]) (./struct____mavlink__altitude__t.tex)
(./struct____mavlink__att__pos__mocap__t.tex)
(./struct____mavlink__attitude__quaternion__cov__t.tex [39])
(./struct____mavlink__attitude__quaternion__t.tex)
(./struct____mavlink__attitude__t.tex)
(./struct____mavlink__attitude__target__t.tex [40])
(./struct____mavlink__auth__key__t.tex)
(./struct____mavlink__autopilot__version__t.tex)
(./struct____mavlink__available__modes__monitor__t.tex)
(./struct____mavlink__available__modes__t.tex [41])
(./struct____mavlink__battery__info__t.tex) (./union____mavlink__bitfield.tex
[42]) (./struct____mavlink__button__change__t.tex)
(./struct____mavlink__camera__fov__status__t.tex)
(./struct____mavlink__camera__image__captured__t.tex [43])
(./struct____mavlink__camera__information__t.tex)
(./struct____mavlink__camera__thermal__range__t.tex [44])
(./struct____mavlink__camera__tracking__geo__status__t.tex)
(./struct____mavlink__camera__tracking__image__status__t.tex [45])
(./struct____mavlink__camera__trigger__t.tex)
(./struct____mavlink__can__filter__modify__t.tex)
(./struct____mavlink__can__frame__t.tex [46])
(./struct____mavlink__canfd__frame__t.tex)
(./struct____mavlink__cellular__config__t.tex)
(./struct____mavlink__cellular__status__t.tex [47])
(./struct____mavlink__change__operator__control__ack__t.tex)
(./struct____mavlink__change__operator__control__t.tex)
(./struct____mavlink__collision__t.tex)
(./struct____mavlink__command__ack__t.tex [48])
(./struct____mavlink__command__cancel__t.tex)
(./struct____mavlink__command__int__t.tex [49])
(./struct____mavlink__command__long__t.tex)
(./struct____mavlink__component__information__basic__t.tex)
(./struct____mavlink__component__information__t.tex [50])
(./struct____mavlink__component__metadata__t.tex)
(./struct____mavlink__control__system__state__t.tex [51])
(./struct____mavlink__current__event__sequence__t.tex)
(./struct____mavlink__current__mode__t.tex)
(./struct____mavlink__data__stream__t.tex [52])
(./struct____mavlink__data__transmission__handshake__t.tex)
(./struct____mavlink__debug__float__array__t.tex)
(./struct____mavlink__debug__t.tex) (./struct____mavlink__debug__vect__t.tex
[53]) (./struct____mavlink__encapsulated__data__t.tex)
(./struct____mavlink__esc__info__t.tex)
(./struct____mavlink__esc__status__t.tex [54])
(./struct____mavlink__estimator__status__t.tex)
(./struct____mavlink__event__t.tex [55])
(./struct____mavlink__extended__sys__state__t.tex)
(./struct____mavlink__fence__status__t.tex)
(./struct____mavlink__field__info.tex)
(./struct____mavlink__figure__eight__execution__status__t.tex [56])
(./struct____mavlink__file__transfer__protocol__t.tex)
(./struct____mavlink__flight__information__t.tex)
(./struct____mavlink__follow__target__t.tex [57])
(./struct____mavlink__fuel__status__t.tex)
(./struct____mavlink__generator__status__t.tex [58])
(./struct____mavlink__gimbal__device__attitude__status__t.tex)
(./struct____mavlink__gimbal__device__information__t.tex [59])
(./struct____mavlink__gimbal__device__set__attitude__t.tex)
(./struct____mavlink__gimbal__manager__information__t.tex)
(./struct____mavlink__gimbal__manager__set__attitude__t.tex [60])
(./struct____mavlink__gimbal__manager__set__manual__control__t.tex)
(./struct____mavlink__gimbal__manager__set__pitchyaw__t.tex [61])
(./struct____mavlink__gimbal__manager__status__t.tex)
(./struct____mavlink__global__position__int__cov__t.tex)
(./struct____mavlink__global__position__int__t.tex [62])
(./struct____mavlink__global__vision__position__estimate__t.tex)
(./struct____mavlink__gps2__rtk__t.tex)
(./struct____mavlink__gps__inject__data__t.tex [63])
(./struct____mavlink__gps__rtcm__data__t.tex)
(./struct____mavlink__gps__rtk__t.tex) (./struct____mavlink__gps__status__t.tex
[64]) (./struct____mavlink__heartbeat__t.tex)
(./struct____mavlink__high__latency2__t.tex [65])
(./struct____mavlink__high__latency__t.tex)
(./struct____mavlink__highres__imu__t.tex [66])
(./struct____mavlink__hil__actuator__controls__t.tex)
(./struct____mavlink__hil__controls__t.tex)
(./struct____mavlink__hil__optical__flow__t.tex [67])
(./struct____mavlink__hil__rc__inputs__raw__t.tex)
(./struct____mavlink__hil__sensor__t.tex [68])
(./struct____mavlink__hil__state__quaternion__t.tex)
(./struct____mavlink__hil__state__t.tex [69])
(./struct____mavlink__hygrometer__sensor__t.tex)
(./struct____mavlink__illuminator__status__t.tex)
(./struct____mavlink__isbd__link__status__t.tex [70])
(./struct____mavlink__link__node__status__t.tex)
(./struct____mavlink__local__position__ned__cov__t.tex)
(./struct____mavlink__local__position__ned__system__global__offset__t.tex
[71]) (./struct____mavlink__local__position__ned__t.tex)
(./struct____mavlink__log__data__t.tex) (./struct____mavlink__log__entry__t.tex
[72]) (./struct____mavlink__log__erase__t.tex)
(./struct____mavlink__log__request__data__t.tex)
(./struct____mavlink__log__request__end__t.tex)
(./struct____mavlink__log__request__list__t.tex [73])
(./struct____mavlink__logging__ack__t.tex)
(./struct____mavlink__logging__data__acked__t.tex)
(./struct____mavlink__logging__data__t.tex)
(./struct____mavlink__manual__setpoint__t.tex [74])
(./struct____mavlink__memory__vect__t.tex)
(./struct____mavlink__message__info.tex <./struct____mavlink__message__info__co
ll__graph.pdf

pdfTeX warning: pdflatex (file ./struct____mavlink__message__info__coll__graph.
pdf): PDF inclusion: multiple pdfs with page group included in a single page
>
<struct____mavlink__message__info__coll__graph.pdf, id=13020, 220.825pt x 167.6
2625pt>
File: struct____mavlink__message__info__coll__graph.pdf Graphic file (type pdf)

<use struct____mavlink__message__info__coll__graph.pdf>
Package pdftex.def Info: struct____mavlink__message__info__coll__graph.pdf  use
d on input line 9.
(pdftex.def)             Requested size: 220.0pt x 167.00684pt.
 [75]) (./struct____mavlink__message__interval__t.tex)
(./struct____mavlink__mission__ack__t.tex)
(./struct____mavlink__mission__clear__all__t.tex [76])
(./struct____mavlink__mission__item__int__t.tex)
(./struct____mavlink__mission__item__reached__t.tex)
(./struct____mavlink__mission__item__t.tex [77])
(./struct____mavlink__mission__request__int__t.tex)
(./struct____mavlink__mission__request__list__t.tex)
(./struct____mavlink__mission__request__partial__list__t.tex [78])
(./struct____mavlink__mission__request__t.tex)
(./struct____mavlink__mission__set__current__t.tex)
(./struct____mavlink__mission__write__partial__list__t.tex)
(./struct____mavlink__mount__orientation__t.tex [79])
(./struct____mavlink__msg__entry.tex)
(./struct____mavlink__named__value__float__t.tex)
(./struct____mavlink__named__value__int__t.tex [80])
(./struct____mavlink__nav__controller__output__t.tex)
(./struct____mavlink__odometry__t.tex [81])
(./struct____mavlink__onboard__computer__status__t.tex)
(./struct____mavlink__open__drone__id__arm__status__t.tex [82])
(./struct____mavlink__open__drone__id__authentication__t.tex)
(./struct____mavlink__open__drone__id__basic__id__t.tex)
(./struct____mavlink__open__drone__id__location__t.tex [83])
(./struct____mavlink__open__drone__id__message__pack__t.tex)
(./struct____mavlink__open__drone__id__operator__id__t.tex)
(./struct____mavlink__open__drone__id__self__id__t.tex [84])
(./struct____mavlink__open__drone__id__system__t.tex)
(./struct____mavlink__open__drone__id__system__update__t.tex [85])
(./struct____mavlink__optical__flow__rad__t.tex)
(./struct____mavlink__orbit__execution__status__t.tex)
(./struct____mavlink__param__error__t.tex [86])
(./struct____mavlink__param__ext__ack__t.tex)
(./struct____mavlink__param__ext__request__list__t.tex)
(./struct____mavlink__param__ext__request__read__t.tex)
(./struct____mavlink__param__ext__set__t.tex [87])
(./struct____mavlink__param__ext__value__t.tex)
(./struct____mavlink__param__map__rc__t.tex)
(./struct____mavlink__param__request__list__t.tex)
(./struct____mavlink__param__request__read__t.tex [88])
(./struct____mavlink__param__set__t.tex)
(./struct____mavlink__param__value__t.tex) (./struct____mavlink__ping__t.tex
[89]) (./struct____mavlink__play__tune__t.tex)
(./struct____mavlink__play__tune__v2__t.tex)
(./struct____mavlink__position__target__global__int__t.tex [90])
(./struct____mavlink__position__target__local__ned__t.tex)
(./struct____mavlink__power__status__t.tex)
(./struct____mavlink__protocol__version__t.tex [91])
(./struct____mavlink__radio__status__t.tex)
(./struct____mavlink__raw__pressure__t.tex)
(./struct____mavlink__raw__rpm__t.tex [92])
(./struct____mavlink__rc__channels__override__t.tex)
(./struct____mavlink__rc__channels__raw__t.tex [93])
(./struct____mavlink__rc__channels__scaled__t.tex)
(./struct____mavlink__rc__channels__t.tex [94])
(./struct____mavlink__relay__status__t.tex)
(./struct____mavlink__request__data__stream__t.tex)
(./struct____mavlink__request__event__t.tex [95])
(./struct____mavlink__resource__request__t.tex)
(./struct____mavlink__response__event__error__t.tex)
(./struct____mavlink__safety__allowed__area__t.tex [96])
(./struct____mavlink__safety__set__allowed__area__t.tex)
(./struct____mavlink__scaled__imu2__t.tex [97])
(./struct____mavlink__scaled__imu3__t.tex)
(./struct____mavlink__scaled__imu__t.tex [98])
(./struct____mavlink__scaled__pressure2__t.tex)
(./struct____mavlink__scaled__pressure3__t.tex)
(./struct____mavlink__scaled__pressure__t.tex [99])
(./struct____mavlink__serial__control__t.tex)
(./struct____mavlink__set__actuator__control__target__t.tex)
(./struct____mavlink__set__mode__t.tex)
(./struct____mavlink__set__position__target__global__int__t.tex [100])
(./struct____mavlink__set__position__target__local__ned__t.tex [101])
(./struct____mavlink__setup__signing__t.tex) (./struct____mavlink__signing.tex 
<./struct____mavlink__signing__coll__graph.pdf

pdfTeX warning: pdflatex (file ./struct____mavlink__signing__coll__graph.pdf): 
PDF inclusion: multiple pdfs with page group included in a single page
>
<struct____mavlink__signing__coll__graph.pdf, id=13770, 396.48125pt x 245.91875
pt>
File: struct____mavlink__signing__coll__graph.pdf Graphic file (type pdf)
<use struct____mavlink__signing__coll__graph.pdf>
Package pdftex.def Info: struct____mavlink__signing__coll__graph.pdf  used on i
nput line 9.
(pdftex.def)             Requested size: 350.0pt x 217.09209pt.
 [102]
LaTeX Font Info:    Font shape `T1/phv/m/n' will be
(Font)              scaled to size 8.09995pt on input line 17.
LaTeX Font Info:    Font shape `T1/phv/m/it' in size <9> not available
(Font)              Font shape `T1/phv/m/sl' tried instead on input line 17.
LaTeX Font Info:    Font shape `T1/phv/m/sl' will be
(Font)              scaled to size 8.09995pt on input line 17.
LaTeX Font Info:    Font shape `T1/phv/m/it' in size <7> not available
(Font)              Font shape `T1/phv/m/sl' tried instead on input line 17.
LaTeX Font Info:    Font shape `T1/phv/m/sl' will be
(Font)              scaled to size 6.29996pt on input line 17.
)
(./struct____mavlink__signing__streams_1_1____mavlink__signing__stream.tex
[103]) (./struct____mavlink__signing__streams.tex <./struct____mavlink__signing
__streams__coll__graph.pdf>
<struct____mavlink__signing__streams__coll__graph.pdf, id=13831, 233.87375pt x 
178.6675pt>
File: struct____mavlink__signing__streams__coll__graph.pdf Graphic file (type p
df)
<use struct____mavlink__signing__streams__coll__graph.pdf>
Package pdftex.def Info: struct____mavlink__signing__streams__coll__graph.pdf  
used on input line 9.
(pdftex.def)             Requested size: 233.0pt x 178.01003pt.

Underfull \hbox (badness 6063) in paragraph at lines 23--25
[][] \T1/phv/m/n/10 struct [] \T1/phv/b/n/10 stream []\T1/phv/m/n/10 MAVLINK[]_
[][]MAX[]_[][]SIGNING[]_[][]
 []

) (./struct____mavlink__sim__state__t.tex [104])
(./struct____mavlink__status.tex <./struct____mavlink__status__coll__graph.pdf>
<struct____mavlink__status__coll__graph.pdf, id=13853, 260.975pt x 313.17pt>
File: struct____mavlink__status__coll__graph.pdf Graphic file (type pdf)
<use struct____mavlink__status__coll__graph.pdf>
Package pdftex.def Info: struct____mavlink__status__coll__graph.pdf  used on in
put line 9.
(pdftex.def)             Requested size: 260.0pt x 312.00323pt.
[105] [106]) (./struct____mavlink__storage__information__t.tex)
(./struct____mavlink__supported__tunes__t.tex)
(./struct____mavlink__system__time__t.tex)
(./struct____mavlink__terrain__check__t.tex [107])
(./struct____mavlink__terrain__data__t.tex)
(./struct____mavlink__terrain__report__t.tex)
(./struct____mavlink__terrain__request__t.tex [108])
(./struct____mavlink__time__estimate__to__target__t.tex)
(./struct____mavlink__timesync__t.tex)
(./struct____mavlink__trajectory__representation__bezier__t.tex)
(./struct____mavlink__trajectory__representation__waypoints__t.tex [109])
(./struct____mavlink__tunnel__t.tex)
(./struct____mavlink__uavcan__node__info__t.tex [110])
(./struct____mavlink__uavcan__node__status__t.tex)
(./struct____mavlink__utm__global__position__t.tex [111])
(./struct____mavlink__v2__extension__t.tex)
(./struct____mavlink__vfr__hud__t.tex) (./struct____mavlink__vibration__t.tex)
(./struct____mavlink__vicon__position__estimate__t.tex [112])
(./struct____mavlink__video__stream__information__t.tex)
(./struct____mavlink__video__stream__status__t.tex [113])
(./struct____mavlink__vision__position__estimate__t.tex)
(./struct____mavlink__vision__speed__estimate__t.tex)
(./struct____mavlink__wheel__distance__t.tex [114])
(./struct____mavlink__wifi__config__ap__t.tex)
(./struct____mavlink__winch__status__t.tex)
(./struct____mavlink__wind__cov__t.tex [115])
(./structmavlink_1_1common_1_1msg_1_1ACTUATOR__CONTROL__TARGET.tex <./structmav
link_1_1common_1_1msg_1_1ACTUATOR__CONTROL__TARGET__inherit__graph.pdf

pdfTeX warning: pdflatex (file ./structmavlink_1_1common_1_1msg_1_1ACTUATOR__CO
NTROL__TARGET__inherit__graph.pdf): PDF inclusion: multiple pdfs with page grou
p included in a single page
>
<structmavlink_1_1common_1_1msg_1_1ACTUATOR__CONTROL__TARGET__inherit__graph.pd
f, id=14174, 252.945pt x 167.62625pt>
File: structmavlink_1_1common_1_1msg_1_1ACTUATOR__CONTROL__TARGET__inherit__gra
ph.pdf Graphic file (type pdf)
<use structmavlink_1_1common_1_1msg_1_1ACTUATOR__CONTROL__TARGET__inherit__grap
h.pdf>
Package pdftex.def Info: structmavlink_1_1common_1_1msg_1_1ACTUATOR__CONTROL__T
ARGET__inherit__graph.pdf  used on input line 18.
(pdftex.def)             Requested size: 252.0pt x 167.00427pt.
 <./structmavlink_1_1common_1_1msg_1_1ACTUATOR__CONTROL__TARGET__coll__graph.pd
f

pdfTeX warning: pdflatex (file ./structmavlink_1_1common_1_1msg_1_1ACTUATOR__CO
NTROL__TARGET__coll__graph.pdf): PDF inclusion: multiple pdfs with page group i
ncluded in a single page
>
<structmavlink_1_1common_1_1msg_1_1ACTUATOR__CONTROL__TARGET__coll__graph.pdf, 
id=14182, 252.945pt x 167.62625pt>
File: structmavlink_1_1common_1_1msg_1_1ACTUATOR__CONTROL__TARGET__coll__graph.
pdf Graphic file (type pdf)
<use structmavlink_1_1common_1_1msg_1_1ACTUATOR__CONTROL__TARGET__coll__graph.p
df>
Package pdftex.def Info: structmavlink_1_1common_1_1msg_1_1ACTUATOR__CONTROL__T
ARGET__coll__graph.pdf  used on input line 27.
(pdftex.def)             Requested size: 252.0pt x 167.00427pt.
 [116]
LaTeX Font Info:    Font shape `T1/phv/m/n' will be
(Font)              scaled to size 7.19995pt on input line 87.
LaTeX Font Info:    Font shape `T1/pcr/m/it' in size <8> not available
(Font)              Font shape `T1/pcr/m/sl' tried instead on input line 87.
 [117])
(./structmavlink_1_1common_1_1msg_1_1ACTUATOR__OUTPUT__STATUS.tex [118] <./stru
ctmavlink_1_1common_1_1msg_1_1ACTUATOR__OUTPUT__STATUS__inherit__graph.pdf

pdfTeX warning: pdflatex (file ./structmavlink_1_1common_1_1msg_1_1ACTUATOR__OU
TPUT__STATUS__inherit__graph.pdf): PDF inclusion: multiple pdfs with page group
 included in a single page
>
<structmavlink_1_1common_1_1msg_1_1ACTUATOR__OUTPUT__STATUS__inherit__graph.pdf
, id=14254, 244.915pt x 167.62625pt>
File: structmavlink_1_1common_1_1msg_1_1ACTUATOR__OUTPUT__STATUS__inherit__grap
h.pdf Graphic file (type pdf)
<use structmavlink_1_1common_1_1msg_1_1ACTUATOR__OUTPUT__STATUS__inherit__graph
.pdf>
Package pdftex.def Info: structmavlink_1_1common_1_1msg_1_1ACTUATOR__OUTPUT__ST
ATUS__inherit__graph.pdf  used on input line 18.
(pdftex.def)             Requested size: 244.0pt x 167.00427pt.
 <./structmavlink_1_1common_1_1msg_1_1ACTUATOR__OUTPUT__STATUS__coll__graph.pdf


pdfTeX warning: pdflatex (file ./structmavlink_1_1common_1_1msg_1_1ACTUATOR__OU
TPUT__STATUS__coll__graph.pdf): PDF inclusion: multiple pdfs with page group in
cluded in a single page
>
<structmavlink_1_1common_1_1msg_1_1ACTUATOR__OUTPUT__STATUS__coll__graph.pdf, i
d=14262, 244.915pt x 167.62625pt>
File: structmavlink_1_1common_1_1msg_1_1ACTUATOR__OUTPUT__STATUS__coll__graph.p
df Graphic file (type pdf)
<use structmavlink_1_1common_1_1msg_1_1ACTUATOR__OUTPUT__STATUS__coll__graph.pd
f>
Package pdftex.def Info: structmavlink_1_1common_1_1msg_1_1ACTUATOR__OUTPUT__ST
ATUS__coll__graph.pdf  used on input line 27.
(pdftex.def)             Requested size: 244.0pt x 167.00427pt.
 [119] [120]) (./structmavlink_1_1common_1_1msg_1_1ADSB__VEHICLE.tex <./structm
avlink_1_1common_1_1msg_1_1ADSB__VEHICLE__inherit__graph.pdf

pdfTeX warning: pdflatex (file ./structmavlink_1_1common_1_1msg_1_1ADSB__VEHICL
E__inherit__graph.pdf): PDF inclusion: multiple pdfs with page group included i
n a single page
>
<structmavlink_1_1common_1_1msg_1_1ADSB__VEHICLE__inherit__graph.pdf, id=14314,
 212.795pt x 167.62625pt>
File: structmavlink_1_1common_1_1msg_1_1ADSB__VEHICLE__inherit__graph.pdf Graph
ic file (type pdf)
<use structmavlink_1_1common_1_1msg_1_1ADSB__VEHICLE__inherit__graph.pdf>
Package pdftex.def Info: structmavlink_1_1common_1_1msg_1_1ADSB__VEHICLE__inher
it__graph.pdf  used on input line 18.
(pdftex.def)             Requested size: 212.0pt x 167.0094pt.
 <./structmavlink_1_1common_1_1msg_1_1ADSB__VEHICLE__coll__graph.pdf

pdfTeX warning: pdflatex (file ./structmavlink_1_1common_1_1msg_1_1ADSB__VEHICL
E__coll__graph.pdf): PDF inclusion: multiple pdfs with page group included in a
 single page
>
<structmavlink_1_1common_1_1msg_1_1ADSB__VEHICLE__coll__graph.pdf, id=14322, 21
2.795pt x 167.62625pt>
File: structmavlink_1_1common_1_1msg_1_1ADSB__VEHICLE__coll__graph.pdf Graphic 
file (type pdf)
<use structmavlink_1_1common_1_1msg_1_1ADSB__VEHICLE__coll__graph.pdf>
Package pdftex.def Info: structmavlink_1_1common_1_1msg_1_1ADSB__VEHICLE__coll_
_graph.pdf  used on input line 27.
(pdftex.def)             Requested size: 212.0pt x 167.0094pt.
 [121] [122]) (./structmavlink_1_1common_1_1msg_1_1AIRSPEED.tex <./structmavlin
k_1_1common_1_1msg_1_1AIRSPEED__inherit__graph.pdf

pdfTeX warning: pdflatex (file ./structmavlink_1_1common_1_1msg_1_1AIRSPEED__in
herit__graph.pdf): PDF inclusion: multiple pdfs with page group included in a s
ingle page
>
<structmavlink_1_1common_1_1msg_1_1AIRSPEED__inherit__graph.pdf, id=14385, 212.
795pt x 167.62625pt>
File: structmavlink_1_1common_1_1msg_1_1AIRSPEED__inherit__graph.pdf Graphic fi
le (type pdf)
<use structmavlink_1_1common_1_1msg_1_1AIRSPEED__inherit__graph.pdf>
Package pdftex.def Info: structmavlink_1_1common_1_1msg_1_1AIRSPEED__inherit__g
raph.pdf  used on input line 18.
(pdftex.def)             Requested size: 212.0pt x 167.0094pt.
 [123] <./structmavlink_1_1common_1_1msg_1_1AIRSPEED__coll__graph.pdf

pdfTeX warning: pdflatex (file ./structmavlink_1_1common_1_1msg_1_1AIRSPEED__co
ll__graph.pdf): PDF inclusion: multiple pdfs with page group included in a sing
le page
>
<structmavlink_1_1common_1_1msg_1_1AIRSPEED__coll__graph.pdf, id=14399, 212.795
pt x 167.62625pt>
File: structmavlink_1_1common_1_1msg_1_1AIRSPEED__coll__graph.pdf Graphic file 
(type pdf)
<use structmavlink_1_1common_1_1msg_1_1AIRSPEED__coll__graph.pdf>
Package pdftex.def Info: structmavlink_1_1common_1_1msg_1_1AIRSPEED__coll__grap
h.pdf  used on input line 27.
(pdftex.def)             Requested size: 212.0pt x 167.0094pt.
 [124] [125]) (./structmavlink_1_1common_1_1msg_1_1AIS__VESSEL.tex <./structmav
link_1_1common_1_1msg_1_1AIS__VESSEL__inherit__graph.pdf

pdfTeX warning: pdflatex (file ./structmavlink_1_1common_1_1msg_1_1AIS__VESSEL_
_inherit__graph.pdf): PDF inclusion: multiple pdfs with page group included in 
a single page
>
<structmavlink_1_1common_1_1msg_1_1AIS__VESSEL__inherit__graph.pdf, id=14453, 2
12.795pt x 167.62625pt>
File: structmavlink_1_1common_1_1msg_1_1AIS__VESSEL__inherit__graph.pdf Graphic
 file (type pdf)
<use structmavlink_1_1common_1_1msg_1_1AIS__VESSEL__inherit__graph.pdf>
Package pdftex.def Info: structmavlink_1_1common_1_1msg_1_1AIS__VESSEL__inherit
__graph.pdf  used on input line 18.
(pdftex.def)             Requested size: 212.0pt x 167.0094pt.
 <./structmavlink_1_1common_1_1msg_1_1AIS__VESSEL__coll__graph.pdf

pdfTeX warning: pdflatex (file ./structmavlink_1_1common_1_1msg_1_1AIS__VESSEL_
_coll__graph.pdf): PDF inclusion: multiple pdfs with page group included in a s
ingle page
>
<structmavlink_1_1common_1_1msg_1_1AIS__VESSEL__coll__graph.pdf, id=14461, 212.
795pt x 167.62625pt>
File: structmavlink_1_1common_1_1msg_1_1AIS__VESSEL__coll__graph.pdf Graphic fi
le (type pdf)
<use structmavlink_1_1common_1_1msg_1_1AIS__VESSEL__coll__graph.pdf>
Package pdftex.def Info: structmavlink_1_1common_1_1msg_1_1AIS__VESSEL__coll__g
raph.pdf  used on input line 27.
(pdftex.def)             Requested size: 212.0pt x 167.0094pt.
 [126] [127] [128]) (./structmavlink_1_1common_1_1msg_1_1ALTITUDE.tex <./struct
mavlink_1_1common_1_1msg_1_1ALTITUDE__inherit__graph.pdf

pdfTeX warning: pdflatex (file ./structmavlink_1_1common_1_1msg_1_1ALTITUDE__in
herit__graph.pdf): PDF inclusion: multiple pdfs with page group included in a s
ingle page
>
<structmavlink_1_1common_1_1msg_1_1ALTITUDE__inherit__graph.pdf, id=14531, 212.
795pt x 167.62625pt>
File: structmavlink_1_1common_1_1msg_1_1ALTITUDE__inherit__graph.pdf Graphic fi
le (type pdf)
<use structmavlink_1_1common_1_1msg_1_1ALTITUDE__inherit__graph.pdf>
Package pdftex.def Info: structmavlink_1_1common_1_1msg_1_1ALTITUDE__inherit__g
raph.pdf  used on input line 18.
(pdftex.def)             Requested size: 212.0pt x 167.0094pt.
 [129] <./structmavlink_1_1common_1_1msg_1_1ALTITUDE__coll__graph.pdf

pdfTeX warning: pdflatex (file ./structmavlink_1_1common_1_1msg_1_1ALTITUDE__co
ll__graph.pdf): PDF inclusion: multiple pdfs with page group included in a sing
le page
>
<structmavlink_1_1common_1_1msg_1_1ALTITUDE__coll__graph.pdf, id=14546, 212.795
pt x 167.62625pt>
File: structmavlink_1_1common_1_1msg_1_1ALTITUDE__coll__graph.pdf Graphic file 
(type pdf)
<use structmavlink_1_1common_1_1msg_1_1ALTITUDE__coll__graph.pdf>
Package pdftex.def Info: structmavlink_1_1common_1_1msg_1_1ALTITUDE__coll__grap
h.pdf  used on input line 27.
(pdftex.def)             Requested size: 212.0pt x 167.0094pt.
 [130] [131]) (./structATLAS__HC__ARM__DISARM__ACK.tex)
(./structATLAS__HC__HEARTBEAT__BC.tex) (./structATLAS__HC__SYS__STAT.tex)
(./structATLAS__HC__TIMESYNC__RESP.tex [132])
(./structmavlink_1_1common_1_1msg_1_1ATT__POS__MOCAP.tex <./structmavlink_1_1co
mmon_1_1msg_1_1ATT__POS__MOCAP__inherit__graph.pdf

pdfTeX warning: pdflatex (file ./structmavlink_1_1common_1_1msg_1_1ATT__POS__MO
CAP__inherit__graph.pdf): PDF inclusion: multiple pdfs with page group included
 in a single page
>
<structmavlink_1_1common_1_1msg_1_1ATT__POS__MOCAP__inherit__graph.pdf, id=1462
2, 212.795pt x 167.62625pt>
File: structmavlink_1_1common_1_1msg_1_1ATT__POS__MOCAP__inherit__graph.pdf Gra
phic file (type pdf)
<use structmavlink_1_1common_1_1msg_1_1ATT__POS__MOCAP__inherit__graph.pdf>
Package pdftex.def Info: structmavlink_1_1common_1_1msg_1_1ATT__POS__MOCAP__inh
erit__graph.pdf  used on input line 18.
(pdftex.def)             Requested size: 212.0pt x 167.0094pt.
 <./structmavlink_1_1common_1_1msg_1_1ATT__POS__MOCAP__coll__graph.pdf

pdfTeX warning: pdflatex (file ./structmavlink_1_1common_1_1msg_1_1ATT__POS__MO
CAP__coll__graph.pdf): PDF inclusion: multiple pdfs with page group included in
 a single page
>
<structmavlink_1_1common_1_1msg_1_1ATT__POS__MOCAP__coll__graph.pdf, id=14630, 
212.795pt x 167.62625pt>
File: structmavlink_1_1common_1_1msg_1_1ATT__POS__MOCAP__coll__graph.pdf Graphi
c file (type pdf)
<use structmavlink_1_1common_1_1msg_1_1ATT__POS__MOCAP__coll__graph.pdf>
Package pdftex.def Info: structmavlink_1_1common_1_1msg_1_1ATT__POS__MOCAP__col
l__graph.pdf  used on input line 27.
(pdftex.def)             Requested size: 212.0pt x 167.0094pt.
 [133] [134]) (./structmavlink_1_1common_1_1msg_1_1ATTITUDE.tex [135] <./struct
mavlink_1_1common_1_1msg_1_1ATTITUDE__inherit__graph.pdf

pdfTeX warning: pdflatex (file ./structmavlink_1_1common_1_1msg_1_1ATTITUDE__in
herit__graph.pdf): PDF inclusion: multiple pdfs with page group included in a s
ingle page
>
<structmavlink_1_1common_1_1msg_1_1ATTITUDE__inherit__graph.pdf, id=14701, 212.
795pt x 167.62625pt>
File: structmavlink_1_1common_1_1msg_1_1ATTITUDE__inherit__graph.pdf Graphic fi
le (type pdf)
<use structmavlink_1_1common_1_1msg_1_1ATTITUDE__inherit__graph.pdf>
Package pdftex.def Info: structmavlink_1_1common_1_1msg_1_1ATTITUDE__inherit__g
raph.pdf  used on input line 18.
(pdftex.def)             Requested size: 212.0pt x 167.0094pt.
 <./structmavlink_1_1common_1_1msg_1_1ATTITUDE__coll__graph.pdf

pdfTeX warning: pdflatex (file ./structmavlink_1_1common_1_1msg_1_1ATTITUDE__co
ll__graph.pdf): PDF inclusion: multiple pdfs with page group included in a sing
le page
>
<structmavlink_1_1common_1_1msg_1_1ATTITUDE__coll__graph.pdf, id=14709, 212.795
pt x 167.62625pt>
File: structmavlink_1_1common_1_1msg_1_1ATTITUDE__coll__graph.pdf Graphic file 
(type pdf)
<use structmavlink_1_1common_1_1msg_1_1ATTITUDE__coll__graph.pdf>
Package pdftex.def Info: structmavlink_1_1common_1_1msg_1_1ATTITUDE__coll__grap
h.pdf  used on input line 27.
(pdftex.def)             Requested size: 212.0pt x 167.0094pt.
 [136] [137]) (./structmavlink_1_1common_1_1msg_1_1ATTITUDE__QUATERNION.tex <./
structmavlink_1_1common_1_1msg_1_1ATTITUDE__QUATERNION__inherit__graph.pdf

pdfTeX warning: pdflatex (file ./structmavlink_1_1common_1_1msg_1_1ATTITUDE__QU
ATERNION__inherit__graph.pdf): PDF inclusion: multiple pdfs with page group inc
luded in a single page
>
<structmavlink_1_1common_1_1msg_1_1ATTITUDE__QUATERNION__inherit__graph.pdf, id
=14765, 221.82875pt x 167.62625pt>
File: structmavlink_1_1common_1_1msg_1_1ATTITUDE__QUATERNION__inherit__graph.pd
f Graphic file (type pdf)
<use structmavlink_1_1common_1_1msg_1_1ATTITUDE__QUATERNION__inherit__graph.pdf
>
Package pdftex.def Info: structmavlink_1_1common_1_1msg_1_1ATTITUDE__QUATERNION
__inherit__graph.pdf  used on input line 18.
(pdftex.def)             Requested size: 221.0pt x 166.99916pt.
 <./structmavlink_1_1common_1_1msg_1_1ATTITUDE__QUATERNION__coll__graph.pdf

pdfTeX warning: pdflatex (file ./structmavlink_1_1common_1_1msg_1_1ATTITUDE__QU
ATERNION__coll__graph.pdf): PDF inclusion: multiple pdfs with page group includ
ed in a single page
>
<structmavlink_1_1common_1_1msg_1_1ATTITUDE__QUATERNION__coll__graph.pdf, id=14
773, 221.82875pt x 167.62625pt>
File: structmavlink_1_1common_1_1msg_1_1ATTITUDE__QUATERNION__coll__graph.pdf G
raphic file (type pdf)
<use structmavlink_1_1common_1_1msg_1_1ATTITUDE__QUATERNION__coll__graph.pdf>
Package pdftex.def Info: structmavlink_1_1common_1_1msg_1_1ATTITUDE__QUATERNION
__coll__graph.pdf  used on input line 27.
(pdftex.def)             Requested size: 221.0pt x 166.99916pt.
 [138] [139] [140])
(./structmavlink_1_1common_1_1msg_1_1ATTITUDE__QUATERNION__COV.tex <./structmav
link_1_1common_1_1msg_1_1ATTITUDE__QUATERNION__COV__inherit__graph.pdf

pdfTeX warning: pdflatex (file ./structmavlink_1_1common_1_1msg_1_1ATTITUDE__QU
ATERNION__COV__inherit__graph.pdf): PDF inclusion: multiple pdfs with page grou
p included in a single page
>
<structmavlink_1_1common_1_1msg_1_1ATTITUDE__QUATERNION__COV__inherit__graph.pd
f, id=14837, 247.92625pt x 167.62625pt>
File: structmavlink_1_1common_1_1msg_1_1ATTITUDE__QUATERNION__COV__inherit__gra
ph.pdf Graphic file (type pdf)
<use structmavlink_1_1common_1_1msg_1_1ATTITUDE__QUATERNION__COV__inherit__grap
h.pdf>
Package pdftex.def Info: structmavlink_1_1common_1_1msg_1_1ATTITUDE__QUATERNION
__COV__inherit__graph.pdf  used on input line 18.
(pdftex.def)             Requested size: 247.0pt x 167.00172pt.
 <./structmavlink_1_1common_1_1msg_1_1ATTITUDE__QUATERNION__COV__coll__graph.pd
f

pdfTeX warning: pdflatex (file ./structmavlink_1_1common_1_1msg_1_1ATTITUDE__QU
ATERNION__COV__coll__graph.pdf): PDF inclusion: multiple pdfs with page group i
ncluded in a single page
>
<structmavlink_1_1common_1_1msg_1_1ATTITUDE__QUATERNION__COV__coll__graph.pdf, 
id=14845, 247.92625pt x 167.62625pt>
File: structmavlink_1_1common_1_1msg_1_1ATTITUDE__QUATERNION__COV__coll__graph.
pdf Graphic file (type pdf)
<use structmavlink_1_1common_1_1msg_1_1ATTITUDE__QUATERNION__COV__coll__graph.p
df>
Package pdftex.def Info: structmavlink_1_1common_1_1msg_1_1ATTITUDE__QUATERNION
__COV__coll__graph.pdf  used on input line 27.
(pdftex.def)             Requested size: 247.0pt x 167.00172pt.
 [141] [142]) (./structmavlink_1_1common_1_1msg_1_1ATTITUDE__TARGET.tex <./stru
ctmavlink_1_1common_1_1msg_1_1ATTITUDE__TARGET__inherit__graph.pdf

pdfTeX warning: pdflatex (file ./structmavlink_1_1common_1_1msg_1_1ATTITUDE__TA
RGET__inherit__graph.pdf): PDF inclusion: multiple pdfs with page group include
d in a single page
>
<structmavlink_1_1common_1_1msg_1_1ATTITUDE__TARGET__inherit__graph.pdf, id=149
00, 212.795pt x 167.62625pt>
File: structmavlink_1_1common_1_1msg_1_1ATTITUDE__TARGET__inherit__graph.pdf Gr
aphic file (type pdf)
<use structmavlink_1_1common_1_1msg_1_1ATTITUDE__TARGET__inherit__graph.pdf>
Package pdftex.def Info: structmavlink_1_1common_1_1msg_1_1ATTITUDE__TARGET__in
herit__graph.pdf  used on input line 18.
(pdftex.def)             Requested size: 212.0pt x 167.0094pt.
 [143] <./structmavlink_1_1common_1_1msg_1_1ATTITUDE__TARGET__coll__graph.pdf

pdfTeX warning: pdflatex (file ./structmavlink_1_1common_1_1msg_1_1ATTITUDE__TA
RGET__coll__graph.pdf): PDF inclusion: multiple pdfs with page group included i
n a single page
>
<structmavlink_1_1common_1_1msg_1_1ATTITUDE__TARGET__coll__graph.pdf, id=14914,
 212.795pt x 167.62625pt>
File: structmavlink_1_1common_1_1msg_1_1ATTITUDE__TARGET__coll__graph.pdf Graph
ic file (type pdf)
<use structmavlink_1_1common_1_1msg_1_1ATTITUDE__TARGET__coll__graph.pdf>
Package pdftex.def Info: structmavlink_1_1common_1_1msg_1_1ATTITUDE__TARGET__co
ll__graph.pdf  used on input line 27.
(pdftex.def)             Requested size: 212.0pt x 167.0094pt.
 [144] [145]) (./structmavlink_1_1common_1_1msg_1_1AUTH__KEY.tex <./structmavli
nk_1_1common_1_1msg_1_1AUTH__KEY__inherit__graph.pdf

pdfTeX warning: pdflatex (file ./structmavlink_1_1common_1_1msg_1_1AUTH__KEY__i
nherit__graph.pdf): PDF inclusion: multiple pdfs with page group included in a 
single page
>
<structmavlink_1_1common_1_1msg_1_1AUTH__KEY__inherit__graph.pdf, id=14972, 212
.795pt x 167.62625pt>
File: structmavlink_1_1common_1_1msg_1_1AUTH__KEY__inherit__graph.pdf Graphic f
ile (type pdf)
<use structmavlink_1_1common_1_1msg_1_1AUTH__KEY__inherit__graph.pdf>
Package pdftex.def Info: structmavlink_1_1common_1_1msg_1_1AUTH__KEY__inherit__
graph.pdf  used on input line 18.
(pdftex.def)             Requested size: 212.0pt x 167.0094pt.
 <./structmavlink_1_1common_1_1msg_1_1AUTH__KEY__coll__graph.pdf

pdfTeX warning: pdflatex (file ./structmavlink_1_1common_1_1msg_1_1AUTH__KEY__c
oll__graph.pdf): PDF inclusion: multiple pdfs with page group included in a sin
gle page
>
<structmavlink_1_1common_1_1msg_1_1AUTH__KEY__coll__graph.pdf, id=14980, 212.79
5pt x 167.62625pt>
File: structmavlink_1_1common_1_1msg_1_1AUTH__KEY__coll__graph.pdf Graphic file
 (type pdf)
<use structmavlink_1_1common_1_1msg_1_1AUTH__KEY__coll__graph.pdf>
Package pdftex.def Info: structmavlink_1_1common_1_1msg_1_1AUTH__KEY__coll__gra
ph.pdf  used on input line 27.
(pdftex.def)             Requested size: 212.0pt x 167.0094pt.
 [146] [147])
(./structmavlink_1_1common_1_1msg_1_1AUTOPILOT__STATE__FOR__GIMBAL__DEVICE.tex 
<./structmavlink_1_1common_1_1msg_1_1AUTOPILOT__STATE__FOR__GIMBAL__DEVICE__inh
erit__graph.pdf

pdfTeX warning: pdflatex (file ./structmavlink_1_1common_1_1msg_1_1AUTOPILOT__S
TATE__FOR__GIMBAL__DEVICE__inherit__graph.pdf): PDF inclusion: multiple pdfs wi
th page group included in a single page
>
<structmavlink_1_1common_1_1msg_1_1AUTOPILOT__STATE__FOR__GIMBAL__DEVICE__inher
it__graph.pdf, id=15030, 218.8175pt x 178.6675pt>
File: structmavlink_1_1common_1_1msg_1_1AUTOPILOT__STATE__FOR__GIMBAL__DEVICE__
inherit__graph.pdf Graphic file (type pdf)
<use structmavlink_1_1common_1_1msg_1_1AUTOPILOT__STATE__FOR__GIMBAL__DEVICE__i
nherit__graph.pdf>
Package pdftex.def Info: structmavlink_1_1common_1_1msg_1_1AUTOPILOT__STATE__FO
R__GIMBAL__DEVICE__inherit__graph.pdf  used on input line 18.
(pdftex.def)             Requested size: 218.0pt x 178.00185pt.
 [148] <./structmavlink_1_1common_1_1msg_1_1AUTOPILOT__STATE__FOR__GIMBAL__DEVI
CE__coll__graph.pdf

pdfTeX warning: pdflatex (file ./structmavlink_1_1common_1_1msg_1_1AUTOPILOT__S
TATE__FOR__GIMBAL__DEVICE__coll__graph.pdf): PDF inclusion: multiple pdfs with 
page group included in a single page
>
<structmavlink_1_1common_1_1msg_1_1AUTOPILOT__STATE__FOR__GIMBAL__DEVICE__coll_
_graph.pdf, id=15043, 218.8175pt x 178.6675pt>
File: structmavlink_1_1common_1_1msg_1_1AUTOPILOT__STATE__FOR__GIMBAL__DEVICE__
coll__graph.pdf Graphic file (type pdf)
<use structmavlink_1_1common_1_1msg_1_1AUTOPILOT__STATE__FOR__GIMBAL__DEVICE__c
oll__graph.pdf>
Package pdftex.def Info: structmavlink_1_1common_1_1msg_1_1AUTOPILOT__STATE__FO
R__GIMBAL__DEVICE__coll__graph.pdf  used on input line 27.
(pdftex.def)             Requested size: 218.0pt x 178.00185pt.
 [149] [150]) (./structmavlink_1_1standard_1_1msg_1_1AUTOPILOT__VERSION.tex <./
structmavlink_1_1standard_1_1msg_1_1AUTOPILOT__VERSION__inherit__graph.pdf

pdfTeX warning: pdflatex (file ./structmavlink_1_1standard_1_1msg_1_1AUTOPILOT_
_VERSION__inherit__graph.pdf): PDF inclusion: multiple pdfs with page group inc
luded in a single page
>
<structmavlink_1_1standard_1_1msg_1_1AUTOPILOT__VERSION__inherit__graph.pdf, id
=15105, 228.855pt x 167.62625pt>
File: structmavlink_1_1standard_1_1msg_1_1AUTOPILOT__VERSION__inherit__graph.pd
f Graphic file (type pdf)
<use structmavlink_1_1standard_1_1msg_1_1AUTOPILOT__VERSION__inherit__graph.pdf
>
Package pdftex.def Info: structmavlink_1_1standard_1_1msg_1_1AUTOPILOT__VERSION
__inherit__graph.pdf  used on input line 18.
(pdftex.def)             Requested size: 228.0pt x 167.00684pt.
 [151] <./structmavlink_1_1standard_1_1msg_1_1AUTOPILOT__VERSION__coll__graph.p
df

pdfTeX warning: pdflatex (file ./structmavlink_1_1standard_1_1msg_1_1AUTOPILOT_
_VERSION__coll__graph.pdf): PDF inclusion: multiple pdfs with page group includ
ed in a single page
>
<structmavlink_1_1standard_1_1msg_1_1AUTOPILOT__VERSION__coll__graph.pdf, id=15
119, 228.855pt x 167.62625pt>
File: structmavlink_1_1standard_1_1msg_1_1AUTOPILOT__VERSION__coll__graph.pdf G
raphic file (type pdf)
<use structmavlink_1_1standard_1_1msg_1_1AUTOPILOT__VERSION__coll__graph.pdf>
Package pdftex.def Info: structmavlink_1_1standard_1_1msg_1_1AUTOPILOT__VERSION
__coll__graph.pdf  used on input line 27.
(pdftex.def)             Requested size: 228.0pt x 167.00684pt.
 [152] [153]) (./structmavlink_1_1common_1_1msg_1_1AVAILABLE__MODES.tex <./stru
ctmavlink_1_1common_1_1msg_1_1AVAILABLE__MODES__inherit__graph.pdf

pdfTeX warning: pdflatex (file ./structmavlink_1_1common_1_1msg_1_1AVAILABLE__M
ODES__inherit__graph.pdf): PDF inclusion: multiple pdfs with page group include
d in a single page
>
<structmavlink_1_1common_1_1msg_1_1AVAILABLE__MODES__inherit__graph.pdf, id=151
80, 212.795pt x 167.62625pt>
File: structmavlink_1_1common_1_1msg_1_1AVAILABLE__MODES__inherit__graph.pdf Gr
aphic file (type pdf)
<use structmavlink_1_1common_1_1msg_1_1AVAILABLE__MODES__inherit__graph.pdf>
Package pdftex.def Info: structmavlink_1_1common_1_1msg_1_1AVAILABLE__MODES__in
herit__graph.pdf  used on input line 18.
(pdftex.def)             Requested size: 212.0pt x 167.0094pt.
 <./structmavlink_1_1common_1_1msg_1_1AVAILABLE__MODES__coll__graph.pdf

pdfTeX warning: pdflatex (file ./structmavlink_1_1common_1_1msg_1_1AVAILABLE__M
ODES__coll__graph.pdf): PDF inclusion: multiple pdfs with page group included i
n a single page
>
<structmavlink_1_1common_1_1msg_1_1AVAILABLE__MODES__coll__graph.pdf, id=15188,
 212.795pt x 167.62625pt>
File: structmavlink_1_1common_1_1msg_1_1AVAILABLE__MODES__coll__graph.pdf Graph
ic file (type pdf)
<use structmavlink_1_1common_1_1msg_1_1AVAILABLE__MODES__coll__graph.pdf>
Package pdftex.def Info: structmavlink_1_1common_1_1msg_1_1AVAILABLE__MODES__co
ll__graph.pdf  used on input line 27.
(pdftex.def)             Requested size: 212.0pt x 167.0094pt.
 [154]
Overfull \hbox (173.55629pt too wide) in paragraph at lines 89--89
[] \T1/pcr/m/n/8 The message can be enumerated to get information for all modes
, or requested for a particular mode, using MAV_CMD_REQUEST_MESSAGE. 
 []


Overfull \hbox (139.95627pt too wide) in paragraph at lines 90--90
[] \T1/pcr/m/n/8 Specify 0 in param2 to request that the message is emitted for
 all available modes or the specific index for just one mode.[] 
 []


Overfull \hbox (442.35646pt too wide) in paragraph at lines 93--93
[] \T1/pcr/m/n/8 Note that the current mode should be emitted in CURRENT_MODE, 
and that if the mode list can change then AVAILABLE_MODES_MONITOR must be emitt
ed on first change and subsequently streamed.[] 
 []

[155] [156]) (./structmavlink_1_1common_1_1msg_1_1AVAILABLE__MODES__MONITOR.tex
 <./structmavlink_1_1common_1_1msg_1_1AVAILABLE__MODES__MONITOR__inherit__graph
.pdf

pdfTeX warning: pdflatex (file ./structmavlink_1_1common_1_1msg_1_1AVAILABLE__M
ODES__MONITOR__inherit__graph.pdf): PDF inclusion: multiple pdfs with page grou
p included in a single page
>
<structmavlink_1_1common_1_1msg_1_1AVAILABLE__MODES__MONITOR__inherit__graph.pd
f, id=15248, 249.93375pt x 167.62625pt>
File: structmavlink_1_1common_1_1msg_1_1AVAILABLE__MODES__MONITOR__inherit__gra
ph.pdf Graphic file (type pdf)
<use structmavlink_1_1common_1_1msg_1_1AVAILABLE__MODES__MONITOR__inherit__grap
h.pdf>
Package pdftex.def Info: structmavlink_1_1common_1_1msg_1_1AVAILABLE__MODES__MO
NITOR__inherit__graph.pdf  used on input line 18.
(pdftex.def)             Requested size: 249.0pt x 167.00684pt.
 <./structmavlink_1_1common_1_1msg_1_1AVAILABLE__MODES__MONITOR__coll__graph.pd
f

pdfTeX warning: pdflatex (file ./structmavlink_1_1common_1_1msg_1_1AVAILABLE__M
ODES__MONITOR__coll__graph.pdf): PDF inclusion: multiple pdfs with page group i
ncluded in a single page
>
<structmavlink_1_1common_1_1msg_1_1AVAILABLE__MODES__MONITOR__coll__graph.pdf, 
id=15256, 249.93375pt x 167.62625pt>
File: structmavlink_1_1common_1_1msg_1_1AVAILABLE__MODES__MONITOR__coll__graph.
pdf Graphic file (type pdf)
<use structmavlink_1_1common_1_1msg_1_1AVAILABLE__MODES__MONITOR__coll__graph.p
df>
Package pdftex.def Info: structmavlink_1_1common_1_1msg_1_1AVAILABLE__MODES__MO
NITOR__coll__graph.pdf  used on input line 27.
(pdftex.def)             Requested size: 249.0pt x 167.00684pt.
 [157]
Overfull \vbox (10.06802pt too high) has occurred while \output is active []


[158]) (./structmavlink_1_1common_1_1msg_1_1BATTERY__INFO.tex <./structmavlink_
1_1common_1_1msg_1_1BATTERY__INFO__inherit__graph.pdf

pdfTeX warning: pdflatex (file ./structmavlink_1_1common_1_1msg_1_1BATTERY__INF
O__inherit__graph.pdf): PDF inclusion: multiple pdfs with page group included i
n a single page
>
<structmavlink_1_1common_1_1msg_1_1BATTERY__INFO__inherit__graph.pdf, id=15311,
 212.795pt x 167.62625pt>
File: structmavlink_1_1common_1_1msg_1_1BATTERY__INFO__inherit__graph.pdf Graph
ic file (type pdf)
<use structmavlink_1_1common_1_1msg_1_1BATTERY__INFO__inherit__graph.pdf>
Package pdftex.def Info: structmavlink_1_1common_1_1msg_1_1BATTERY__INFO__inher
it__graph.pdf  used on input line 18.
(pdftex.def)             Requested size: 212.0pt x 167.0094pt.
 [159] <./structmavlink_1_1common_1_1msg_1_1BATTERY__INFO__coll__graph.pdf

pdfTeX warning: pdflatex (file ./structmavlink_1_1common_1_1msg_1_1BATTERY__INF
O__coll__graph.pdf): PDF inclusion: multiple pdfs with page group included in a
 single page
>
<structmavlink_1_1common_1_1msg_1_1BATTERY__INFO__coll__graph.pdf, id=15324, 21
2.795pt x 167.62625pt>
File: structmavlink_1_1common_1_1msg_1_1BATTERY__INFO__coll__graph.pdf Graphic 
file (type pdf)
<use structmavlink_1_1common_1_1msg_1_1BATTERY__INFO__coll__graph.pdf>
Package pdftex.def Info: structmavlink_1_1common_1_1msg_1_1BATTERY__INFO__coll_
_graph.pdf  used on input line 27.
(pdftex.def)             Requested size: 212.0pt x 167.0094pt.
 [160]
Overfull \vbox (2.52994pt too high) has occurred while \output is active []


[161]) (./structmavlink_1_1common_1_1msg_1_1BATTERY__STATUS.tex <./structmavlin
k_1_1common_1_1msg_1_1BATTERY__STATUS__inherit__graph.pdf

pdfTeX warning: pdflatex (file ./structmavlink_1_1common_1_1msg_1_1BATTERY__STA
TUS__inherit__graph.pdf): PDF inclusion: multiple pdfs with page group included
 in a single page
>
<structmavlink_1_1common_1_1msg_1_1BATTERY__STATUS__inherit__graph.pdf, id=1539
3, 212.795pt x 167.62625pt>
File: structmavlink_1_1common_1_1msg_1_1BATTERY__STATUS__inherit__graph.pdf Gra
phic file (type pdf)
<use structmavlink_1_1common_1_1msg_1_1BATTERY__STATUS__inherit__graph.pdf>
Package pdftex.def Info: structmavlink_1_1common_1_1msg_1_1BATTERY__STATUS__inh
erit__graph.pdf  used on input line 18.
(pdftex.def)             Requested size: 212.0pt x 167.0094pt.
 [162] <./structmavlink_1_1common_1_1msg_1_1BATTERY__STATUS__coll__graph.pdf

pdfTeX warning: pdflatex (file ./structmavlink_1_1common_1_1msg_1_1BATTERY__STA
TUS__coll__graph.pdf): PDF inclusion: multiple pdfs with page group included in
 a single page
>
<structmavlink_1_1common_1_1msg_1_1BATTERY__STATUS__coll__graph.pdf, id=15406, 
212.795pt x 167.62625pt>
File: structmavlink_1_1common_1_1msg_1_1BATTERY__STATUS__coll__graph.pdf Graphi
c file (type pdf)
<use structmavlink_1_1common_1_1msg_1_1BATTERY__STATUS__coll__graph.pdf>
Package pdftex.def Info: structmavlink_1_1common_1_1msg_1_1BATTERY__STATUS__col
l__graph.pdf  used on input line 27.
(pdftex.def)             Requested size: 212.0pt x 167.0094pt.
 [163] [164]) (./structmavlink_1_1common_1_1msg_1_1BUTTON__CHANGE.tex <./struct
mavlink_1_1common_1_1msg_1_1BUTTON__CHANGE__inherit__graph.pdf

pdfTeX warning: pdflatex (file ./structmavlink_1_1common_1_1msg_1_1BUTTON__CHAN
GE__inherit__graph.pdf): PDF inclusion: multiple pdfs with page group included 
in a single page
>
<structmavlink_1_1common_1_1msg_1_1BUTTON__CHANGE__inherit__graph.pdf, id=15470
, 212.795pt x 167.62625pt>
File: structmavlink_1_1common_1_1msg_1_1BUTTON__CHANGE__inherit__graph.pdf Grap
hic file (type pdf)
<use structmavlink_1_1common_1_1msg_1_1BUTTON__CHANGE__inherit__graph.pdf>
Package pdftex.def Info: structmavlink_1_1common_1_1msg_1_1BUTTON__CHANGE__inhe
rit__graph.pdf  used on input line 18.
(pdftex.def)             Requested size: 212.0pt x 167.0094pt.
 <./structmavlink_1_1common_1_1msg_1_1BUTTON__CHANGE__coll__graph.pdf

pdfTeX warning: pdflatex (file ./structmavlink_1_1common_1_1msg_1_1BUTTON__CHAN
GE__coll__graph.pdf): PDF inclusion: multiple pdfs with page group included in 
a single page
>
<structmavlink_1_1common_1_1msg_1_1BUTTON__CHANGE__coll__graph.pdf, id=15478, 2
12.795pt x 167.62625pt>
File: structmavlink_1_1common_1_1msg_1_1BUTTON__CHANGE__coll__graph.pdf Graphic
 file (type pdf)
<use structmavlink_1_1common_1_1msg_1_1BUTTON__CHANGE__coll__graph.pdf>
Package pdftex.def Info: structmavlink_1_1common_1_1msg_1_1BUTTON__CHANGE__coll
__graph.pdf  used on input line 27.
(pdftex.def)             Requested size: 212.0pt x 167.0094pt.
 [165] [166]) (./structmavlink_1_1common_1_1msg_1_1CAMERA__CAPTURE__STATUS.tex 
[167] <./structmavlink_1_1common_1_1msg_1_1CAMERA__CAPTURE__STATUS__inherit__gr
aph.pdf

pdfTeX warning: pdflatex (file ./structmavlink_1_1common_1_1msg_1_1CAMERA__CAPT
URE__STATUS__inherit__graph.pdf): PDF inclusion: multiple pdfs with page group 
included in a single page
>
<structmavlink_1_1common_1_1msg_1_1CAMERA__CAPTURE__STATUS__inherit__graph.pdf,
 id=15537, 238.8925pt x 167.62625pt>
File: structmavlink_1_1common_1_1msg_1_1CAMERA__CAPTURE__STATUS__inherit__graph
.pdf Graphic file (type pdf)
<use structmavlink_1_1common_1_1msg_1_1CAMERA__CAPTURE__STATUS__inherit__graph.
pdf>
Package pdftex.def Info: structmavlink_1_1common_1_1msg_1_1CAMERA__CAPTURE__STA
TUS__inherit__graph.pdf  used on input line 18.
(pdftex.def)             Requested size: 238.0pt x 166.99916pt.
 <./structmavlink_1_1common_1_1msg_1_1CAMERA__CAPTURE__STATUS__coll__graph.pdf

pdfTeX warning: pdflatex (file ./structmavlink_1_1common_1_1msg_1_1CAMERA__CAPT
URE__STATUS__coll__graph.pdf): PDF inclusion: multiple pdfs with page group inc
luded in a single page
>
<structmavlink_1_1common_1_1msg_1_1CAMERA__CAPTURE__STATUS__coll__graph.pdf, id
=15545, 238.8925pt x 167.62625pt>
File: structmavlink_1_1common_1_1msg_1_1CAMERA__CAPTURE__STATUS__coll__graph.pd
f Graphic file (type pdf)
<use structmavlink_1_1common_1_1msg_1_1CAMERA__CAPTURE__STATUS__coll__graph.pdf
>
Package pdftex.def Info: structmavlink_1_1common_1_1msg_1_1CAMERA__CAPTURE__STA
TUS__coll__graph.pdf  used on input line 27.
(pdftex.def)             Requested size: 238.0pt x 166.99916pt.
 [168] [169]) (./structmavlink_1_1common_1_1msg_1_1CAMERA__FOV__STATUS.tex <./s
tructmavlink_1_1common_1_1msg_1_1CAMERA__FOV__STATUS__inherit__graph.pdf

pdfTeX warning: pdflatex (file ./structmavlink_1_1common_1_1msg_1_1CAMERA__FOV_
_STATUS__inherit__graph.pdf): PDF inclusion: multiple pdfs with page group incl
uded in a single page
>
<structmavlink_1_1common_1_1msg_1_1CAMERA__FOV__STATUS__inherit__graph.pdf, id=
15603, 212.795pt x 167.62625pt>
File: structmavlink_1_1common_1_1msg_1_1CAMERA__FOV__STATUS__inherit__graph.pdf
 Graphic file (type pdf)
<use structmavlink_1_1common_1_1msg_1_1CAMERA__FOV__STATUS__inherit__graph.pdf>

Package pdftex.def Info: structmavlink_1_1common_1_1msg_1_1CAMERA__FOV__STATUS_
_inherit__graph.pdf  used on input line 18.
(pdftex.def)             Requested size: 212.0pt x 167.0094pt.
 <./structmavlink_1_1common_1_1msg_1_1CAMERA__FOV__STATUS__coll__graph.pdf

pdfTeX warning: pdflatex (file ./structmavlink_1_1common_1_1msg_1_1CAMERA__FOV_
_STATUS__coll__graph.pdf): PDF inclusion: multiple pdfs with page group include
d in a single page
>
<structmavlink_1_1common_1_1msg_1_1CAMERA__FOV__STATUS__coll__graph.pdf, id=156
11, 212.795pt x 167.62625pt>
File: structmavlink_1_1common_1_1msg_1_1CAMERA__FOV__STATUS__coll__graph.pdf Gr
aphic file (type pdf)
<use structmavlink_1_1common_1_1msg_1_1CAMERA__FOV__STATUS__coll__graph.pdf>
Package pdftex.def Info: structmavlink_1_1common_1_1msg_1_1CAMERA__FOV__STATUS_
_coll__graph.pdf  used on input line 27.
(pdftex.def)             Requested size: 212.0pt x 167.0094pt.
 [170] [171] [172])
(./structmavlink_1_1common_1_1msg_1_1CAMERA__IMAGE__CAPTURED.tex <./structmavli
nk_1_1common_1_1msg_1_1CAMERA__IMAGE__CAPTURED__inherit__graph.pdf

pdfTeX warning: pdflatex (file ./structmavlink_1_1common_1_1msg_1_1CAMERA__IMAG
E__CAPTURED__inherit__graph.pdf): PDF inclusion: multiple pdfs with page group 
included in a single page
>
<structmavlink_1_1common_1_1msg_1_1CAMERA__IMAGE__CAPTURED__inherit__graph.pdf,
 id=15676, 241.90375pt x 167.62625pt>
File: structmavlink_1_1common_1_1msg_1_1CAMERA__IMAGE__CAPTURED__inherit__graph
.pdf Graphic file (type pdf)
<use structmavlink_1_1common_1_1msg_1_1CAMERA__IMAGE__CAPTURED__inherit__graph.
pdf>
Package pdftex.def Info: structmavlink_1_1common_1_1msg_1_1CAMERA__IMAGE__CAPTU
RED__inherit__graph.pdf  used on input line 18.
(pdftex.def)             Requested size: 241.0pt x 167.00684pt.
 <./structmavlink_1_1common_1_1msg_1_1CAMERA__IMAGE__CAPTURED__coll__graph.pdf

pdfTeX warning: pdflatex (file ./structmavlink_1_1common_1_1msg_1_1CAMERA__IMAG
E__CAPTURED__coll__graph.pdf): PDF inclusion: multiple pdfs with page group inc
luded in a single page
>
<structmavlink_1_1common_1_1msg_1_1CAMERA__IMAGE__CAPTURED__coll__graph.pdf, id
=15684, 241.90375pt x 167.62625pt>
File: structmavlink_1_1common_1_1msg_1_1CAMERA__IMAGE__CAPTURED__coll__graph.pd
f Graphic file (type pdf)
<use structmavlink_1_1common_1_1msg_1_1CAMERA__IMAGE__CAPTURED__coll__graph.pdf
>
Package pdftex.def Info: structmavlink_1_1common_1_1msg_1_1CAMERA__IMAGE__CAPTU
RED__coll__graph.pdf  used on input line 27.
(pdftex.def)             Requested size: 241.0pt x 167.00684pt.
 [173] [174] [175])
(./structmavlink_1_1common_1_1msg_1_1CAMERA__INFORMATION.tex <./structmavlink_1
_1common_1_1msg_1_1CAMERA__INFORMATION__inherit__graph.pdf

pdfTeX warning: pdflatex (file ./structmavlink_1_1common_1_1msg_1_1CAMERA__INFO
RMATION__inherit__graph.pdf): PDF inclusion: multiple pdfs with page group incl
uded in a single page
>
<structmavlink_1_1common_1_1msg_1_1CAMERA__INFORMATION__inherit__graph.pdf, id=
15749, 220.825pt x 167.62625pt>
File: structmavlink_1_1common_1_1msg_1_1CAMERA__INFORMATION__inherit__graph.pdf
 Graphic file (type pdf)
<use structmavlink_1_1common_1_1msg_1_1CAMERA__INFORMATION__inherit__graph.pdf>

Package pdftex.def Info: structmavlink_1_1common_1_1msg_1_1CAMERA__INFORMATION_
_inherit__graph.pdf  used on input line 18.
(pdftex.def)             Requested size: 220.0pt x 167.00684pt.
 [176] <./structmavlink_1_1common_1_1msg_1_1CAMERA__INFORMATION__coll__graph.pd
f

pdfTeX warning: pdflatex (file ./structmavlink_1_1common_1_1msg_1_1CAMERA__INFO
RMATION__coll__graph.pdf): PDF inclusion: multiple pdfs with page group include
d in a single page
>
<structmavlink_1_1common_1_1msg_1_1CAMERA__INFORMATION__coll__graph.pdf, id=157
63, 220.825pt x 167.62625pt>
File: structmavlink_1_1common_1_1msg_1_1CAMERA__INFORMATION__coll__graph.pdf Gr
aphic file (type pdf)
<use structmavlink_1_1common_1_1msg_1_1CAMERA__INFORMATION__coll__graph.pdf>
Package pdftex.def Info: structmavlink_1_1common_1_1msg_1_1CAMERA__INFORMATION_
_coll__graph.pdf  used on input line 27.
(pdftex.def)             Requested size: 220.0pt x 167.00684pt.
 [177] [178]) (./structmavlink_1_1common_1_1msg_1_1CAMERA__SETTINGS.tex <./stru
ctmavlink_1_1common_1_1msg_1_1CAMERA__SETTINGS__inherit__graph.pdf

pdfTeX warning: pdflatex (file ./structmavlink_1_1common_1_1msg_1_1CAMERA__SETT
INGS__inherit__graph.pdf): PDF inclusion: multiple pdfs with page group include
d in a single page
>
<structmavlink_1_1common_1_1msg_1_1CAMERA__SETTINGS__inherit__graph.pdf, id=158
27, 212.795pt x 167.62625pt>
File: structmavlink_1_1common_1_1msg_1_1CAMERA__SETTINGS__inherit__graph.pdf Gr
aphic file (type pdf)
<use structmavlink_1_1common_1_1msg_1_1CAMERA__SETTINGS__inherit__graph.pdf>
Package pdftex.def Info: structmavlink_1_1common_1_1msg_1_1CAMERA__SETTINGS__in
herit__graph.pdf  used on input line 18.
(pdftex.def)             Requested size: 212.0pt x 167.0094pt.
 <./structmavlink_1_1common_1_1msg_1_1CAMERA__SETTINGS__coll__graph.pdf

pdfTeX warning: pdflatex (file ./structmavlink_1_1common_1_1msg_1_1CAMERA__SETT
INGS__coll__graph.pdf): PDF inclusion: multiple pdfs with page group included i
n a single page
>
<structmavlink_1_1common_1_1msg_1_1CAMERA__SETTINGS__coll__graph.pdf, id=15835,
 212.795pt x 167.62625pt>
File: structmavlink_1_1common_1_1msg_1_1CAMERA__SETTINGS__coll__graph.pdf Graph
ic file (type pdf)
<use structmavlink_1_1common_1_1msg_1_1CAMERA__SETTINGS__coll__graph.pdf>
Package pdftex.def Info: structmavlink_1_1common_1_1msg_1_1CAMERA__SETTINGS__co
ll__graph.pdf  used on input line 27.
(pdftex.def)             Requested size: 212.0pt x 167.0094pt.
 [179] [180]) (./structmavlink_1_1common_1_1msg_1_1CAMERA__THERMAL__RANGE.tex
[181] <./structmavlink_1_1common_1_1msg_1_1CAMERA__THERMAL__RANGE__inherit__gra
ph.pdf

pdfTeX warning: pdflatex (file ./structmavlink_1_1common_1_1msg_1_1CAMERA__THER
MAL__RANGE__inherit__graph.pdf): PDF inclusion: multiple pdfs with page group i
ncluded in a single page
>
<structmavlink_1_1common_1_1msg_1_1CAMERA__THERMAL__RANGE__inherit__graph.pdf, 
id=15896, 237.88875pt x 167.62625pt>
File: structmavlink_1_1common_1_1msg_1_1CAMERA__THERMAL__RANGE__inherit__graph.
pdf Graphic file (type pdf)
<use structmavlink_1_1common_1_1msg_1_1CAMERA__THERMAL__RANGE__inherit__graph.p
df>
Package pdftex.def Info: structmavlink_1_1common_1_1msg_1_1CAMERA__THERMAL__RAN
GE__inherit__graph.pdf  used on input line 18.
(pdftex.def)             Requested size: 237.0pt x 167.00684pt.
 <./structmavlink_1_1common_1_1msg_1_1CAMERA__THERMAL__RANGE__coll__graph.pdf

pdfTeX warning: pdflatex (file ./structmavlink_1_1common_1_1msg_1_1CAMERA__THER
MAL__RANGE__coll__graph.pdf): PDF inclusion: multiple pdfs with page group incl
uded in a single page
>
<structmavlink_1_1common_1_1msg_1_1CAMERA__THERMAL__RANGE__coll__graph.pdf, id=
15904, 237.88875pt x 167.62625pt>
File: structmavlink_1_1common_1_1msg_1_1CAMERA__THERMAL__RANGE__coll__graph.pdf
 Graphic file (type pdf)
<use structmavlink_1_1common_1_1msg_1_1CAMERA__THERMAL__RANGE__coll__graph.pdf>

Package pdftex.def Info: structmavlink_1_1common_1_1msg_1_1CAMERA__THERMAL__RAN
GE__coll__graph.pdf  used on input line 27.
(pdftex.def)             Requested size: 237.0pt x 167.00684pt.
 [182] [183])
(./structmavlink_1_1common_1_1msg_1_1CAMERA__TRACKING__GEO__STATUS.tex <./struc
tmavlink_1_1common_1_1msg_1_1CAMERA__TRACKING__GEO__STATUS__inherit__graph.pdf

pdfTeX warning: pdflatex (file ./structmavlink_1_1common_1_1msg_1_1CAMERA__TRAC
KING__GEO__STATUS__inherit__graph.pdf): PDF inclusion: multiple pdfs with page 
group included in a single page
>
<structmavlink_1_1common_1_1msg_1_1CAMERA__TRACKING__GEO__STATUS__inherit__grap
h.pdf, id=15963, 227.85126pt x 178.6675pt>
File: structmavlink_1_1common_1_1msg_1_1CAMERA__TRACKING__GEO__STATUS__inherit_
_graph.pdf Graphic file (type pdf)
<use structmavlink_1_1common_1_1msg_1_1CAMERA__TRACKING__GEO__STATUS__inherit__
graph.pdf>
Package pdftex.def Info: structmavlink_1_1common_1_1msg_1_1CAMERA__TRACKING__GE
O__STATUS__inherit__graph.pdf  used on input line 18.
(pdftex.def)             Requested size: 227.0pt x 178.00456pt.
 <./structmavlink_1_1common_1_1msg_1_1CAMERA__TRACKING__GEO__STATUS__coll__grap
h.pdf

pdfTeX warning: pdflatex (file ./structmavlink_1_1common_1_1msg_1_1CAMERA__TRAC
KING__GEO__STATUS__coll__graph.pdf): PDF inclusion: multiple pdfs with page gro
up included in a single page
>
<structmavlink_1_1common_1_1msg_1_1CAMERA__TRACKING__GEO__STATUS__coll__graph.p
df, id=15971, 227.85126pt x 178.6675pt>
File: structmavlink_1_1common_1_1msg_1_1CAMERA__TRACKING__GEO__STATUS__coll__gr
aph.pdf Graphic file (type pdf)
<use structmavlink_1_1common_1_1msg_1_1CAMERA__TRACKING__GEO__STATUS__coll__gra
ph.pdf>
Package pdftex.def Info: structmavlink_1_1common_1_1msg_1_1CAMERA__TRACKING__GE
O__STATUS__coll__graph.pdf  used on input line 27.
(pdftex.def)             Requested size: 227.0pt x 178.00456pt.
 [184] [185] [186])
(./structmavlink_1_1common_1_1msg_1_1CAMERA__TRACKING__IMAGE__STATUS.tex <./str
uctmavlink_1_1common_1_1msg_1_1CAMERA__TRACKING__IMAGE__STATUS__inherit__graph.
pdf

pdfTeX warning: pdflatex (file ./structmavlink_1_1common_1_1msg_1_1CAMERA__TRAC
KING__IMAGE__STATUS__inherit__graph.pdf): PDF inclusion: multiple pdfs with pag
e group included in a single page
>
<structmavlink_1_1common_1_1msg_1_1CAMERA__TRACKING__IMAGE__STATUS__inherit__gr
aph.pdf, id=16040, 238.8925pt x 178.6675pt>
File: structmavlink_1_1common_1_1msg_1_1CAMERA__TRACKING__IMAGE__STATUS__inheri
t__graph.pdf Graphic file (type pdf)
<use structmavlink_1_1common_1_1msg_1_1CAMERA__TRACKING__IMAGE__STATUS__inherit
__graph.pdf>
Package pdftex.def Info: structmavlink_1_1common_1_1msg_1_1CAMERA__TRACKING__IM
AGE__STATUS__inherit__graph.pdf  used on input line 18.
(pdftex.def)             Requested size: 238.0pt x 177.99911pt.
 <./structmavlink_1_1common_1_1msg_1_1CAMERA__TRACKING__IMAGE__STATUS__coll__gr
aph.pdf

pdfTeX warning: pdflatex (file ./structmavlink_1_1common_1_1msg_1_1CAMERA__TRAC
KING__IMAGE__STATUS__coll__graph.pdf): PDF inclusion: multiple pdfs with page g
roup included in a single page
>
<structmavlink_1_1common_1_1msg_1_1CAMERA__TRACKING__IMAGE__STATUS__coll__graph
.pdf, id=16048, 238.8925pt x 178.6675pt>
File: structmavlink_1_1common_1_1msg_1_1CAMERA__TRACKING__IMAGE__STATUS__coll__
graph.pdf Graphic file (type pdf)
<use structmavlink_1_1common_1_1msg_1_1CAMERA__TRACKING__IMAGE__STATUS__coll__g
raph.pdf>
Package pdftex.def Info: structmavlink_1_1common_1_1msg_1_1CAMERA__TRACKING__IM
AGE__STATUS__coll__graph.pdf  used on input line 27.
(pdftex.def)             Requested size: 238.0pt x 177.99911pt.
 [187] [188]) (./structmavlink_1_1common_1_1msg_1_1CAMERA__TRIGGER.tex <./struc
tmavlink_1_1common_1_1msg_1_1CAMERA__TRIGGER__inherit__graph.pdf

pdfTeX warning: pdflatex (file ./structmavlink_1_1common_1_1msg_1_1CAMERA__TRIG
GER__inherit__graph.pdf): PDF inclusion: multiple pdfs with page group included
 in a single page
>
<structmavlink_1_1common_1_1msg_1_1CAMERA__TRIGGER__inherit__graph.pdf, id=1610
8, 212.795pt x 167.62625pt>
File: structmavlink_1_1common_1_1msg_1_1CAMERA__TRIGGER__inherit__graph.pdf Gra
phic file (type pdf)
<use structmavlink_1_1common_1_1msg_1_1CAMERA__TRIGGER__inherit__graph.pdf>
Package pdftex.def Info: structmavlink_1_1common_1_1msg_1_1CAMERA__TRIGGER__inh
erit__graph.pdf  used on input line 18.
(pdftex.def)             Requested size: 212.0pt x 167.0094pt.
 [189] <./structmavlink_1_1common_1_1msg_1_1CAMERA__TRIGGER__coll__graph.pdf

pdfTeX warning: pdflatex (file ./structmavlink_1_1common_1_1msg_1_1CAMERA__TRIG
GER__coll__graph.pdf): PDF inclusion: multiple pdfs with page group included in
 a single page
>
<structmavlink_1_1common_1_1msg_1_1CAMERA__TRIGGER__coll__graph.pdf, id=16123, 
212.795pt x 167.62625pt>
File: structmavlink_1_1common_1_1msg_1_1CAMERA__TRIGGER__coll__graph.pdf Graphi
c file (type pdf)
<use structmavlink_1_1common_1_1msg_1_1CAMERA__TRIGGER__coll__graph.pdf>
Package pdftex.def Info: structmavlink_1_1common_1_1msg_1_1CAMERA__TRIGGER__col
l__graph.pdf  used on input line 27.
(pdftex.def)             Requested size: 212.0pt x 167.0094pt.
 [190] [191]) (./structmavlink_1_1common_1_1msg_1_1CAN__FILTER__MODIFY.tex <./s
tructmavlink_1_1common_1_1msg_1_1CAN__FILTER__MODIFY__inherit__graph.pdf

pdfTeX warning: pdflatex (file ./structmavlink_1_1common_1_1msg_1_1CAN__FILTER_
_MODIFY__inherit__graph.pdf): PDF inclusion: multiple pdfs with page group incl
uded in a single page
>
<structmavlink_1_1common_1_1msg_1_1CAN__FILTER__MODIFY__inherit__graph.pdf, id=
16173, 212.795pt x 167.62625pt>
File: structmavlink_1_1common_1_1msg_1_1CAN__FILTER__MODIFY__inherit__graph.pdf
 Graphic file (type pdf)
<use structmavlink_1_1common_1_1msg_1_1CAN__FILTER__MODIFY__inherit__graph.pdf>

Package pdftex.def Info: structmavlink_1_1common_1_1msg_1_1CAN__FILTER__MODIFY_
_inherit__graph.pdf  used on input line 18.
(pdftex.def)             Requested size: 212.0pt x 167.0094pt.
 <./structmavlink_1_1common_1_1msg_1_1CAN__FILTER__MODIFY__coll__graph.pdf

pdfTeX warning: pdflatex (file ./structmavlink_1_1common_1_1msg_1_1CAN__FILTER_
_MODIFY__coll__graph.pdf): PDF inclusion: multiple pdfs with page group include
d in a single page
>
<structmavlink_1_1common_1_1msg_1_1CAN__FILTER__MODIFY__coll__graph.pdf, id=161
81, 212.795pt x 167.62625pt>
File: structmavlink_1_1common_1_1msg_1_1CAN__FILTER__MODIFY__coll__graph.pdf Gr
aphic file (type pdf)
<use structmavlink_1_1common_1_1msg_1_1CAN__FILTER__MODIFY__coll__graph.pdf>
Package pdftex.def Info: structmavlink_1_1common_1_1msg_1_1CAN__FILTER__MODIFY_
_coll__graph.pdf  used on input line 27.
(pdftex.def)             Requested size: 212.0pt x 167.0094pt.
 [192] [193]) (./structmavlink_1_1common_1_1msg_1_1CAN__FRAME.tex <./structmavl
ink_1_1common_1_1msg_1_1CAN__FRAME__inherit__graph.pdf

pdfTeX warning: pdflatex (file ./structmavlink_1_1common_1_1msg_1_1CAN__FRAME__
inherit__graph.pdf): PDF inclusion: multiple pdfs with page group included in a
 single page
>
<structmavlink_1_1common_1_1msg_1_1CAN__FRAME__inherit__graph.pdf, id=16238, 21
2.795pt x 167.62625pt>
File: structmavlink_1_1common_1_1msg_1_1CAN__FRAME__inherit__graph.pdf Graphic 
file (type pdf)
<use structmavlink_1_1common_1_1msg_1_1CAN__FRAME__inherit__graph.pdf>
Package pdftex.def Info: structmavlink_1_1common_1_1msg_1_1CAN__FRAME__inherit_
_graph.pdf  used on input line 18.
(pdftex.def)             Requested size: 212.0pt x 167.0094pt.
 [194] <./structmavlink_1_1common_1_1msg_1_1CAN__FRAME__coll__graph.pdf

pdfTeX warning: pdflatex (file ./structmavlink_1_1common_1_1msg_1_1CAN__FRAME__
coll__graph.pdf): PDF inclusion: multiple pdfs with page group included in a si
ngle page
>
<structmavlink_1_1common_1_1msg_1_1CAN__FRAME__coll__graph.pdf, id=16252, 212.7
95pt x 167.62625pt>
File: structmavlink_1_1common_1_1msg_1_1CAN__FRAME__coll__graph.pdf Graphic fil
e (type pdf)
<use structmavlink_1_1common_1_1msg_1_1CAN__FRAME__coll__graph.pdf>
Package pdftex.def Info: structmavlink_1_1common_1_1msg_1_1CAN__FRAME__coll__gr
aph.pdf  used on input line 27.
(pdftex.def)             Requested size: 212.0pt x 167.0094pt.
 [195] [196]) (./structmavlink_1_1common_1_1msg_1_1CANFD__FRAME.tex <./structma
vlink_1_1common_1_1msg_1_1CANFD__FRAME__inherit__graph.pdf

pdfTeX warning: pdflatex (file ./structmavlink_1_1common_1_1msg_1_1CANFD__FRAME
__inherit__graph.pdf): PDF inclusion: multiple pdfs with page group included in
 a single page
>
<structmavlink_1_1common_1_1msg_1_1CANFD__FRAME__inherit__graph.pdf, id=16306, 
212.795pt x 167.62625pt>
File: structmavlink_1_1common_1_1msg_1_1CANFD__FRAME__inherit__graph.pdf Graphi
c file (type pdf)
<use structmavlink_1_1common_1_1msg_1_1CANFD__FRAME__inherit__graph.pdf>
Package pdftex.def Info: structmavlink_1_1common_1_1msg_1_1CANFD__FRAME__inheri
t__graph.pdf  used on input line 18.
(pdftex.def)             Requested size: 212.0pt x 167.0094pt.
 <./structmavlink_1_1common_1_1msg_1_1CANFD__FRAME__coll__graph.pdf

pdfTeX warning: pdflatex (file ./structmavlink_1_1common_1_1msg_1_1CANFD__FRAME
__coll__graph.pdf): PDF inclusion: multiple pdfs with page group included in a 
single page
>
<structmavlink_1_1common_1_1msg_1_1CANFD__FRAME__coll__graph.pdf, id=16314, 212
.795pt x 167.62625pt>
File: structmavlink_1_1common_1_1msg_1_1CANFD__FRAME__coll__graph.pdf Graphic f
ile (type pdf)
<use structmavlink_1_1common_1_1msg_1_1CANFD__FRAME__coll__graph.pdf>
Package pdftex.def Info: structmavlink_1_1common_1_1msg_1_1CANFD__FRAME__coll__
graph.pdf  used on input line 27.
(pdftex.def)             Requested size: 212.0pt x 167.0094pt.
 [197] [198]) (./structmavlink_1_1common_1_1msg_1_1CELLULAR__CONFIG.tex <./stru
ctmavlink_1_1common_1_1msg_1_1CELLULAR__CONFIG__inherit__graph.pdf

pdfTeX warning: pdflatex (file ./structmavlink_1_1common_1_1msg_1_1CELLULAR__CO
NFIG__inherit__graph.pdf): PDF inclusion: multiple pdfs with page group include
d in a single page
>
<structmavlink_1_1common_1_1msg_1_1CELLULAR__CONFIG__inherit__graph.pdf, id=163
70, 212.795pt x 167.62625pt>
File: structmavlink_1_1common_1_1msg_1_1CELLULAR__CONFIG__inherit__graph.pdf Gr
aphic file (type pdf)
<use structmavlink_1_1common_1_1msg_1_1CELLULAR__CONFIG__inherit__graph.pdf>
Package pdftex.def Info: structmavlink_1_1common_1_1msg_1_1CELLULAR__CONFIG__in
herit__graph.pdf  used on input line 18.
(pdftex.def)             Requested size: 212.0pt x 167.0094pt.
 [199] <./structmavlink_1_1common_1_1msg_1_1CELLULAR__CONFIG__coll__graph.pdf

pdfTeX warning: pdflatex (file ./structmavlink_1_1common_1_1msg_1_1CELLULAR__CO
NFIG__coll__graph.pdf): PDF inclusion: multiple pdfs with page group included i
n a single page
>
<structmavlink_1_1common_1_1msg_1_1CELLULAR__CONFIG__coll__graph.pdf, id=16385,
 212.795pt x 167.62625pt>
File: structmavlink_1_1common_1_1msg_1_1CELLULAR__CONFIG__coll__graph.pdf Graph
ic file (type pdf)
<use structmavlink_1_1common_1_1msg_1_1CELLULAR__CONFIG__coll__graph.pdf>
Package pdftex.def Info: structmavlink_1_1common_1_1msg_1_1CELLULAR__CONFIG__co
ll__graph.pdf  used on input line 27.
(pdftex.def)             Requested size: 212.0pt x 167.0094pt.
 [200] [201]) (./structmavlink_1_1common_1_1msg_1_1CELLULAR__STATUS.tex <./stru
ctmavlink_1_1common_1_1msg_1_1CELLULAR__STATUS__inherit__graph.pdf

pdfTeX warning: pdflatex (file ./structmavlink_1_1common_1_1msg_1_1CELLULAR__ST
ATUS__inherit__graph.pdf): PDF inclusion: multiple pdfs with page group include
d in a single page
>
<structmavlink_1_1common_1_1msg_1_1CELLULAR__STATUS__inherit__graph.pdf, id=164
42, 212.795pt x 167.62625pt>
File: structmavlink_1_1common_1_1msg_1_1CELLULAR__STATUS__inherit__graph.pdf Gr
aphic file (type pdf)
<use structmavlink_1_1common_1_1msg_1_1CELLULAR__STATUS__inherit__graph.pdf>
Package pdftex.def Info: structmavlink_1_1common_1_1msg_1_1CELLULAR__STATUS__in
herit__graph.pdf  used on input line 18.
(pdftex.def)             Requested size: 212.0pt x 167.0094pt.
 <./structmavlink_1_1common_1_1msg_1_1CELLULAR__STATUS__coll__graph.pdf

pdfTeX warning: pdflatex (file ./structmavlink_1_1common_1_1msg_1_1CELLULAR__ST
ATUS__coll__graph.pdf): PDF inclusion: multiple pdfs with page group included i
n a single page
>
<structmavlink_1_1common_1_1msg_1_1CELLULAR__STATUS__coll__graph.pdf, id=16450,
 212.795pt x 167.62625pt>
File: structmavlink_1_1common_1_1msg_1_1CELLULAR__STATUS__coll__graph.pdf Graph
ic file (type pdf)
<use structmavlink_1_1common_1_1msg_1_1CELLULAR__STATUS__coll__graph.pdf>
Package pdftex.def Info: structmavlink_1_1common_1_1msg_1_1CELLULAR__STATUS__co
ll__graph.pdf  used on input line 27.
(pdftex.def)             Requested size: 212.0pt x 167.0094pt.
 [202] [203] [204])
(./structmavlink_1_1common_1_1msg_1_1CHANGE__OPERATOR__CONTROL.tex <./structmav
link_1_1common_1_1msg_1_1CHANGE__OPERATOR__CONTROL__inherit__graph.pdf

pdfTeX warning: pdflatex (file ./structmavlink_1_1common_1_1msg_1_1CHANGE__OPER
ATOR__CONTROL__inherit__graph.pdf): PDF inclusion: multiple pdfs with page grou
p included in a single page
>
<structmavlink_1_1common_1_1msg_1_1CHANGE__OPERATOR__CONTROL__inherit__graph.pd
f, id=16512, 255.95625pt x 167.62625pt>
File: structmavlink_1_1common_1_1msg_1_1CHANGE__OPERATOR__CONTROL__inherit__gra
ph.pdf Graphic file (type pdf)
<use structmavlink_1_1common_1_1msg_1_1CHANGE__OPERATOR__CONTROL__inherit__grap
h.pdf>
Package pdftex.def Info: structmavlink_1_1common_1_1msg_1_1CHANGE__OPERATOR__CO
NTROL__inherit__graph.pdf  used on input line 18.
(pdftex.def)             Requested size: 255.0pt x 166.99916pt.
 <./structmavlink_1_1common_1_1msg_1_1CHANGE__OPERATOR__CONTROL__coll__graph.pd
f

pdfTeX warning: pdflatex (file ./structmavlink_1_1common_1_1msg_1_1CHANGE__OPER
ATOR__CONTROL__coll__graph.pdf): PDF inclusion: multiple pdfs with page group i
ncluded in a single page
>
<structmavlink_1_1common_1_1msg_1_1CHANGE__OPERATOR__CONTROL__coll__graph.pdf, 
id=16520, 255.95625pt x 167.62625pt>
File: structmavlink_1_1common_1_1msg_1_1CHANGE__OPERATOR__CONTROL__coll__graph.
pdf Graphic file (type pdf)
<use structmavlink_1_1common_1_1msg_1_1CHANGE__OPERATOR__CONTROL__coll__graph.p
df>
Package pdftex.def Info: structmavlink_1_1common_1_1msg_1_1CHANGE__OPERATOR__CO
NTROL__coll__graph.pdf  used on input line 27.
(pdftex.def)             Requested size: 255.0pt x 166.99916pt.
 [205] [206])
(./structmavlink_1_1common_1_1msg_1_1CHANGE__OPERATOR__CONTROL__ACK.tex <./stru
ctmavlink_1_1common_1_1msg_1_1CHANGE__OPERATOR__CONTROL__ACK__inherit__graph.pd
f

pdfTeX warning: pdflatex (file ./structmavlink_1_1common_1_1msg_1_1CHANGE__OPER
ATOR__CONTROL__ACK__inherit__graph.pdf): PDF inclusion: multiple pdfs with page
 group included in a single page
>
<structmavlink_1_1common_1_1msg_1_1CHANGE__OPERATOR__CONTROL__ACK__inherit__gra
ph.pdf, id=16573, 281.05pt x 167.62625pt>
File: structmavlink_1_1common_1_1msg_1_1CHANGE__OPERATOR__CONTROL__ACK__inherit
__graph.pdf Graphic file (type pdf)
<use structmavlink_1_1common_1_1msg_1_1CHANGE__OPERATOR__CONTROL__ACK__inherit_
_graph.pdf>
Package pdftex.def Info: structmavlink_1_1common_1_1msg_1_1CHANGE__OPERATOR__CO
NTROL__ACK__inherit__graph.pdf  used on input line 18.
(pdftex.def)             Requested size: 280.0pt x 167.0094pt.
 [207] <./structmavlink_1_1common_1_1msg_1_1CHANGE__OPERATOR__CONTROL__ACK__col
l__graph.pdf

pdfTeX warning: pdflatex (file ./structmavlink_1_1common_1_1msg_1_1CHANGE__OPER
ATOR__CONTROL__ACK__coll__graph.pdf): PDF inclusion: multiple pdfs with page gr
oup included in a single page
>
<structmavlink_1_1common_1_1msg_1_1CHANGE__OPERATOR__CONTROL__ACK__coll__graph.
pdf, id=16587, 281.05pt x 167.62625pt>
File: structmavlink_1_1common_1_1msg_1_1CHANGE__OPERATOR__CONTROL__ACK__coll__g
raph.pdf Graphic file (type pdf)
<use structmavlink_1_1common_1_1msg_1_1CHANGE__OPERATOR__CONTROL__ACK__coll__gr
aph.pdf>
Package pdftex.def Info: structmavlink_1_1common_1_1msg_1_1CHANGE__OPERATOR__CO
NTROL__ACK__coll__graph.pdf  used on input line 27.
(pdftex.def)             Requested size: 280.0pt x 167.0094pt.
 [208] [209]) (./structmavlink_1_1common_1_1msg_1_1COLLISION.tex <./structmavli
nk_1_1common_1_1msg_1_1COLLISION__inherit__graph.pdf

pdfTeX warning: pdflatex (file ./structmavlink_1_1common_1_1msg_1_1COLLISION__i
nherit__graph.pdf): PDF inclusion: multiple pdfs with page group included in a 
single page
>
<structmavlink_1_1common_1_1msg_1_1COLLISION__inherit__graph.pdf, id=16638, 212
.795pt x 167.62625pt>
File: structmavlink_1_1common_1_1msg_1_1COLLISION__inherit__graph.pdf Graphic f
ile (type pdf)
<use structmavlink_1_1common_1_1msg_1_1COLLISION__inherit__graph.pdf>
Package pdftex.def Info: structmavlink_1_1common_1_1msg_1_1COLLISION__inherit__
graph.pdf  used on input line 18.
(pdftex.def)             Requested size: 212.0pt x 167.0094pt.
 <./structmavlink_1_1common_1_1msg_1_1COLLISION__coll__graph.pdf

pdfTeX warning: pdflatex (file ./structmavlink_1_1common_1_1msg_1_1COLLISION__c
oll__graph.pdf): PDF inclusion: multiple pdfs with page group included in a sin
gle page
>
<structmavlink_1_1common_1_1msg_1_1COLLISION__coll__graph.pdf, id=16646, 212.79
5pt x 167.62625pt>
File: structmavlink_1_1common_1_1msg_1_1COLLISION__coll__graph.pdf Graphic file
 (type pdf)
<use structmavlink_1_1common_1_1msg_1_1COLLISION__coll__graph.pdf>
Package pdftex.def Info: structmavlink_1_1common_1_1msg_1_1COLLISION__coll__gra
ph.pdf  used on input line 27.
(pdftex.def)             Requested size: 212.0pt x 167.0094pt.
 [210] [211]) (./structmavlink_1_1common_1_1msg_1_1COMMAND__ACK.tex <./structma
vlink_1_1common_1_1msg_1_1COMMAND__ACK__inherit__graph.pdf

pdfTeX warning: pdflatex (file ./structmavlink_1_1common_1_1msg_1_1COMMAND__ACK
__inherit__graph.pdf): PDF inclusion: multiple pdfs with page group included in
 a single page
>
<structmavlink_1_1common_1_1msg_1_1COMMAND__ACK__inherit__graph.pdf, id=16703, 
212.795pt x 167.62625pt>
File: structmavlink_1_1common_1_1msg_1_1COMMAND__ACK__inherit__graph.pdf Graphi
c file (type pdf)
<use structmavlink_1_1common_1_1msg_1_1COMMAND__ACK__inherit__graph.pdf>
Package pdftex.def Info: structmavlink_1_1common_1_1msg_1_1COMMAND__ACK__inheri
t__graph.pdf  used on input line 18.
(pdftex.def)             Requested size: 212.0pt x 167.0094pt.
 [212] <./structmavlink_1_1common_1_1msg_1_1COMMAND__ACK__coll__graph.pdf

pdfTeX warning: pdflatex (file ./structmavlink_1_1common_1_1msg_1_1COMMAND__ACK
__coll__graph.pdf): PDF inclusion: multiple pdfs with page group included in a 
single page
>
<structmavlink_1_1common_1_1msg_1_1COMMAND__ACK__coll__graph.pdf, id=16717, 212
.795pt x 167.62625pt>
File: structmavlink_1_1common_1_1msg_1_1COMMAND__ACK__coll__graph.pdf Graphic f
ile (type pdf)
<use structmavlink_1_1common_1_1msg_1_1COMMAND__ACK__coll__graph.pdf>
Package pdftex.def Info: structmavlink_1_1common_1_1msg_1_1COMMAND__ACK__coll__
graph.pdf  used on input line 27.
(pdftex.def)             Requested size: 212.0pt x 167.0094pt.
 [213] [214]) (./structmavlink_1_1common_1_1msg_1_1COMMAND__CANCEL.tex <./struc
tmavlink_1_1common_1_1msg_1_1COMMAND__CANCEL__inherit__graph.pdf

pdfTeX warning: pdflatex (file ./structmavlink_1_1common_1_1msg_1_1COMMAND__CAN
CEL__inherit__graph.pdf): PDF inclusion: multiple pdfs with page group included
 in a single page
>
<structmavlink_1_1common_1_1msg_1_1COMMAND__CANCEL__inherit__graph.pdf, id=1677
3, 212.795pt x 167.62625pt>
File: structmavlink_1_1common_1_1msg_1_1COMMAND__CANCEL__inherit__graph.pdf Gra
phic file (type pdf)
<use structmavlink_1_1common_1_1msg_1_1COMMAND__CANCEL__inherit__graph.pdf>
Package pdftex.def Info: structmavlink_1_1common_1_1msg_1_1COMMAND__CANCEL__inh
erit__graph.pdf  used on input line 18.
(pdftex.def)             Requested size: 212.0pt x 167.0094pt.
 <./structmavlink_1_1common_1_1msg_1_1COMMAND__CANCEL__coll__graph.pdf

pdfTeX warning: pdflatex (file ./structmavlink_1_1common_1_1msg_1_1COMMAND__CAN
CEL__coll__graph.pdf): PDF inclusion: multiple pdfs with page group included in
 a single page
>
<structmavlink_1_1common_1_1msg_1_1COMMAND__CANCEL__coll__graph.pdf, id=16781, 
212.795pt x 167.62625pt>
File: structmavlink_1_1common_1_1msg_1_1COMMAND__CANCEL__coll__graph.pdf Graphi
c file (type pdf)
<use structmavlink_1_1common_1_1msg_1_1COMMAND__CANCEL__coll__graph.pdf>
Package pdftex.def Info: structmavlink_1_1common_1_1msg_1_1COMMAND__CANCEL__col
l__graph.pdf  used on input line 27.
(pdftex.def)             Requested size: 212.0pt x 167.0094pt.
 [215] [216]) (./structmavlink_1_1common_1_1msg_1_1COMMAND__INT.tex <./structma
vlink_1_1common_1_1msg_1_1COMMAND__INT__inherit__graph.pdf

pdfTeX warning: pdflatex (file ./structmavlink_1_1common_1_1msg_1_1COMMAND__INT
__inherit__graph.pdf): PDF inclusion: multiple pdfs with page group included in
 a single page
>
<structmavlink_1_1common_1_1msg_1_1COMMAND__INT__inherit__graph.pdf, id=16835, 
212.795pt x 167.62625pt>
File: structmavlink_1_1common_1_1msg_1_1COMMAND__INT__inherit__graph.pdf Graphi
c file (type pdf)
<use structmavlink_1_1common_1_1msg_1_1COMMAND__INT__inherit__graph.pdf>
Package pdftex.def Info: structmavlink_1_1common_1_1msg_1_1COMMAND__INT__inheri
t__graph.pdf  used on input line 18.
(pdftex.def)             Requested size: 212.0pt x 167.0094pt.
 [217] <./structmavlink_1_1common_1_1msg_1_1COMMAND__INT__coll__graph.pdf

pdfTeX warning: pdflatex (file ./structmavlink_1_1common_1_1msg_1_1COMMAND__INT
__coll__graph.pdf): PDF inclusion: multiple pdfs with page group included in a 
single page
>
<structmavlink_1_1common_1_1msg_1_1COMMAND__INT__coll__graph.pdf, id=16850, 212
.795pt x 167.62625pt>
File: structmavlink_1_1common_1_1msg_1_1COMMAND__INT__coll__graph.pdf Graphic f
ile (type pdf)
<use structmavlink_1_1common_1_1msg_1_1COMMAND__INT__coll__graph.pdf>
Package pdftex.def Info: structmavlink_1_1common_1_1msg_1_1COMMAND__INT__coll__
graph.pdf  used on input line 27.
(pdftex.def)             Requested size: 212.0pt x 167.0094pt.
 [218] [219]) (./structmavlink_1_1common_1_1msg_1_1COMMAND__LONG.tex <./structm
avlink_1_1common_1_1msg_1_1COMMAND__LONG__inherit__graph.pdf

pdfTeX warning: pdflatex (file ./structmavlink_1_1common_1_1msg_1_1COMMAND__LON
G__inherit__graph.pdf): PDF inclusion: multiple pdfs with page group included i
n a single page
>
<structmavlink_1_1common_1_1msg_1_1COMMAND__LONG__inherit__graph.pdf, id=16916,
 212.795pt x 167.62625pt>
File: structmavlink_1_1common_1_1msg_1_1COMMAND__LONG__inherit__graph.pdf Graph
ic file (type pdf)
<use structmavlink_1_1common_1_1msg_1_1COMMAND__LONG__inherit__graph.pdf>
Package pdftex.def Info: structmavlink_1_1common_1_1msg_1_1COMMAND__LONG__inher
it__graph.pdf  used on input line 18.
(pdftex.def)             Requested size: 212.0pt x 167.0094pt.
 [220] <./structmavlink_1_1common_1_1msg_1_1COMMAND__LONG__coll__graph.pdf

pdfTeX warning: pdflatex (file ./structmavlink_1_1common_1_1msg_1_1COMMAND__LON
G__coll__graph.pdf): PDF inclusion: multiple pdfs with page group included in a
 single page
>
<structmavlink_1_1common_1_1msg_1_1COMMAND__LONG__coll__graph.pdf, id=16929, 21
2.795pt x 167.62625pt>
File: structmavlink_1_1common_1_1msg_1_1COMMAND__LONG__coll__graph.pdf Graphic 
file (type pdf)
<use structmavlink_1_1common_1_1msg_1_1COMMAND__LONG__coll__graph.pdf>
Package pdftex.def Info: structmavlink_1_1common_1_1msg_1_1COMMAND__LONG__coll_
_graph.pdf  used on input line 27.
(pdftex.def)             Requested size: 212.0pt x 167.0094pt.
 [221] [222]) (./structmavlink_1_1common_1_1msg_1_1COMPONENT__INFORMATION.tex <
./structmavlink_1_1common_1_1msg_1_1COMPONENT__INFORMATION__inherit__graph.pdf

pdfTeX warning: pdflatex (file ./structmavlink_1_1common_1_1msg_1_1COMPONENT__I
NFORMATION__inherit__graph.pdf): PDF inclusion: multiple pdfs with page group i
ncluded in a single page
>
<structmavlink_1_1common_1_1msg_1_1COMPONENT__INFORMATION__inherit__graph.pdf, 
id=16991, 241.90375pt x 167.62625pt>
File: structmavlink_1_1common_1_1msg_1_1COMPONENT__INFORMATION__inherit__graph.
pdf Graphic file (type pdf)
<use structmavlink_1_1common_1_1msg_1_1COMPONENT__INFORMATION__inherit__graph.p
df>
Package pdftex.def Info: structmavlink_1_1common_1_1msg_1_1COMPONENT__INFORMATI
ON__inherit__graph.pdf  used on input line 18.
(pdftex.def)             Requested size: 241.0pt x 167.00684pt.
 <./structmavlink_1_1common_1_1msg_1_1COMPONENT__INFORMATION__coll__graph.pdf

pdfTeX warning: pdflatex (file ./structmavlink_1_1common_1_1msg_1_1COMPONENT__I
NFORMATION__coll__graph.pdf): PDF inclusion: multiple pdfs with page group incl
uded in a single page
>
<structmavlink_1_1common_1_1msg_1_1COMPONENT__INFORMATION__coll__graph.pdf, id=
16999, 241.90375pt x 167.62625pt>
File: structmavlink_1_1common_1_1msg_1_1COMPONENT__INFORMATION__coll__graph.pdf
 Graphic file (type pdf)
<use structmavlink_1_1common_1_1msg_1_1COMPONENT__INFORMATION__coll__graph.pdf>

Package pdftex.def Info: structmavlink_1_1common_1_1msg_1_1COMPONENT__INFORMATI
ON__coll__graph.pdf  used on input line 27.
(pdftex.def)             Requested size: 241.0pt x 167.00684pt.
 [223] [224])
(./structmavlink_1_1common_1_1msg_1_1COMPONENT__INFORMATION__BASIC.tex [225] <.
/structmavlink_1_1common_1_1msg_1_1COMPONENT__INFORMATION__BASIC__inherit__grap
h.pdf

pdfTeX warning: pdflatex (file ./structmavlink_1_1common_1_1msg_1_1COMPONENT__I
NFORMATION__BASIC__inherit__graph.pdf): PDF inclusion: multiple pdfs with page 
group included in a single page
>
<structmavlink_1_1common_1_1msg_1_1COMPONENT__INFORMATION__BASIC__inherit__grap
h.pdf, id=17060, 277.035pt x 167.62625pt>
File: structmavlink_1_1common_1_1msg_1_1COMPONENT__INFORMATION__BASIC__inherit_
_graph.pdf Graphic file (type pdf)
<use structmavlink_1_1common_1_1msg_1_1COMPONENT__INFORMATION__BASIC__inherit__
graph.pdf>
Package pdftex.def Info: structmavlink_1_1common_1_1msg_1_1COMPONENT__INFORMATI
ON__BASIC__inherit__graph.pdf  used on input line 18.
(pdftex.def)             Requested size: 276.0pt x 167.00172pt.
 <./structmavlink_1_1common_1_1msg_1_1COMPONENT__INFORMATION__BASIC__coll__grap
h.pdf

pdfTeX warning: pdflatex (file ./structmavlink_1_1common_1_1msg_1_1COMPONENT__I
NFORMATION__BASIC__coll__graph.pdf): PDF inclusion: multiple pdfs with page gro
up included in a single page
>
<structmavlink_1_1common_1_1msg_1_1COMPONENT__INFORMATION__BASIC__coll__graph.p
df, id=17068, 277.035pt x 167.62625pt>
File: structmavlink_1_1common_1_1msg_1_1COMPONENT__INFORMATION__BASIC__coll__gr
aph.pdf Graphic file (type pdf)
<use structmavlink_1_1common_1_1msg_1_1COMPONENT__INFORMATION__BASIC__coll__gra
ph.pdf>
Package pdftex.def Info: structmavlink_1_1common_1_1msg_1_1COMPONENT__INFORMATI
ON__BASIC__coll__graph.pdf  used on input line 27.
(pdftex.def)             Requested size: 276.0pt x 167.00172pt.
 [226] [227]) (./structmavlink_1_1common_1_1msg_1_1COMPONENT__METADATA.tex <./s
tructmavlink_1_1common_1_1msg_1_1COMPONENT__METADATA__inherit__graph.pdf

pdfTeX warning: pdflatex (file ./structmavlink_1_1common_1_1msg_1_1COMPONENT__M
ETADATA__inherit__graph.pdf): PDF inclusion: multiple pdfs with page group incl
uded in a single page
>
<structmavlink_1_1common_1_1msg_1_1COMPONENT__METADATA__inherit__graph.pdf, id=
17125, 224.84pt x 167.62625pt>
File: structmavlink_1_1common_1_1msg_1_1COMPONENT__METADATA__inherit__graph.pdf
 Graphic file (type pdf)
<use structmavlink_1_1common_1_1msg_1_1COMPONENT__METADATA__inherit__graph.pdf>

Package pdftex.def Info: structmavlink_1_1common_1_1msg_1_1COMPONENT__METADATA_
_inherit__graph.pdf  used on input line 18.
(pdftex.def)             Requested size: 224.0pt x 167.00684pt.
 <./structmavlink_1_1common_1_1msg_1_1COMPONENT__METADATA__coll__graph.pdf

pdfTeX warning: pdflatex (file ./structmavlink_1_1common_1_1msg_1_1COMPONENT__M
ETADATA__coll__graph.pdf): PDF inclusion: multiple pdfs with page group include
d in a single page
>
<structmavlink_1_1common_1_1msg_1_1COMPONENT__METADATA__coll__graph.pdf, id=171
33, 224.84pt x 167.62625pt>
File: structmavlink_1_1common_1_1msg_1_1COMPONENT__METADATA__coll__graph.pdf Gr
aphic file (type pdf)
<use structmavlink_1_1common_1_1msg_1_1COMPONENT__METADATA__coll__graph.pdf>
Package pdftex.def Info: structmavlink_1_1common_1_1msg_1_1COMPONENT__METADATA_
_coll__graph.pdf  used on input line 27.
(pdftex.def)             Requested size: 224.0pt x 167.00684pt.
 [228]
Overfull \hbox (413.55644pt too wide) in paragraph at lines 86--86
[] \T1/pcr/m/n/8 The general metadata file can be read to get the locations of 
other metadata files (COMP_METADATA_TYPE) and translations, which may be hosted
 either on the vehicle or the internet.[] 
 []


Overfull \hbox (154.35628pt too wide) in paragraph at lines 89--89
[] \T1/pcr/m/n/8 Note: Camera components should use CAMERA_INFORMATION instead,
 and autopilots may use both this message and AUTOPILOT_VERSION.[] 
 []

[229]) (./structmavlink_1_1common_1_1msg_1_1CONTROL__SYSTEM__STATE.tex [230] <.
/structmavlink_1_1common_1_1msg_1_1CONTROL__SYSTEM__STATE__inherit__graph.pdf

pdfTeX warning: pdflatex (file ./structmavlink_1_1common_1_1msg_1_1CONTROL__SYS
TEM__STATE__inherit__graph.pdf): PDF inclusion: multiple pdfs with page group i
ncluded in a single page
>
<structmavlink_1_1common_1_1msg_1_1CONTROL__SYSTEM__STATE__inherit__graph.pdf, 
id=17193, 229.85875pt x 167.62625pt>
File: structmavlink_1_1common_1_1msg_1_1CONTROL__SYSTEM__STATE__inherit__graph.
pdf Graphic file (type pdf)
<use structmavlink_1_1common_1_1msg_1_1CONTROL__SYSTEM__STATE__inherit__graph.p
df>
Package pdftex.def Info: structmavlink_1_1common_1_1msg_1_1CONTROL__SYSTEM__STA
TE__inherit__graph.pdf  used on input line 18.
(pdftex.def)             Requested size: 229.0pt x 167.0094pt.
 <./structmavlink_1_1common_1_1msg_1_1CONTROL__SYSTEM__STATE__coll__graph.pdf

pdfTeX warning: pdflatex (file ./structmavlink_1_1common_1_1msg_1_1CONTROL__SYS
TEM__STATE__coll__graph.pdf): PDF inclusion: multiple pdfs with page group incl
uded in a single page
>
<structmavlink_1_1common_1_1msg_1_1CONTROL__SYSTEM__STATE__coll__graph.pdf, id=
17201, 229.85875pt x 167.62625pt>
File: structmavlink_1_1common_1_1msg_1_1CONTROL__SYSTEM__STATE__coll__graph.pdf
 Graphic file (type pdf)
<use structmavlink_1_1common_1_1msg_1_1CONTROL__SYSTEM__STATE__coll__graph.pdf>

Package pdftex.def Info: structmavlink_1_1common_1_1msg_1_1CONTROL__SYSTEM__STA
TE__coll__graph.pdf  used on input line 27.
(pdftex.def)             Requested size: 229.0pt x 167.0094pt.
 [231] [232])
(./structmavlink_1_1common_1_1msg_1_1CURRENT__EVENT__SEQUENCE.tex <./structmavl
ink_1_1common_1_1msg_1_1CURRENT__EVENT__SEQUENCE__inherit__graph.pdf

pdfTeX warning: pdflatex (file ./structmavlink_1_1common_1_1msg_1_1CURRENT__EVE
NT__SEQUENCE__inherit__graph.pdf): PDF inclusion: multiple pdfs with page group
 included in a single page
>
<structmavlink_1_1common_1_1msg_1_1CURRENT__EVENT__SEQUENCE__inherit__graph.pdf
, id=17266, 246.9225pt x 167.62625pt>
File: structmavlink_1_1common_1_1msg_1_1CURRENT__EVENT__SEQUENCE__inherit__grap
h.pdf Graphic file (type pdf)
<use structmavlink_1_1common_1_1msg_1_1CURRENT__EVENT__SEQUENCE__inherit__graph
.pdf>
Package pdftex.def Info: structmavlink_1_1common_1_1msg_1_1CURRENT__EVENT__SEQU
ENCE__inherit__graph.pdf  used on input line 18.
(pdftex.def)             Requested size: 246.0pt x 166.99916pt.
 [233] <./structmavlink_1_1common_1_1msg_1_1CURRENT__EVENT__SEQUENCE__coll__gra
ph.pdf

pdfTeX warning: pdflatex (file ./structmavlink_1_1common_1_1msg_1_1CURRENT__EVE
NT__SEQUENCE__coll__graph.pdf): PDF inclusion: multiple pdfs with page group in
cluded in a single page
>
<structmavlink_1_1common_1_1msg_1_1CURRENT__EVENT__SEQUENCE__coll__graph.pdf, i
d=17279, 246.9225pt x 167.62625pt>
File: structmavlink_1_1common_1_1msg_1_1CURRENT__EVENT__SEQUENCE__coll__graph.p
df Graphic file (type pdf)
<use structmavlink_1_1common_1_1msg_1_1CURRENT__EVENT__SEQUENCE__coll__graph.pd
f>
Package pdftex.def Info: structmavlink_1_1common_1_1msg_1_1CURRENT__EVENT__SEQU
ENCE__coll__graph.pdf  used on input line 27.
(pdftex.def)             Requested size: 246.0pt x 166.99916pt.
 [234] [235]) (./structmavlink_1_1common_1_1msg_1_1CURRENT__MODE.tex <./structm
avlink_1_1common_1_1msg_1_1CURRENT__MODE__inherit__graph.pdf

pdfTeX warning: pdflatex (file ./structmavlink_1_1common_1_1msg_1_1CURRENT__MOD
E__inherit__graph.pdf): PDF inclusion: multiple pdfs with page group included i
n a single page
>
<structmavlink_1_1common_1_1msg_1_1CURRENT__MODE__inherit__graph.pdf, id=17331,
 212.795pt x 167.62625pt>
File: structmavlink_1_1common_1_1msg_1_1CURRENT__MODE__inherit__graph.pdf Graph
ic file (type pdf)
<use structmavlink_1_1common_1_1msg_1_1CURRENT__MODE__inherit__graph.pdf>
Package pdftex.def Info: structmavlink_1_1common_1_1msg_1_1CURRENT__MODE__inher
it__graph.pdf  used on input line 18.
(pdftex.def)             Requested size: 212.0pt x 167.0094pt.
 <./structmavlink_1_1common_1_1msg_1_1CURRENT__MODE__coll__graph.pdf

pdfTeX warning: pdflatex (file ./structmavlink_1_1common_1_1msg_1_1CURRENT__MOD
E__coll__graph.pdf): PDF inclusion: multiple pdfs with page group included in a
 single page
>
<structmavlink_1_1common_1_1msg_1_1CURRENT__MODE__coll__graph.pdf, id=17339, 21
2.795pt x 167.62625pt>
File: structmavlink_1_1common_1_1msg_1_1CURRENT__MODE__coll__graph.pdf Graphic 
file (type pdf)
<use structmavlink_1_1common_1_1msg_1_1CURRENT__MODE__coll__graph.pdf>
Package pdftex.def Info: structmavlink_1_1common_1_1msg_1_1CURRENT__MODE__coll_
_graph.pdf  used on input line 27.
(pdftex.def)             Requested size: 212.0pt x 167.0094pt.
 [236] [237]) (./structmavlink_1_1common_1_1msg_1_1DATA__STREAM.tex <./structma
vlink_1_1common_1_1msg_1_1DATA__STREAM__inherit__graph.pdf

pdfTeX warning: pdflatex (file ./structmavlink_1_1common_1_1msg_1_1DATA__STREAM
__inherit__graph.pdf): PDF inclusion: multiple pdfs with page group included in
 a single page
>
<structmavlink_1_1common_1_1msg_1_1DATA__STREAM__inherit__graph.pdf, id=17392, 
212.795pt x 167.62625pt>
File: structmavlink_1_1common_1_1msg_1_1DATA__STREAM__inherit__graph.pdf Graphi
c file (type pdf)
<use structmavlink_1_1common_1_1msg_1_1DATA__STREAM__inherit__graph.pdf>
Package pdftex.def Info: structmavlink_1_1common_1_1msg_1_1DATA__STREAM__inheri
t__graph.pdf  used on input line 18.
(pdftex.def)             Requested size: 212.0pt x 167.0094pt.
 [238] <./structmavlink_1_1common_1_1msg_1_1DATA__STREAM__coll__graph.pdf

pdfTeX warning: pdflatex (file ./structmavlink_1_1common_1_1msg_1_1DATA__STREAM
__coll__graph.pdf): PDF inclusion: multiple pdfs with page group included in a 
single page
>
<structmavlink_1_1common_1_1msg_1_1DATA__STREAM__coll__graph.pdf, id=17407, 212
.795pt x 167.62625pt>
File: structmavlink_1_1common_1_1msg_1_1DATA__STREAM__coll__graph.pdf Graphic f
ile (type pdf)
<use structmavlink_1_1common_1_1msg_1_1DATA__STREAM__coll__graph.pdf>
Package pdftex.def Info: structmavlink_1_1common_1_1msg_1_1DATA__STREAM__coll__
graph.pdf  used on input line 27.
(pdftex.def)             Requested size: 212.0pt x 167.0094pt.
 [239] [240])
(./structmavlink_1_1common_1_1msg_1_1DATA__TRANSMISSION__HANDSHAKE.tex <./struc
tmavlink_1_1common_1_1msg_1_1DATA__TRANSMISSION__HANDSHAKE__inherit__graph.pdf

pdfTeX warning: pdflatex (file ./structmavlink_1_1common_1_1msg_1_1DATA__TRANSM
ISSION__HANDSHAKE__inherit__graph.pdf): PDF inclusion: multiple pdfs with page 
group included in a single page
>
<structmavlink_1_1common_1_1msg_1_1DATA__TRANSMISSION__HANDSHAKE__inherit__grap
h.pdf, id=17458, 277.035pt x 167.62625pt>
File: structmavlink_1_1common_1_1msg_1_1DATA__TRANSMISSION__HANDSHAKE__inherit_
_graph.pdf Graphic file (type pdf)
<use structmavlink_1_1common_1_1msg_1_1DATA__TRANSMISSION__HANDSHAKE__inherit__
graph.pdf>
Package pdftex.def Info: structmavlink_1_1common_1_1msg_1_1DATA__TRANSMISSION__
HANDSHAKE__inherit__graph.pdf  used on input line 18.
(pdftex.def)             Requested size: 276.0pt x 167.00172pt.
 <./structmavlink_1_1common_1_1msg_1_1DATA__TRANSMISSION__HANDSHAKE__coll__grap
h.pdf

pdfTeX warning: pdflatex (file ./structmavlink_1_1common_1_1msg_1_1DATA__TRANSM
ISSION__HANDSHAKE__coll__graph.pdf): PDF inclusion: multiple pdfs with page gro
up included in a single page
>
<structmavlink_1_1common_1_1msg_1_1DATA__TRANSMISSION__HANDSHAKE__coll__graph.p
df, id=17466, 277.035pt x 167.62625pt>
File: structmavlink_1_1common_1_1msg_1_1DATA__TRANSMISSION__HANDSHAKE__coll__gr
aph.pdf Graphic file (type pdf)
<use structmavlink_1_1common_1_1msg_1_1DATA__TRANSMISSION__HANDSHAKE__coll__gra
ph.pdf>
Package pdftex.def Info: structmavlink_1_1common_1_1msg_1_1DATA__TRANSMISSION__
HANDSHAKE__coll__graph.pdf  used on input line 27.
(pdftex.def)             Requested size: 276.0pt x 167.00172pt.
 [241] [242]) (./structmavlink_1_1common_1_1msg_1_1DEBUG.tex <./structmavlink_1
_1common_1_1msg_1_1DEBUG__inherit__graph.pdf

pdfTeX warning: pdflatex (file ./structmavlink_1_1common_1_1msg_1_1DEBUG__inher
it__graph.pdf): PDF inclusion: multiple pdfs with page group included in a sing
le page
>
<structmavlink_1_1common_1_1msg_1_1DEBUG__inherit__graph.pdf, id=17525, 212.795
pt x 167.62625pt>
File: structmavlink_1_1common_1_1msg_1_1DEBUG__inherit__graph.pdf Graphic file 
(type pdf)
<use structmavlink_1_1common_1_1msg_1_1DEBUG__inherit__graph.pdf>
Package pdftex.def Info: structmavlink_1_1common_1_1msg_1_1DEBUG__inherit__grap
h.pdf  used on input line 18.
(pdftex.def)             Requested size: 212.0pt x 167.0094pt.
 [243] <./structmavlink_1_1common_1_1msg_1_1DEBUG__coll__graph.pdf

pdfTeX warning: pdflatex (file ./structmavlink_1_1common_1_1msg_1_1DEBUG__coll_
_graph.pdf): PDF inclusion: multiple pdfs with page group included in a single 
page
>
<structmavlink_1_1common_1_1msg_1_1DEBUG__coll__graph.pdf, id=17539, 212.795pt 
x 167.62625pt>
File: structmavlink_1_1common_1_1msg_1_1DEBUG__coll__graph.pdf Graphic file (ty
pe pdf)
<use structmavlink_1_1common_1_1msg_1_1DEBUG__coll__graph.pdf>
Package pdftex.def Info: structmavlink_1_1common_1_1msg_1_1DEBUG__coll__graph.p
df  used on input line 27.
(pdftex.def)             Requested size: 212.0pt x 167.0094pt.
 [244] [245]) (./structmavlink_1_1common_1_1msg_1_1DEBUG__FLOAT__ARRAY.tex <./s
tructmavlink_1_1common_1_1msg_1_1DEBUG__FLOAT__ARRAY__inherit__graph.pdf

pdfTeX warning: pdflatex (file ./structmavlink_1_1common_1_1msg_1_1DEBUG__FLOAT
__ARRAY__inherit__graph.pdf): PDF inclusion: multiple pdfs with page group incl
uded in a single page
>
<structmavlink_1_1common_1_1msg_1_1DEBUG__FLOAT__ARRAY__inherit__graph.pdf, id=
17591, 212.795pt x 167.62625pt>
File: structmavlink_1_1common_1_1msg_1_1DEBUG__FLOAT__ARRAY__inherit__graph.pdf
 Graphic file (type pdf)
<use structmavlink_1_1common_1_1msg_1_1DEBUG__FLOAT__ARRAY__inherit__graph.pdf>

Package pdftex.def Info: structmavlink_1_1common_1_1msg_1_1DEBUG__FLOAT__ARRAY_
_inherit__graph.pdf  used on input line 18.
(pdftex.def)             Requested size: 212.0pt x 167.0094pt.
 <./structmavlink_1_1common_1_1msg_1_1DEBUG__FLOAT__ARRAY__coll__graph.pdf

pdfTeX warning: pdflatex (file ./structmavlink_1_1common_1_1msg_1_1DEBUG__FLOAT
__ARRAY__coll__graph.pdf): PDF inclusion: multiple pdfs with page group include
d in a single page
>
<structmavlink_1_1common_1_1msg_1_1DEBUG__FLOAT__ARRAY__coll__graph.pdf, id=175
99, 212.795pt x 167.62625pt>
File: structmavlink_1_1common_1_1msg_1_1DEBUG__FLOAT__ARRAY__coll__graph.pdf Gr
aphic file (type pdf)
<use structmavlink_1_1common_1_1msg_1_1DEBUG__FLOAT__ARRAY__coll__graph.pdf>
Package pdftex.def Info: structmavlink_1_1common_1_1msg_1_1DEBUG__FLOAT__ARRAY_
_coll__graph.pdf  used on input line 27.
(pdftex.def)             Requested size: 212.0pt x 167.0094pt.
 [246] [247]) (./structmavlink_1_1common_1_1msg_1_1DEBUG__VECT.tex <./structmav
link_1_1common_1_1msg_1_1DEBUG__VECT__inherit__graph.pdf

pdfTeX warning: pdflatex (file ./structmavlink_1_1common_1_1msg_1_1DEBUG__VECT_
_inherit__graph.pdf): PDF inclusion: multiple pdfs with page group included in 
a single page
>
<structmavlink_1_1common_1_1msg_1_1DEBUG__VECT__inherit__graph.pdf, id=17653, 2
12.795pt x 167.62625pt>
File: structmavlink_1_1common_1_1msg_1_1DEBUG__VECT__inherit__graph.pdf Graphic
 file (type pdf)
<use structmavlink_1_1common_1_1msg_1_1DEBUG__VECT__inherit__graph.pdf>
Package pdftex.def Info: structmavlink_1_1common_1_1msg_1_1DEBUG__VECT__inherit
__graph.pdf  used on input line 18.
(pdftex.def)             Requested size: 212.0pt x 167.0094pt.
 [248] <./structmavlink_1_1common_1_1msg_1_1DEBUG__VECT__coll__graph.pdf

pdfTeX warning: pdflatex (file ./structmavlink_1_1common_1_1msg_1_1DEBUG__VECT_
_coll__graph.pdf): PDF inclusion: multiple pdfs with page group included in a s
ingle page
>
<structmavlink_1_1common_1_1msg_1_1DEBUG__VECT__coll__graph.pdf, id=17667, 212.
795pt x 167.62625pt>
File: structmavlink_1_1common_1_1msg_1_1DEBUG__VECT__coll__graph.pdf Graphic fi
le (type pdf)
<use structmavlink_1_1common_1_1msg_1_1DEBUG__VECT__coll__graph.pdf>
Package pdftex.def Info: structmavlink_1_1common_1_1msg_1_1DEBUG__VECT__coll__g
raph.pdf  used on input line 27.
(pdftex.def)             Requested size: 212.0pt x 167.0094pt.
 [249] [250]) (./structmavlink_1_1common_1_1msg_1_1DISTANCE__SENSOR.tex <./stru
ctmavlink_1_1common_1_1msg_1_1DISTANCE__SENSOR__inherit__graph.pdf

pdfTeX warning: pdflatex (file ./structmavlink_1_1common_1_1msg_1_1DISTANCE__SE
NSOR__inherit__graph.pdf): PDF inclusion: multiple pdfs with page group include
d in a single page
>
<structmavlink_1_1common_1_1msg_1_1DISTANCE__SENSOR__inherit__graph.pdf, id=177
21, 212.795pt x 167.62625pt>
File: structmavlink_1_1common_1_1msg_1_1DISTANCE__SENSOR__inherit__graph.pdf Gr
aphic file (type pdf)
<use structmavlink_1_1common_1_1msg_1_1DISTANCE__SENSOR__inherit__graph.pdf>
Package pdftex.def Info: structmavlink_1_1common_1_1msg_1_1DISTANCE__SENSOR__in
herit__graph.pdf  used on input line 18.
(pdftex.def)             Requested size: 212.0pt x 167.0094pt.
 <./structmavlink_1_1common_1_1msg_1_1DISTANCE__SENSOR__coll__graph.pdf

pdfTeX warning: pdflatex (file ./structmavlink_1_1common_1_1msg_1_1DISTANCE__SE
NSOR__coll__graph.pdf): PDF inclusion: multiple pdfs with page group included i
n a single page
>
<structmavlink_1_1common_1_1msg_1_1DISTANCE__SENSOR__coll__graph.pdf, id=17729,
 212.795pt x 167.62625pt>
File: structmavlink_1_1common_1_1msg_1_1DISTANCE__SENSOR__coll__graph.pdf Graph
ic file (type pdf)
<use structmavlink_1_1common_1_1msg_1_1DISTANCE__SENSOR__coll__graph.pdf>
Package pdftex.def Info: structmavlink_1_1common_1_1msg_1_1DISTANCE__SENSOR__co
ll__graph.pdf  used on input line 27.
(pdftex.def)             Requested size: 212.0pt x 167.0094pt.
 [251] [252]) (./structmavlink_1_1common_1_1msg_1_1EFI__STATUS.tex <./structmav
link_1_1common_1_1msg_1_1EFI__STATUS__inherit__graph.pdf

pdfTeX warning: pdflatex (file ./structmavlink_1_1common_1_1msg_1_1EFI__STATUS_
_inherit__graph.pdf): PDF inclusion: multiple pdfs with page group included in 
a single page
>
<structmavlink_1_1common_1_1msg_1_1EFI__STATUS__inherit__graph.pdf, id=17789, 2
12.795pt x 167.62625pt>
File: structmavlink_1_1common_1_1msg_1_1EFI__STATUS__inherit__graph.pdf Graphic
 file (type pdf)
<use structmavlink_1_1common_1_1msg_1_1EFI__STATUS__inherit__graph.pdf>
Package pdftex.def Info: structmavlink_1_1common_1_1msg_1_1EFI__STATUS__inherit
__graph.pdf  used on input line 18.
(pdftex.def)             Requested size: 212.0pt x 167.0094pt.
 [253] <./structmavlink_1_1common_1_1msg_1_1EFI__STATUS__coll__graph.pdf

pdfTeX warning: pdflatex (file ./structmavlink_1_1common_1_1msg_1_1EFI__STATUS_
_coll__graph.pdf): PDF inclusion: multiple pdfs with page group included in a s
ingle page
>
<structmavlink_1_1common_1_1msg_1_1EFI__STATUS__coll__graph.pdf, id=17804, 212.
795pt x 167.62625pt>
File: structmavlink_1_1common_1_1msg_1_1EFI__STATUS__coll__graph.pdf Graphic fi
le (type pdf)
<use structmavlink_1_1common_1_1msg_1_1EFI__STATUS__coll__graph.pdf>
Package pdftex.def Info: structmavlink_1_1common_1_1msg_1_1EFI__STATUS__coll__g
raph.pdf  used on input line 27.
(pdftex.def)             Requested size: 212.0pt x 167.0094pt.
 [254] [255]) (./structmavlink_1_1common_1_1msg_1_1ENCAPSULATED__DATA.tex <./st
ructmavlink_1_1common_1_1msg_1_1ENCAPSULATED__DATA__inherit__graph.pdf

pdfTeX warning: pdflatex (file ./structmavlink_1_1common_1_1msg_1_1ENCAPSULATED
__DATA__inherit__graph.pdf): PDF inclusion: multiple pdfs with page group inclu
ded in a single page
>
<structmavlink_1_1common_1_1msg_1_1ENCAPSULATED__DATA__inherit__graph.pdf, id=1
7872, 212.795pt x 167.62625pt>
File: structmavlink_1_1common_1_1msg_1_1ENCAPSULATED__DATA__inherit__graph.pdf 
Graphic file (type pdf)
<use structmavlink_1_1common_1_1msg_1_1ENCAPSULATED__DATA__inherit__graph.pdf>
Package pdftex.def Info: structmavlink_1_1common_1_1msg_1_1ENCAPSULATED__DATA__
inherit__graph.pdf  used on input line 18.
(pdftex.def)             Requested size: 212.0pt x 167.0094pt.
 [256] <./structmavlink_1_1common_1_1msg_1_1ENCAPSULATED__DATA__coll__graph.pdf


pdfTeX warning: pdflatex (file ./structmavlink_1_1common_1_1msg_1_1ENCAPSULATED
__DATA__coll__graph.pdf): PDF inclusion: multiple pdfs with page group included
 in a single page
>
<structmavlink_1_1common_1_1msg_1_1ENCAPSULATED__DATA__coll__graph.pdf, id=1788
5, 212.795pt x 167.62625pt>
File: structmavlink_1_1common_1_1msg_1_1ENCAPSULATED__DATA__coll__graph.pdf Gra
phic file (type pdf)
<use structmavlink_1_1common_1_1msg_1_1ENCAPSULATED__DATA__coll__graph.pdf>
Package pdftex.def Info: structmavlink_1_1common_1_1msg_1_1ENCAPSULATED__DATA__
coll__graph.pdf  used on input line 27.
(pdftex.def)             Requested size: 212.0pt x 167.0094pt.
 [257]
Overfull \hbox (49.99567pt too wide) in paragraph at lines 77--78
[]\T1/phv/m/n/10 Data packet for im-ages sent us-ing the Im-age Trans-mis-sion 
Protocol[]: [][] \T1/pcr/m/n/10 https[]://mavlink.[]io/en/services/image[]
 []

[258]) (./structmavlink_1_1common_1_1msg_1_1ESC__INFO.tex <./structmavlink_1_1c
ommon_1_1msg_1_1ESC__INFO__inherit__graph.pdf

pdfTeX warning: pdflatex (file ./structmavlink_1_1common_1_1msg_1_1ESC__INFO__i
nherit__graph.pdf): PDF inclusion: multiple pdfs with page group included in a 
single page
>
<structmavlink_1_1common_1_1msg_1_1ESC__INFO__inherit__graph.pdf, id=17938, 212
.795pt x 167.62625pt>
File: structmavlink_1_1common_1_1msg_1_1ESC__INFO__inherit__graph.pdf Graphic f
ile (type pdf)
<use structmavlink_1_1common_1_1msg_1_1ESC__INFO__inherit__graph.pdf>
Package pdftex.def Info: structmavlink_1_1common_1_1msg_1_1ESC__INFO__inherit__
graph.pdf  used on input line 18.
(pdftex.def)             Requested size: 212.0pt x 167.0094pt.
 <./structmavlink_1_1common_1_1msg_1_1ESC__INFO__coll__graph.pdf

pdfTeX warning: pdflatex (file ./structmavlink_1_1common_1_1msg_1_1ESC__INFO__c
oll__graph.pdf): PDF inclusion: multiple pdfs with page group included in a sin
gle page
>
<structmavlink_1_1common_1_1msg_1_1ESC__INFO__coll__graph.pdf, id=17946, 212.79
5pt x 167.62625pt>
File: structmavlink_1_1common_1_1msg_1_1ESC__INFO__coll__graph.pdf Graphic file
 (type pdf)
<use structmavlink_1_1common_1_1msg_1_1ESC__INFO__coll__graph.pdf>
Package pdftex.def Info: structmavlink_1_1common_1_1msg_1_1ESC__INFO__coll__gra
ph.pdf  used on input line 27.
(pdftex.def)             Requested size: 212.0pt x 167.0094pt.
 [259] [260]) (./structmavlink_1_1common_1_1msg_1_1ESC__STATUS.tex <./structmav
link_1_1common_1_1msg_1_1ESC__STATUS__inherit__graph.pdf

pdfTeX warning: pdflatex (file ./structmavlink_1_1common_1_1msg_1_1ESC__STATUS_
_inherit__graph.pdf): PDF inclusion: multiple pdfs with page group included in 
a single page
>
<structmavlink_1_1common_1_1msg_1_1ESC__STATUS__inherit__graph.pdf, id=18005, 2
12.795pt x 167.62625pt>
File: structmavlink_1_1common_1_1msg_1_1ESC__STATUS__inherit__graph.pdf Graphic
 file (type pdf)
<use structmavlink_1_1common_1_1msg_1_1ESC__STATUS__inherit__graph.pdf>
Package pdftex.def Info: structmavlink_1_1common_1_1msg_1_1ESC__STATUS__inherit
__graph.pdf  used on input line 18.
(pdftex.def)             Requested size: 212.0pt x 167.0094pt.
 [261] <./structmavlink_1_1common_1_1msg_1_1ESC__STATUS__coll__graph.pdf

pdfTeX warning: pdflatex (file ./structmavlink_1_1common_1_1msg_1_1ESC__STATUS_
_coll__graph.pdf): PDF inclusion: multiple pdfs with page group included in a s
ingle page
>
<structmavlink_1_1common_1_1msg_1_1ESC__STATUS__coll__graph.pdf, id=18019, 212.
795pt x 167.62625pt>
File: structmavlink_1_1common_1_1msg_1_1ESC__STATUS__coll__graph.pdf Graphic fi
le (type pdf)
<use structmavlink_1_1common_1_1msg_1_1ESC__STATUS__coll__graph.pdf>
Package pdftex.def Info: structmavlink_1_1common_1_1msg_1_1ESC__STATUS__coll__g
raph.pdf  used on input line 27.
(pdftex.def)             Requested size: 212.0pt x 167.0094pt.
 [262] [263] [264]) (./structmavlink_1_1common_1_1msg_1_1ESTIMATOR__STATUS.tex 
<./structmavlink_1_1common_1_1msg_1_1ESTIMATOR__STATUS__inherit__graph.pdf

pdfTeX warning: pdflatex (file ./structmavlink_1_1common_1_1msg_1_1ESTIMATOR__S
TATUS__inherit__graph.pdf): PDF inclusion: multiple pdfs with page group includ
ed in a single page
>
<structmavlink_1_1common_1_1msg_1_1ESTIMATOR__STATUS__inherit__graph.pdf, id=18
078, 212.795pt x 167.62625pt>
File: structmavlink_1_1common_1_1msg_1_1ESTIMATOR__STATUS__inherit__graph.pdf G
raphic file (type pdf)
<use structmavlink_1_1common_1_1msg_1_1ESTIMATOR__STATUS__inherit__graph.pdf>
Package pdftex.def Info: structmavlink_1_1common_1_1msg_1_1ESTIMATOR__STATUS__i
nherit__graph.pdf  used on input line 18.
(pdftex.def)             Requested size: 212.0pt x 167.0094pt.
 <./structmavlink_1_1common_1_1msg_1_1ESTIMATOR__STATUS__coll__graph.pdf

pdfTeX warning: pdflatex (file ./structmavlink_1_1common_1_1msg_1_1ESTIMATOR__S
TATUS__coll__graph.pdf): PDF inclusion: multiple pdfs with page group included 
in a single page
>
<structmavlink_1_1common_1_1msg_1_1ESTIMATOR__STATUS__coll__graph.pdf, id=18086
, 212.795pt x 167.62625pt>
File: structmavlink_1_1common_1_1msg_1_1ESTIMATOR__STATUS__coll__graph.pdf Grap
hic file (type pdf)
<use structmavlink_1_1common_1_1msg_1_1ESTIMATOR__STATUS__coll__graph.pdf>
Package pdftex.def Info: structmavlink_1_1common_1_1msg_1_1ESTIMATOR__STATUS__c
oll__graph.pdf  used on input line 27.
(pdftex.def)             Requested size: 212.0pt x 167.0094pt.
 [265] [266] [267]) (./structmavlink_1_1common_1_1msg_1_1EVENT.tex <./structmav
link_1_1common_1_1msg_1_1EVENT__inherit__graph.pdf

pdfTeX warning: pdflatex (file ./structmavlink_1_1common_1_1msg_1_1EVENT__inher
it__graph.pdf): PDF inclusion: multiple pdfs with page group included in a sing
le page
>
<structmavlink_1_1common_1_1msg_1_1EVENT__inherit__graph.pdf, id=18150, 212.795
pt x 167.62625pt>
File: structmavlink_1_1common_1_1msg_1_1EVENT__inherit__graph.pdf Graphic file 
(type pdf)
<use structmavlink_1_1common_1_1msg_1_1EVENT__inherit__graph.pdf>
Package pdftex.def Info: structmavlink_1_1common_1_1msg_1_1EVENT__inherit__grap
h.pdf  used on input line 18.
(pdftex.def)             Requested size: 212.0pt x 167.0094pt.
 [268] <./structmavlink_1_1common_1_1msg_1_1EVENT__coll__graph.pdf

pdfTeX warning: pdflatex (file ./structmavlink_1_1common_1_1msg_1_1EVENT__coll_
_graph.pdf): PDF inclusion: multiple pdfs with page group included in a single 
page
>
<structmavlink_1_1common_1_1msg_1_1EVENT__coll__graph.pdf, id=18164, 212.795pt 
x 167.62625pt>
File: structmavlink_1_1common_1_1msg_1_1EVENT__coll__graph.pdf Graphic file (ty
pe pdf)
<use structmavlink_1_1common_1_1msg_1_1EVENT__coll__graph.pdf>
Package pdftex.def Info: structmavlink_1_1common_1_1msg_1_1EVENT__coll__graph.p
df  used on input line 27.
(pdftex.def)             Requested size: 212.0pt x 167.0094pt.
 [269] [270]) (./structmavlink_1_1common_1_1msg_1_1EXTENDED__SYS__STATE.tex <./
structmavlink_1_1common_1_1msg_1_1EXTENDED__SYS__STATE__inherit__graph.pdf

pdfTeX warning: pdflatex (file ./structmavlink_1_1common_1_1msg_1_1EXTENDED__SY
S__STATE__inherit__graph.pdf): PDF inclusion: multiple pdfs with page group inc
luded in a single page
>
<structmavlink_1_1common_1_1msg_1_1EXTENDED__SYS__STATE__inherit__graph.pdf, id
=18219, 214.8025pt x 167.62625pt>
File: structmavlink_1_1common_1_1msg_1_1EXTENDED__SYS__STATE__inherit__graph.pd
f Graphic file (type pdf)
<use structmavlink_1_1common_1_1msg_1_1EXTENDED__SYS__STATE__inherit__graph.pdf
>
Package pdftex.def Info: structmavlink_1_1common_1_1msg_1_1EXTENDED__SYS__STATE
__inherit__graph.pdf  used on input line 18.
(pdftex.def)             Requested size: 214.0pt x 167.00172pt.
 <./structmavlink_1_1common_1_1msg_1_1EXTENDED__SYS__STATE__coll__graph.pdf

pdfTeX warning: pdflatex (file ./structmavlink_1_1common_1_1msg_1_1EXTENDED__SY
S__STATE__coll__graph.pdf): PDF inclusion: multiple pdfs with page group includ
ed in a single page
>
<structmavlink_1_1common_1_1msg_1_1EXTENDED__SYS__STATE__coll__graph.pdf, id=18
227, 214.8025pt x 167.62625pt>
File: structmavlink_1_1common_1_1msg_1_1EXTENDED__SYS__STATE__coll__graph.pdf G
raphic file (type pdf)
<use structmavlink_1_1common_1_1msg_1_1EXTENDED__SYS__STATE__coll__graph.pdf>
Package pdftex.def Info: structmavlink_1_1common_1_1msg_1_1EXTENDED__SYS__STATE
__coll__graph.pdf  used on input line 27.
(pdftex.def)             Requested size: 214.0pt x 167.00172pt.
 [271] [272]) (./structmavlink_1_1common_1_1msg_1_1FENCE__STATUS.tex [273] <./s
tructmavlink_1_1common_1_1msg_1_1FENCE__STATUS__inherit__graph.pdf

pdfTeX warning: pdflatex (file ./structmavlink_1_1common_1_1msg_1_1FENCE__STATU
S__inherit__graph.pdf): PDF inclusion: multiple pdfs with page group included i
n a single page
>
<structmavlink_1_1common_1_1msg_1_1FENCE__STATUS__inherit__graph.pdf, id=18286,
 212.795pt x 167.62625pt>
File: structmavlink_1_1common_1_1msg_1_1FENCE__STATUS__inherit__graph.pdf Graph
ic file (type pdf)
<use structmavlink_1_1common_1_1msg_1_1FENCE__STATUS__inherit__graph.pdf>
Package pdftex.def Info: structmavlink_1_1common_1_1msg_1_1FENCE__STATUS__inher
it__graph.pdf  used on input line 18.
(pdftex.def)             Requested size: 212.0pt x 167.0094pt.
 <./structmavlink_1_1common_1_1msg_1_1FENCE__STATUS__coll__graph.pdf

pdfTeX warning: pdflatex (file ./structmavlink_1_1common_1_1msg_1_1FENCE__STATU
S__coll__graph.pdf): PDF inclusion: multiple pdfs with page group included in a
 single page
>
<structmavlink_1_1common_1_1msg_1_1FENCE__STATUS__coll__graph.pdf, id=18294, 21
2.795pt x 167.62625pt>
File: structmavlink_1_1common_1_1msg_1_1FENCE__STATUS__coll__graph.pdf Graphic 
file (type pdf)
<use structmavlink_1_1common_1_1msg_1_1FENCE__STATUS__coll__graph.pdf>
Package pdftex.def Info: structmavlink_1_1common_1_1msg_1_1FENCE__STATUS__coll_
_graph.pdf  used on input line 27.
(pdftex.def)             Requested size: 212.0pt x 167.0094pt.
 [274] [275])
(./structmavlink_1_1common_1_1msg_1_1FIGURE__EIGHT__EXECUTION__STATUS.tex <./st
ructmavlink_1_1common_1_1msg_1_1FIGURE__EIGHT__EXECUTION__STATUS__inherit__grap
h.pdf

pdfTeX warning: pdflatex (file ./structmavlink_1_1common_1_1msg_1_1FIGURE__EIGH
T__EXECUTION__STATUS__inherit__graph.pdf): PDF inclusion: multiple pdfs with pa
ge group included in a single page
>
<structmavlink_1_1common_1_1msg_1_1FIGURE__EIGHT__EXECUTION__STATUS__inherit__g
raph.pdf, id=18348, 237.88875pt x 178.6675pt>
File: structmavlink_1_1common_1_1msg_1_1FIGURE__EIGHT__EXECUTION__STATUS__inher
it__graph.pdf Graphic file (type pdf)
<use structmavlink_1_1common_1_1msg_1_1FIGURE__EIGHT__EXECUTION__STATUS__inheri
t__graph.pdf>
Package pdftex.def Info: structmavlink_1_1common_1_1msg_1_1FIGURE__EIGHT__EXECU
TION__STATUS__inherit__graph.pdf  used on input line 18.
(pdftex.def)             Requested size: 237.0pt x 178.0073pt.
 <./structmavlink_1_1common_1_1msg_1_1FIGURE__EIGHT__EXECUTION__STATUS__coll__g
raph.pdf

pdfTeX warning: pdflatex (file ./structmavlink_1_1common_1_1msg_1_1FIGURE__EIGH
T__EXECUTION__STATUS__coll__graph.pdf): PDF inclusion: multiple pdfs with page 
group included in a single page
>
<structmavlink_1_1common_1_1msg_1_1FIGURE__EIGHT__EXECUTION__STATUS__coll__grap
h.pdf, id=18356, 237.88875pt x 178.6675pt>
File: structmavlink_1_1common_1_1msg_1_1FIGURE__EIGHT__EXECUTION__STATUS__coll_
_graph.pdf Graphic file (type pdf)
<use structmavlink_1_1common_1_1msg_1_1FIGURE__EIGHT__EXECUTION__STATUS__coll__
graph.pdf>
Package pdftex.def Info: structmavlink_1_1common_1_1msg_1_1FIGURE__EIGHT__EXECU
TION__STATUS__coll__graph.pdf  used on input line 27.
(pdftex.def)             Requested size: 237.0pt x 178.0073pt.
 [276]
Overfull \hbox (91.95624pt too wide) in paragraph at lines 95--95
[] \T1/pcr/m/n/8 Vehicle status report that is sent out while figure eight exec
ution is in progress (see MAV_CMD_DO_FIGURE_EIGHT). 
 []

[277] [278]) (./structmavlink_1_1common_1_1msg_1_1FILE__TRANSFER__PROTOCOL.tex 
<./structmavlink_1_1common_1_1msg_1_1FILE__TRANSFER__PROTOCOL__inherit__graph.p
df

pdfTeX warning: pdflatex (file ./structmavlink_1_1common_1_1msg_1_1FILE__TRANSF
ER__PROTOCOL__inherit__graph.pdf): PDF inclusion: multiple pdfs with page group
 included in a single page
>
<structmavlink_1_1common_1_1msg_1_1FILE__TRANSFER__PROTOCOL__inherit__graph.pdf
, id=18419, 238.8925pt x 167.62625pt>
File: structmavlink_1_1common_1_1msg_1_1FILE__TRANSFER__PROTOCOL__inherit__grap
h.pdf Graphic file (type pdf)
<use structmavlink_1_1common_1_1msg_1_1FILE__TRANSFER__PROTOCOL__inherit__graph
.pdf>
Package pdftex.def Info: structmavlink_1_1common_1_1msg_1_1FILE__TRANSFER__PROT
OCOL__inherit__graph.pdf  used on input line 18.
(pdftex.def)             Requested size: 238.0pt x 166.99916pt.
 <./structmavlink_1_1common_1_1msg_1_1FILE__TRANSFER__PROTOCOL__coll__graph.pdf


pdfTeX warning: pdflatex (file ./structmavlink_1_1common_1_1msg_1_1FILE__TRANSF
ER__PROTOCOL__coll__graph.pdf): PDF inclusion: multiple pdfs with page group in
cluded in a single page
>
<structmavlink_1_1common_1_1msg_1_1FILE__TRANSFER__PROTOCOL__coll__graph.pdf, i
d=18427, 238.8925pt x 167.62625pt>
File: structmavlink_1_1common_1_1msg_1_1FILE__TRANSFER__PROTOCOL__coll__graph.p
df Graphic file (type pdf)
<use structmavlink_1_1common_1_1msg_1_1FILE__TRANSFER__PROTOCOL__coll__graph.pd
f>
Package pdftex.def Info: structmavlink_1_1common_1_1msg_1_1FILE__TRANSFER__PROT
OCOL__coll__graph.pdf  used on input line 27.
(pdftex.def)             Requested size: 238.0pt x 166.99916pt.
 [279] [280]) (./structmavlink_1_1common_1_1msg_1_1FLIGHT__INFORMATION.tex <./s
tructmavlink_1_1common_1_1msg_1_1FLIGHT__INFORMATION__inherit__graph.pdf

pdfTeX warning: pdflatex (file ./structmavlink_1_1common_1_1msg_1_1FLIGHT__INFO
RMATION__inherit__graph.pdf): PDF inclusion: multiple pdfs with page group incl
uded in a single page
>
<structmavlink_1_1common_1_1msg_1_1FLIGHT__INFORMATION__inherit__graph.pdf, id=
18481, 213.79875pt x 167.62625pt>
File: structmavlink_1_1common_1_1msg_1_1FLIGHT__INFORMATION__inherit__graph.pdf
 Graphic file (type pdf)
<use structmavlink_1_1common_1_1msg_1_1FLIGHT__INFORMATION__inherit__graph.pdf>

Package pdftex.def Info: structmavlink_1_1common_1_1msg_1_1FLIGHT__INFORMATION_
_inherit__graph.pdf  used on input line 18.
(pdftex.def)             Requested size: 213.0pt x 166.99916pt.
 [281] <./structmavlink_1_1common_1_1msg_1_1FLIGHT__INFORMATION__coll__graph.pd
f

pdfTeX warning: pdflatex (file ./structmavlink_1_1common_1_1msg_1_1FLIGHT__INFO
RMATION__coll__graph.pdf): PDF inclusion: multiple pdfs with page group include
d in a single page
>
<structmavlink_1_1common_1_1msg_1_1FLIGHT__INFORMATION__coll__graph.pdf, id=184
95, 213.79875pt x 167.62625pt>
File: structmavlink_1_1common_1_1msg_1_1FLIGHT__INFORMATION__coll__graph.pdf Gr
aphic file (type pdf)
<use structmavlink_1_1common_1_1msg_1_1FLIGHT__INFORMATION__coll__graph.pdf>
Package pdftex.def Info: structmavlink_1_1common_1_1msg_1_1FLIGHT__INFORMATION_
_coll__graph.pdf  used on input line 27.
(pdftex.def)             Requested size: 213.0pt x 166.99916pt.
 [282] [283] [284]) (./structmavlink_1_1common_1_1msg_1_1FOLLOW__TARGET.tex <./
structmavlink_1_1common_1_1msg_1_1FOLLOW__TARGET__inherit__graph.pdf

pdfTeX warning: pdflatex (file ./structmavlink_1_1common_1_1msg_1_1FOLLOW__TARG
ET__inherit__graph.pdf): PDF inclusion: multiple pdfs with page group included 
in a single page
>
<structmavlink_1_1common_1_1msg_1_1FOLLOW__TARGET__inherit__graph.pdf, id=18553
, 212.795pt x 167.62625pt>
File: structmavlink_1_1common_1_1msg_1_1FOLLOW__TARGET__inherit__graph.pdf Grap
hic file (type pdf)
<use structmavlink_1_1common_1_1msg_1_1FOLLOW__TARGET__inherit__graph.pdf>
Package pdftex.def Info: structmavlink_1_1common_1_1msg_1_1FOLLOW__TARGET__inhe
rit__graph.pdf  used on input line 18.
(pdftex.def)             Requested size: 212.0pt x 167.0094pt.
 <./structmavlink_1_1common_1_1msg_1_1FOLLOW__TARGET__coll__graph.pdf

pdfTeX warning: pdflatex (file ./structmavlink_1_1common_1_1msg_1_1FOLLOW__TARG
ET__coll__graph.pdf): PDF inclusion: multiple pdfs with page group included in 
a single page
>
<structmavlink_1_1common_1_1msg_1_1FOLLOW__TARGET__coll__graph.pdf, id=18562, 2
12.795pt x 167.62625pt>
File: structmavlink_1_1common_1_1msg_1_1FOLLOW__TARGET__coll__graph.pdf Graphic
 file (type pdf)
<use structmavlink_1_1common_1_1msg_1_1FOLLOW__TARGET__coll__graph.pdf>
Package pdftex.def Info: structmavlink_1_1common_1_1msg_1_1FOLLOW__TARGET__coll
__graph.pdf  used on input line 27.
(pdftex.def)             Requested size: 212.0pt x 167.0094pt.
 [285] [286]) (./structmavlink_1_1common_1_1msg_1_1FUEL__STATUS.tex <./structma
vlink_1_1common_1_1msg_1_1FUEL__STATUS__inherit__graph.pdf

pdfTeX warning: pdflatex (file ./structmavlink_1_1common_1_1msg_1_1FUEL__STATUS
__inherit__graph.pdf): PDF inclusion: multiple pdfs with page group included in
 a single page
>
<structmavlink_1_1common_1_1msg_1_1FUEL__STATUS__inherit__graph.pdf, id=18621, 
212.795pt x 167.62625pt>
File: structmavlink_1_1common_1_1msg_1_1FUEL__STATUS__inherit__graph.pdf Graphi
c file (type pdf)
<use structmavlink_1_1common_1_1msg_1_1FUEL__STATUS__inherit__graph.pdf>
Package pdftex.def Info: structmavlink_1_1common_1_1msg_1_1FUEL__STATUS__inheri
t__graph.pdf  used on input line 18.
(pdftex.def)             Requested size: 212.0pt x 167.0094pt.
 [287] <./structmavlink_1_1common_1_1msg_1_1FUEL__STATUS__coll__graph.pdf

pdfTeX warning: pdflatex (file ./structmavlink_1_1common_1_1msg_1_1FUEL__STATUS
__coll__graph.pdf): PDF inclusion: multiple pdfs with page group included in a 
single page
>
<structmavlink_1_1common_1_1msg_1_1FUEL__STATUS__coll__graph.pdf, id=18635, 212
.795pt x 167.62625pt>
File: structmavlink_1_1common_1_1msg_1_1FUEL__STATUS__coll__graph.pdf Graphic f
ile (type pdf)
<use structmavlink_1_1common_1_1msg_1_1FUEL__STATUS__coll__graph.pdf>
Package pdftex.def Info: structmavlink_1_1common_1_1msg_1_1FUEL__STATUS__coll__
graph.pdf  used on input line 27.
(pdftex.def)             Requested size: 212.0pt x 167.0094pt.
 [288] [289]) (./structmavlink_1_1common_1_1msg_1_1GENERATOR__STATUS.tex <./str
uctmavlink_1_1common_1_1msg_1_1GENERATOR__STATUS__inherit__graph.pdf

pdfTeX warning: pdflatex (file ./structmavlink_1_1common_1_1msg_1_1GENERATOR__S
TATUS__inherit__graph.pdf): PDF inclusion: multiple pdfs with page group includ
ed in a single page
>
<structmavlink_1_1common_1_1msg_1_1GENERATOR__STATUS__inherit__graph.pdf, id=18
693, 212.795pt x 167.62625pt>
File: structmavlink_1_1common_1_1msg_1_1GENERATOR__STATUS__inherit__graph.pdf G
raphic file (type pdf)
<use structmavlink_1_1common_1_1msg_1_1GENERATOR__STATUS__inherit__graph.pdf>
Package pdftex.def Info: structmavlink_1_1common_1_1msg_1_1GENERATOR__STATUS__i
nherit__graph.pdf  used on input line 18.
(pdftex.def)             Requested size: 212.0pt x 167.0094pt.
 [290] <./structmavlink_1_1common_1_1msg_1_1GENERATOR__STATUS__coll__graph.pdf

pdfTeX warning: pdflatex (file ./structmavlink_1_1common_1_1msg_1_1GENERATOR__S
TATUS__coll__graph.pdf): PDF inclusion: multiple pdfs with page group included 
in a single page
>
<structmavlink_1_1common_1_1msg_1_1GENERATOR__STATUS__coll__graph.pdf, id=18706
, 212.795pt x 167.62625pt>
File: structmavlink_1_1common_1_1msg_1_1GENERATOR__STATUS__coll__graph.pdf Grap
hic file (type pdf)
<use structmavlink_1_1common_1_1msg_1_1GENERATOR__STATUS__coll__graph.pdf>
Package pdftex.def Info: structmavlink_1_1common_1_1msg_1_1GENERATOR__STATUS__c
oll__graph.pdf  used on input line 27.
(pdftex.def)             Requested size: 212.0pt x 167.0094pt.
 [291] [292])
(./structmavlink_1_1common_1_1msg_1_1GIMBAL__DEVICE__ATTITUDE__STATUS.tex <./st
ructmavlink_1_1common_1_1msg_1_1GIMBAL__DEVICE__ATTITUDE__STATUS__inherit__grap
h.pdf

pdfTeX warning: pdflatex (file ./structmavlink_1_1common_1_1msg_1_1GIMBAL__DEVI
CE__ATTITUDE__STATUS__inherit__graph.pdf): PDF inclusion: multiple pdfs with pa
ge group included in a single page
>
<structmavlink_1_1common_1_1msg_1_1GIMBAL__DEVICE__ATTITUDE__STATUS__inherit__g
raph.pdf, id=18765, 235.88126pt x 178.6675pt>
File: structmavlink_1_1common_1_1msg_1_1GIMBAL__DEVICE__ATTITUDE__STATUS__inher
it__graph.pdf Graphic file (type pdf)
<use structmavlink_1_1common_1_1msg_1_1GIMBAL__DEVICE__ATTITUDE__STATUS__inheri
t__graph.pdf>
Package pdftex.def Info: structmavlink_1_1common_1_1msg_1_1GIMBAL__DEVICE__ATTI
TUDE__STATUS__inherit__graph.pdf  used on input line 18.
(pdftex.def)             Requested size: 235.0pt x 178.00185pt.
 <./structmavlink_1_1common_1_1msg_1_1GIMBAL__DEVICE__ATTITUDE__STATUS__coll__g
raph.pdf

pdfTeX warning: pdflatex (file ./structmavlink_1_1common_1_1msg_1_1GIMBAL__DEVI
CE__ATTITUDE__STATUS__coll__graph.pdf): PDF inclusion: multiple pdfs with page 
group included in a single page
>
<structmavlink_1_1common_1_1msg_1_1GIMBAL__DEVICE__ATTITUDE__STATUS__coll__grap
h.pdf, id=18773, 235.88126pt x 178.6675pt>
File: structmavlink_1_1common_1_1msg_1_1GIMBAL__DEVICE__ATTITUDE__STATUS__coll_
_graph.pdf Graphic file (type pdf)
<use structmavlink_1_1common_1_1msg_1_1GIMBAL__DEVICE__ATTITUDE__STATUS__coll__
graph.pdf>
Package pdftex.def Info: structmavlink_1_1common_1_1msg_1_1GIMBAL__DEVICE__ATTI
TUDE__STATUS__coll__graph.pdf  used on input line 27.
(pdftex.def)             Requested size: 235.0pt x 178.00185pt.
 [293] [294] [295])
(./structmavlink_1_1common_1_1msg_1_1GIMBAL__DEVICE__INFORMATION.tex <./structm
avlink_1_1common_1_1msg_1_1GIMBAL__DEVICE__INFORMATION__inherit__graph.pdf

pdfTeX warning: pdflatex (file ./structmavlink_1_1common_1_1msg_1_1GIMBAL__DEVI
CE__INFORMATION__inherit__graph.pdf): PDF inclusion: multiple pdfs with page gr
oup included in a single page
>
<structmavlink_1_1common_1_1msg_1_1GIMBAL__DEVICE__INFORMATION__inherit__graph.
pdf, id=18842, 257.96375pt x 167.62625pt>
File: structmavlink_1_1common_1_1msg_1_1GIMBAL__DEVICE__INFORMATION__inherit__g
raph.pdf Graphic file (type pdf)
<use structmavlink_1_1common_1_1msg_1_1GIMBAL__DEVICE__INFORMATION__inherit__gr
aph.pdf>
Package pdftex.def Info: structmavlink_1_1common_1_1msg_1_1GIMBAL__DEVICE__INFO
RMATION__inherit__graph.pdf  used on input line 18.
(pdftex.def)             Requested size: 257.0pt x 167.01451pt.
 <./structmavlink_1_1common_1_1msg_1_1GIMBAL__DEVICE__INFORMATION__coll__graph.
pdf

pdfTeX warning: pdflatex (file ./structmavlink_1_1common_1_1msg_1_1GIMBAL__DEVI
CE__INFORMATION__coll__graph.pdf): PDF inclusion: multiple pdfs with page group
 included in a single page
>
<structmavlink_1_1common_1_1msg_1_1GIMBAL__DEVICE__INFORMATION__coll__graph.pdf
, id=18850, 257.96375pt x 167.62625pt>
File: structmavlink_1_1common_1_1msg_1_1GIMBAL__DEVICE__INFORMATION__coll__grap
h.pdf Graphic file (type pdf)
<use structmavlink_1_1common_1_1msg_1_1GIMBAL__DEVICE__INFORMATION__coll__graph
.pdf>
Package pdftex.def Info: structmavlink_1_1common_1_1msg_1_1GIMBAL__DEVICE__INFO
RMATION__coll__graph.pdf  used on input line 27.
(pdftex.def)             Requested size: 257.0pt x 167.01451pt.
 [296] [297] [298] [299])
(./structmavlink_1_1common_1_1msg_1_1GIMBAL__DEVICE__SET__ATTITUDE.tex <./struc
tmavlink_1_1common_1_1msg_1_1GIMBAL__DEVICE__SET__ATTITUDE__inherit__graph.pdf

pdfTeX warning: pdflatex (file ./structmavlink_1_1common_1_1msg_1_1GIMBAL__DEVI
CE__SET__ATTITUDE__inherit__graph.pdf): PDF inclusion: multiple pdfs with page 
group included in a single page
>
<structmavlink_1_1common_1_1msg_1_1GIMBAL__DEVICE__SET__ATTITUDE__inherit__grap
h.pdf, id=18925, 259.97125pt x 167.62625pt>
File: structmavlink_1_1common_1_1msg_1_1GIMBAL__DEVICE__SET__ATTITUDE__inherit_
_graph.pdf Graphic file (type pdf)
<use structmavlink_1_1common_1_1msg_1_1GIMBAL__DEVICE__SET__ATTITUDE__inherit__
graph.pdf>
Package pdftex.def Info: structmavlink_1_1common_1_1msg_1_1GIMBAL__DEVICE__SET_
_ATTITUDE__inherit__graph.pdf  used on input line 18.
(pdftex.def)             Requested size: 259.0pt x 166.99916pt.
 <./structmavlink_1_1common_1_1msg_1_1GIMBAL__DEVICE__SET__ATTITUDE__coll__grap
h.pdf

pdfTeX warning: pdflatex (file ./structmavlink_1_1common_1_1msg_1_1GIMBAL__DEVI
CE__SET__ATTITUDE__coll__graph.pdf): PDF inclusion: multiple pdfs with page gro
up included in a single page
>
<structmavlink_1_1common_1_1msg_1_1GIMBAL__DEVICE__SET__ATTITUDE__coll__graph.p
df, id=18933, 259.97125pt x 167.62625pt>
File: structmavlink_1_1common_1_1msg_1_1GIMBAL__DEVICE__SET__ATTITUDE__coll__gr
aph.pdf Graphic file (type pdf)
<use structmavlink_1_1common_1_1msg_1_1GIMBAL__DEVICE__SET__ATTITUDE__coll__gra
ph.pdf>
Package pdftex.def Info: structmavlink_1_1common_1_1msg_1_1GIMBAL__DEVICE__SET_
_ATTITUDE__coll__graph.pdf  used on input line 27.
(pdftex.def)             Requested size: 259.0pt x 166.99916pt.
 [300] [301] [302])
(./structmavlink_1_1common_1_1msg_1_1GIMBAL__MANAGER__INFORMATION.tex <./struct
mavlink_1_1common_1_1msg_1_1GIMBAL__MANAGER__INFORMATION__inherit__graph.pdf

pdfTeX warning: pdflatex (file ./structmavlink_1_1common_1_1msg_1_1GIMBAL__MANA
GER__INFORMATION__inherit__graph.pdf): PDF inclusion: multiple pdfs with page g
roup included in a single page
>
<structmavlink_1_1common_1_1msg_1_1GIMBAL__MANAGER__INFORMATION__inherit__graph
.pdf, id=18994, 272.01625pt x 167.62625pt>
File: structmavlink_1_1common_1_1msg_1_1GIMBAL__MANAGER__INFORMATION__inherit__
graph.pdf Graphic file (type pdf)
<use structmavlink_1_1common_1_1msg_1_1GIMBAL__MANAGER__INFORMATION__inherit__g
raph.pdf>
Package pdftex.def Info: structmavlink_1_1common_1_1msg_1_1GIMBAL__MANAGER__INF
ORMATION__inherit__graph.pdf  used on input line 18.
(pdftex.def)             Requested size: 271.0pt x 167.0094pt.
 [303] <./structmavlink_1_1common_1_1msg_1_1GIMBAL__MANAGER__INFORMATION__coll_
_graph.pdf

pdfTeX warning: pdflatex (file ./structmavlink_1_1common_1_1msg_1_1GIMBAL__MANA
GER__INFORMATION__coll__graph.pdf): PDF inclusion: multiple pdfs with page grou
p included in a single page
>
<structmavlink_1_1common_1_1msg_1_1GIMBAL__MANAGER__INFORMATION__coll__graph.pd
f, id=19008, 272.01625pt x 167.62625pt>
File: structmavlink_1_1common_1_1msg_1_1GIMBAL__MANAGER__INFORMATION__coll__gra
ph.pdf Graphic file (type pdf)
<use structmavlink_1_1common_1_1msg_1_1GIMBAL__MANAGER__INFORMATION__coll__grap
h.pdf>
Package pdftex.def Info: structmavlink_1_1common_1_1msg_1_1GIMBAL__MANAGER__INF
ORMATION__coll__graph.pdf  used on input line 27.
(pdftex.def)             Requested size: 271.0pt x 167.0094pt.
 [304] [305])
(./structmavlink_1_1common_1_1msg_1_1GIMBAL__MANAGER__SET__ATTITUDE.tex <./stru
ctmavlink_1_1common_1_1msg_1_1GIMBAL__MANAGER__SET__ATTITUDE__inherit__graph.pd
f

pdfTeX warning: pdflatex (file ./structmavlink_1_1common_1_1msg_1_1GIMBAL__MANA
GER__SET__ATTITUDE__inherit__graph.pdf): PDF inclusion: multiple pdfs with page
 group included in a single page
>
<structmavlink_1_1common_1_1msg_1_1GIMBAL__MANAGER__SET__ATTITUDE__inherit__gra
ph.pdf, id=19065, 220.825pt x 178.6675pt>
File: structmavlink_1_1common_1_1msg_1_1GIMBAL__MANAGER__SET__ATTITUDE__inherit
__graph.pdf Graphic file (type pdf)
<use structmavlink_1_1common_1_1msg_1_1GIMBAL__MANAGER__SET__ATTITUDE__inherit_
_graph.pdf>
Package pdftex.def Info: structmavlink_1_1common_1_1msg_1_1GIMBAL__MANAGER__SET
__ATTITUDE__inherit__graph.pdf  used on input line 18.
(pdftex.def)             Requested size: 220.0pt x 178.0073pt.
 <./structmavlink_1_1common_1_1msg_1_1GIMBAL__MANAGER__SET__ATTITUDE__coll__gra
ph.pdf

pdfTeX warning: pdflatex (file ./structmavlink_1_1common_1_1msg_1_1GIMBAL__MANA
GER__SET__ATTITUDE__coll__graph.pdf): PDF inclusion: multiple pdfs with page gr
oup included in a single page
>
<structmavlink_1_1common_1_1msg_1_1GIMBAL__MANAGER__SET__ATTITUDE__coll__graph.
pdf, id=19073, 220.825pt x 178.6675pt>
File: structmavlink_1_1common_1_1msg_1_1GIMBAL__MANAGER__SET__ATTITUDE__coll__g
raph.pdf Graphic file (type pdf)
<use structmavlink_1_1common_1_1msg_1_1GIMBAL__MANAGER__SET__ATTITUDE__coll__gr
aph.pdf>
Package pdftex.def Info: structmavlink_1_1common_1_1msg_1_1GIMBAL__MANAGER__SET
__ATTITUDE__coll__graph.pdf  used on input line 27.
(pdftex.def)             Requested size: 220.0pt x 178.0073pt.
 [306] [307] [308])
(./structmavlink_1_1common_1_1msg_1_1GIMBAL__MANAGER__SET__MANUAL__CONTROL.tex 
<./structmavlink_1_1common_1_1msg_1_1GIMBAL__MANAGER__SET__MANUAL__CONTROL__inh
erit__graph.pdf

pdfTeX warning: pdflatex (file ./structmavlink_1_1common_1_1msg_1_1GIMBAL__MANA
GER__SET__MANUAL__CONTROL__inherit__graph.pdf): PDF inclusion: multiple pdfs wi
th page group included in a single page
>
<structmavlink_1_1common_1_1msg_1_1GIMBAL__MANAGER__SET__MANUAL__CONTROL__inher
it__graph.pdf, id=19137, 220.825pt x 178.6675pt>
File: structmavlink_1_1common_1_1msg_1_1GIMBAL__MANAGER__SET__MANUAL__CONTROL__
inherit__graph.pdf Graphic file (type pdf)
<use structmavlink_1_1common_1_1msg_1_1GIMBAL__MANAGER__SET__MANUAL__CONTROL__i
nherit__graph.pdf>
Package pdftex.def Info: structmavlink_1_1common_1_1msg_1_1GIMBAL__MANAGER__SET
__MANUAL__CONTROL__inherit__graph.pdf  used on input line 18.
(pdftex.def)             Requested size: 220.0pt x 178.0073pt.
 <./structmavlink_1_1common_1_1msg_1_1GIMBAL__MANAGER__SET__MANUAL__CONTROL__co
ll__graph.pdf

pdfTeX warning: pdflatex (file ./structmavlink_1_1common_1_1msg_1_1GIMBAL__MANA
GER__SET__MANUAL__CONTROL__coll__graph.pdf): PDF inclusion: multiple pdfs with 
page group included in a single page
>
<structmavlink_1_1common_1_1msg_1_1GIMBAL__MANAGER__SET__MANUAL__CONTROL__coll_
_graph.pdf, id=19145, 220.825pt x 178.6675pt>
File: structmavlink_1_1common_1_1msg_1_1GIMBAL__MANAGER__SET__MANUAL__CONTROL__
coll__graph.pdf Graphic file (type pdf)
<use structmavlink_1_1common_1_1msg_1_1GIMBAL__MANAGER__SET__MANUAL__CONTROL__c
oll__graph.pdf>
Package pdftex.def Info: structmavlink_1_1common_1_1msg_1_1GIMBAL__MANAGER__SET
__MANUAL__CONTROL__coll__graph.pdf  used on input line 27.
(pdftex.def)             Requested size: 220.0pt x 178.0073pt.
 [309] [310])
(./structmavlink_1_1common_1_1msg_1_1GIMBAL__MANAGER__SET__PITCHYAW.tex <./stru
ctmavlink_1_1common_1_1msg_1_1GIMBAL__MANAGER__SET__PITCHYAW__inherit__graph.pd
f

pdfTeX warning: pdflatex (file ./structmavlink_1_1common_1_1msg_1_1GIMBAL__MANA
GER__SET__PITCHYAW__inherit__graph.pdf): PDF inclusion: multiple pdfs with page
 group included in a single page
>
<structmavlink_1_1common_1_1msg_1_1GIMBAL__MANAGER__SET__PITCHYAW__inherit__gra
ph.pdf, id=19201, 220.825pt x 178.6675pt>
File: structmavlink_1_1common_1_1msg_1_1GIMBAL__MANAGER__SET__PITCHYAW__inherit
__graph.pdf Graphic file (type pdf)
<use structmavlink_1_1common_1_1msg_1_1GIMBAL__MANAGER__SET__PITCHYAW__inherit_
_graph.pdf>
Package pdftex.def Info: structmavlink_1_1common_1_1msg_1_1GIMBAL__MANAGER__SET
__PITCHYAW__inherit__graph.pdf  used on input line 18.
(pdftex.def)             Requested size: 220.0pt x 178.0073pt.
 [311] <./structmavlink_1_1common_1_1msg_1_1GIMBAL__MANAGER__SET__PITCHYAW__col
l__graph.pdf

pdfTeX warning: pdflatex (file ./structmavlink_1_1common_1_1msg_1_1GIMBAL__MANA
GER__SET__PITCHYAW__coll__graph.pdf): PDF inclusion: multiple pdfs with page gr
oup included in a single page
>
<structmavlink_1_1common_1_1msg_1_1GIMBAL__MANAGER__SET__PITCHYAW__coll__graph.
pdf, id=19216, 220.825pt x 178.6675pt>
File: structmavlink_1_1common_1_1msg_1_1GIMBAL__MANAGER__SET__PITCHYAW__coll__g
raph.pdf Graphic file (type pdf)
<use structmavlink_1_1common_1_1msg_1_1GIMBAL__MANAGER__SET__PITCHYAW__coll__gr
aph.pdf>
Package pdftex.def Info: structmavlink_1_1common_1_1msg_1_1GIMBAL__MANAGER__SET
__PITCHYAW__coll__graph.pdf  used on input line 27.
(pdftex.def)             Requested size: 220.0pt x 178.0073pt.
 [312] [313]) (./structmavlink_1_1common_1_1msg_1_1GIMBAL__MANAGER__STATUS.tex 
<./structmavlink_1_1common_1_1msg_1_1GIMBAL__MANAGER__STATUS__inherit__graph.pd
f

pdfTeX warning: pdflatex (file ./structmavlink_1_1common_1_1msg_1_1GIMBAL__MANA
GER__STATUS__inherit__graph.pdf): PDF inclusion: multiple pdfs with page group 
included in a single page
>
<structmavlink_1_1common_1_1msg_1_1GIMBAL__MANAGER__STATUS__inherit__graph.pdf,
 id=19273, 238.8925pt x 167.62625pt>
File: structmavlink_1_1common_1_1msg_1_1GIMBAL__MANAGER__STATUS__inherit__graph
.pdf Graphic file (type pdf)
<use structmavlink_1_1common_1_1msg_1_1GIMBAL__MANAGER__STATUS__inherit__graph.
pdf>
Package pdftex.def Info: structmavlink_1_1common_1_1msg_1_1GIMBAL__MANAGER__STA
TUS__inherit__graph.pdf  used on input line 18.
(pdftex.def)             Requested size: 238.0pt x 166.99916pt.
 <./structmavlink_1_1common_1_1msg_1_1GIMBAL__MANAGER__STATUS__coll__graph.pdf

pdfTeX warning: pdflatex (file ./structmavlink_1_1common_1_1msg_1_1GIMBAL__MANA
GER__STATUS__coll__graph.pdf): PDF inclusion: multiple pdfs with page group inc
luded in a single page
>
<structmavlink_1_1common_1_1msg_1_1GIMBAL__MANAGER__STATUS__coll__graph.pdf, id
=19281, 238.8925pt x 167.62625pt>
File: structmavlink_1_1common_1_1msg_1_1GIMBAL__MANAGER__STATUS__coll__graph.pd
f Graphic file (type pdf)
<use structmavlink_1_1common_1_1msg_1_1GIMBAL__MANAGER__STATUS__coll__graph.pdf
>
Package pdftex.def Info: structmavlink_1_1common_1_1msg_1_1GIMBAL__MANAGER__STA
TUS__coll__graph.pdf  used on input line 27.
(pdftex.def)             Requested size: 238.0pt x 166.99916pt.
 [314] [315] [316])
(./structmavlink_1_1standard_1_1msg_1_1GLOBAL__POSITION__INT.tex <./structmavli
nk_1_1standard_1_1msg_1_1GLOBAL__POSITION__INT__inherit__graph.pdf

pdfTeX warning: pdflatex (file ./structmavlink_1_1standard_1_1msg_1_1GLOBAL__PO
SITION__INT__inherit__graph.pdf): PDF inclusion: multiple pdfs with page group 
included in a single page
>
<structmavlink_1_1standard_1_1msg_1_1GLOBAL__POSITION__INT__inherit__graph.pdf,
 id=19343, 236.885pt x 167.62625pt>
File: structmavlink_1_1standard_1_1msg_1_1GLOBAL__POSITION__INT__inherit__graph
.pdf Graphic file (type pdf)
<use structmavlink_1_1standard_1_1msg_1_1GLOBAL__POSITION__INT__inherit__graph.
pdf>
Package pdftex.def Info: structmavlink_1_1standard_1_1msg_1_1GLOBAL__POSITION__
INT__inherit__graph.pdf  used on input line 18.
(pdftex.def)             Requested size: 236.0pt x 167.00427pt.
 <./structmavlink_1_1standard_1_1msg_1_1GLOBAL__POSITION__INT__coll__graph.pdf

pdfTeX warning: pdflatex (file ./structmavlink_1_1standard_1_1msg_1_1GLOBAL__PO
SITION__INT__coll__graph.pdf): PDF inclusion: multiple pdfs with page group inc
luded in a single page
>
<structmavlink_1_1standard_1_1msg_1_1GLOBAL__POSITION__INT__coll__graph.pdf, id
=19351, 236.885pt x 167.62625pt>
File: structmavlink_1_1standard_1_1msg_1_1GLOBAL__POSITION__INT__coll__graph.pd
f Graphic file (type pdf)
<use structmavlink_1_1standard_1_1msg_1_1GLOBAL__POSITION__INT__coll__graph.pdf
>
Package pdftex.def Info: structmavlink_1_1standard_1_1msg_1_1GLOBAL__POSITION__
INT__coll__graph.pdf  used on input line 27.
(pdftex.def)             Requested size: 236.0pt x 167.00427pt.
 [317] [318])
(./structmavlink_1_1common_1_1msg_1_1GLOBAL__POSITION__INT__COV.tex <./structma
vlink_1_1common_1_1msg_1_1GLOBAL__POSITION__INT__COV__inherit__graph.pdf

pdfTeX warning: pdflatex (file ./structmavlink_1_1common_1_1msg_1_1GLOBAL__POSI
TION__INT__COV__inherit__graph.pdf): PDF inclusion: multiple pdfs with page gro
up included in a single page
>
<structmavlink_1_1common_1_1msg_1_1GLOBAL__POSITION__INT__COV__inherit__graph.p
df, id=19408, 241.90375pt x 167.62625pt>
File: structmavlink_1_1common_1_1msg_1_1GLOBAL__POSITION__INT__COV__inherit__gr
aph.pdf Graphic file (type pdf)
<use structmavlink_1_1common_1_1msg_1_1GLOBAL__POSITION__INT__COV__inherit__gra
ph.pdf>
Package pdftex.def Info: structmavlink_1_1common_1_1msg_1_1GLOBAL__POSITION__IN
T__COV__inherit__graph.pdf  used on input line 18.
(pdftex.def)             Requested size: 241.0pt x 167.00684pt.
 [319] <./structmavlink_1_1common_1_1msg_1_1GLOBAL__POSITION__INT__COV__coll__g
raph.pdf

pdfTeX warning: pdflatex (file ./structmavlink_1_1common_1_1msg_1_1GLOBAL__POSI
TION__INT__COV__coll__graph.pdf): PDF inclusion: multiple pdfs with page group 
included in a single page
>
<structmavlink_1_1common_1_1msg_1_1GLOBAL__POSITION__INT__COV__coll__graph.pdf,
 id=19424, 241.90375pt x 167.62625pt>
File: structmavlink_1_1common_1_1msg_1_1GLOBAL__POSITION__INT__COV__coll__graph
.pdf Graphic file (type pdf)
<use structmavlink_1_1common_1_1msg_1_1GLOBAL__POSITION__INT__COV__coll__graph.
pdf>
Package pdftex.def Info: structmavlink_1_1common_1_1msg_1_1GLOBAL__POSITION__IN
T__COV__coll__graph.pdf  used on input line 27.
(pdftex.def)             Requested size: 241.0pt x 167.00684pt.
 [320] [321])
(./structmavlink_1_1common_1_1msg_1_1GLOBAL__VISION__POSITION__ESTIMATE.tex <./
structmavlink_1_1common_1_1msg_1_1GLOBAL__VISION__POSITION__ESTIMATE__inherit__
graph.pdf

pdfTeX warning: pdflatex (file ./structmavlink_1_1common_1_1msg_1_1GLOBAL__VISI
ON__POSITION__ESTIMATE__inherit__graph.pdf): PDF inclusion: multiple pdfs with 
page group included in a single page
>
<structmavlink_1_1common_1_1msg_1_1GLOBAL__VISION__POSITION__ESTIMATE__inherit_
_graph.pdf, id=19482, 232.87pt x 178.6675pt>
File: structmavlink_1_1common_1_1msg_1_1GLOBAL__VISION__POSITION__ESTIMATE__inh
erit__graph.pdf Graphic file (type pdf)
<use structmavlink_1_1common_1_1msg_1_1GLOBAL__VISION__POSITION__ESTIMATE__inhe
rit__graph.pdf>
Package pdftex.def Info: structmavlink_1_1common_1_1msg_1_1GLOBAL__VISION__POSI
TION__ESTIMATE__inherit__graph.pdf  used on input line 18.
(pdftex.def)             Requested size: 232.0pt x 178.0073pt.
 <./structmavlink_1_1common_1_1msg_1_1GLOBAL__VISION__POSITION__ESTIMATE__coll_
_graph.pdf

pdfTeX warning: pdflatex (file ./structmavlink_1_1common_1_1msg_1_1GLOBAL__VISI
ON__POSITION__ESTIMATE__coll__graph.pdf): PDF inclusion: multiple pdfs with pag
e group included in a single page
>
<structmavlink_1_1common_1_1msg_1_1GLOBAL__VISION__POSITION__ESTIMATE__coll__gr
aph.pdf, id=19490, 232.87pt x 178.6675pt>
File: structmavlink_1_1common_1_1msg_1_1GLOBAL__VISION__POSITION__ESTIMATE__col
l__graph.pdf Graphic file (type pdf)
<use structmavlink_1_1common_1_1msg_1_1GLOBAL__VISION__POSITION__ESTIMATE__coll
__graph.pdf>
Package pdftex.def Info: structmavlink_1_1common_1_1msg_1_1GLOBAL__VISION__POSI
TION__ESTIMATE__coll__graph.pdf  used on input line 27.
(pdftex.def)             Requested size: 232.0pt x 178.0073pt.
 [322] [323] [324]) (./structmavlink_1_1common_1_1msg_1_1GPS2__RAW.tex <./struc
tmavlink_1_1common_1_1msg_1_1GPS2__RAW__inherit__graph.pdf

pdfTeX warning: pdflatex (file ./structmavlink_1_1common_1_1msg_1_1GPS2__RAW__i
nherit__graph.pdf): PDF inclusion: multiple pdfs with page group included in a 
single page
>
<structmavlink_1_1common_1_1msg_1_1GPS2__RAW__inherit__graph.pdf, id=19555, 212
.795pt x 167.62625pt>
File: structmavlink_1_1common_1_1msg_1_1GPS2__RAW__inherit__graph.pdf Graphic f
ile (type pdf)
<use structmavlink_1_1common_1_1msg_1_1GPS2__RAW__inherit__graph.pdf>
Package pdftex.def Info: structmavlink_1_1common_1_1msg_1_1GPS2__RAW__inherit__
graph.pdf  used on input line 18.
(pdftex.def)             Requested size: 212.0pt x 167.0094pt.
 <./structmavlink_1_1common_1_1msg_1_1GPS2__RAW__coll__graph.pdf

pdfTeX warning: pdflatex (file ./structmavlink_1_1common_1_1msg_1_1GPS2__RAW__c
oll__graph.pdf): PDF inclusion: multiple pdfs with page group included in a sin
gle page
>
<structmavlink_1_1common_1_1msg_1_1GPS2__RAW__coll__graph.pdf, id=19563, 212.79
5pt x 167.62625pt>
File: structmavlink_1_1common_1_1msg_1_1GPS2__RAW__coll__graph.pdf Graphic file
 (type pdf)
<use structmavlink_1_1common_1_1msg_1_1GPS2__RAW__coll__graph.pdf>
Package pdftex.def Info: structmavlink_1_1common_1_1msg_1_1GPS2__RAW__coll__gra
ph.pdf  used on input line 27.
(pdftex.def)             Requested size: 212.0pt x 167.0094pt.
 [325] [326]) (./structmavlink_1_1common_1_1msg_1_1GPS2__RTK.tex [327] <./struc
tmavlink_1_1common_1_1msg_1_1GPS2__RTK__inherit__graph.pdf

pdfTeX warning: pdflatex (file ./structmavlink_1_1common_1_1msg_1_1GPS2__RTK__i
nherit__graph.pdf): PDF inclusion: multiple pdfs with page group included in a 
single page
>
<structmavlink_1_1common_1_1msg_1_1GPS2__RTK__inherit__graph.pdf, id=19636, 212
.795pt x 167.62625pt>
File: structmavlink_1_1common_1_1msg_1_1GPS2__RTK__inherit__graph.pdf Graphic f
ile (type pdf)
<use structmavlink_1_1common_1_1msg_1_1GPS2__RTK__inherit__graph.pdf>
Package pdftex.def Info: structmavlink_1_1common_1_1msg_1_1GPS2__RTK__inherit__
graph.pdf  used on input line 18.
(pdftex.def)             Requested size: 212.0pt x 167.0094pt.
 <./structmavlink_1_1common_1_1msg_1_1GPS2__RTK__coll__graph.pdf

pdfTeX warning: pdflatex (file ./structmavlink_1_1common_1_1msg_1_1GPS2__RTK__c
oll__graph.pdf): PDF inclusion: multiple pdfs with page group included in a sin
gle page
>
<structmavlink_1_1common_1_1msg_1_1GPS2__RTK__coll__graph.pdf, id=19644, 212.79
5pt x 167.62625pt>
File: structmavlink_1_1common_1_1msg_1_1GPS2__RTK__coll__graph.pdf Graphic file
 (type pdf)
<use structmavlink_1_1common_1_1msg_1_1GPS2__RTK__coll__graph.pdf>
Package pdftex.def Info: structmavlink_1_1common_1_1msg_1_1GPS2__RTK__coll__gra
ph.pdf  used on input line 27.
(pdftex.def)             Requested size: 212.0pt x 167.0094pt.
 [328] [329]) (./structmavlink_1_1common_1_1msg_1_1GPS__GLOBAL__ORIGIN.tex <./s
tructmavlink_1_1common_1_1msg_1_1GPS__GLOBAL__ORIGIN__inherit__graph.pdf

pdfTeX warning: pdflatex (file ./structmavlink_1_1common_1_1msg_1_1GPS__GLOBAL_
_ORIGIN__inherit__graph.pdf): PDF inclusion: multiple pdfs with page group incl
uded in a single page
>
<structmavlink_1_1common_1_1msg_1_1GPS__GLOBAL__ORIGIN__inherit__graph.pdf, id=
19705, 212.795pt x 167.62625pt>
File: structmavlink_1_1common_1_1msg_1_1GPS__GLOBAL__ORIGIN__inherit__graph.pdf
 Graphic file (type pdf)
<use structmavlink_1_1common_1_1msg_1_1GPS__GLOBAL__ORIGIN__inherit__graph.pdf>

Package pdftex.def Info: structmavlink_1_1common_1_1msg_1_1GPS__GLOBAL__ORIGIN_
_inherit__graph.pdf  used on input line 18.
(pdftex.def)             Requested size: 212.0pt x 167.0094pt.
 <./structmavlink_1_1common_1_1msg_1_1GPS__GLOBAL__ORIGIN__coll__graph.pdf

pdfTeX warning: pdflatex (file ./structmavlink_1_1common_1_1msg_1_1GPS__GLOBAL_
_ORIGIN__coll__graph.pdf): PDF inclusion: multiple pdfs with page group include
d in a single page
>
<structmavlink_1_1common_1_1msg_1_1GPS__GLOBAL__ORIGIN__coll__graph.pdf, id=197
13, 212.795pt x 167.62625pt>
File: structmavlink_1_1common_1_1msg_1_1GPS__GLOBAL__ORIGIN__coll__graph.pdf Gr
aphic file (type pdf)
<use structmavlink_1_1common_1_1msg_1_1GPS__GLOBAL__ORIGIN__coll__graph.pdf>
Package pdftex.def Info: structmavlink_1_1common_1_1msg_1_1GPS__GLOBAL__ORIGIN_
_coll__graph.pdf  used on input line 27.
(pdftex.def)             Requested size: 212.0pt x 167.0094pt.
 [330] [331]) (./structmavlink_1_1common_1_1msg_1_1GPS__INJECT__DATA.tex
[332] <./structmavlink_1_1common_1_1msg_1_1GPS__INJECT__DATA__inherit__graph.pd
f

pdfTeX warning: pdflatex (file ./structmavlink_1_1common_1_1msg_1_1GPS__INJECT_
_DATA__inherit__graph.pdf): PDF inclusion: multiple pdfs with page group includ
ed in a single page
>
<structmavlink_1_1common_1_1msg_1_1GPS__INJECT__DATA__inherit__graph.pdf, id=19
775, 212.795pt x 167.62625pt>
File: structmavlink_1_1common_1_1msg_1_1GPS__INJECT__DATA__inherit__graph.pdf G
raphic file (type pdf)
<use structmavlink_1_1common_1_1msg_1_1GPS__INJECT__DATA__inherit__graph.pdf>
Package pdftex.def Info: structmavlink_1_1common_1_1msg_1_1GPS__INJECT__DATA__i
nherit__graph.pdf  used on input line 18.
(pdftex.def)             Requested size: 212.0pt x 167.0094pt.
 <./structmavlink_1_1common_1_1msg_1_1GPS__INJECT__DATA__coll__graph.pdf

pdfTeX warning: pdflatex (file ./structmavlink_1_1common_1_1msg_1_1GPS__INJECT_
_DATA__coll__graph.pdf): PDF inclusion: multiple pdfs with page group included 
in a single page
>
<structmavlink_1_1common_1_1msg_1_1GPS__INJECT__DATA__coll__graph.pdf, id=19783
, 212.795pt x 167.62625pt>
File: structmavlink_1_1common_1_1msg_1_1GPS__INJECT__DATA__coll__graph.pdf Grap
hic file (type pdf)
<use structmavlink_1_1common_1_1msg_1_1GPS__INJECT__DATA__coll__graph.pdf>
Package pdftex.def Info: structmavlink_1_1common_1_1msg_1_1GPS__INJECT__DATA__c
oll__graph.pdf  used on input line 27.
(pdftex.def)             Requested size: 212.0pt x 167.0094pt.
 [333] [334]) (./structmavlink_1_1common_1_1msg_1_1GPS__INPUT.tex <./structmavl
ink_1_1common_1_1msg_1_1GPS__INPUT__inherit__graph.pdf

pdfTeX warning: pdflatex (file ./structmavlink_1_1common_1_1msg_1_1GPS__INPUT__
inherit__graph.pdf): PDF inclusion: multiple pdfs with page group included in a
 single page
>
<structmavlink_1_1common_1_1msg_1_1GPS__INPUT__inherit__graph.pdf, id=19836, 21
2.795pt x 167.62625pt>
File: structmavlink_1_1common_1_1msg_1_1GPS__INPUT__inherit__graph.pdf Graphic 
file (type pdf)
<use structmavlink_1_1common_1_1msg_1_1GPS__INPUT__inherit__graph.pdf>
Package pdftex.def Info: structmavlink_1_1common_1_1msg_1_1GPS__INPUT__inherit_
_graph.pdf  used on input line 18.
(pdftex.def)             Requested size: 212.0pt x 167.0094pt.
 <./structmavlink_1_1common_1_1msg_1_1GPS__INPUT__coll__graph.pdf

pdfTeX warning: pdflatex (file ./structmavlink_1_1common_1_1msg_1_1GPS__INPUT__
coll__graph.pdf): PDF inclusion: multiple pdfs with page group included in a si
ngle page
>
<structmavlink_1_1common_1_1msg_1_1GPS__INPUT__coll__graph.pdf, id=19844, 212.7
95pt x 167.62625pt>
File: structmavlink_1_1common_1_1msg_1_1GPS__INPUT__coll__graph.pdf Graphic fil
e (type pdf)
<use structmavlink_1_1common_1_1msg_1_1GPS__INPUT__coll__graph.pdf>
Package pdftex.def Info: structmavlink_1_1common_1_1msg_1_1GPS__INPUT__coll__gr
aph.pdf  used on input line 27.
(pdftex.def)             Requested size: 212.0pt x 167.0094pt.
 [335] [336]) (./structmavlink_1_1common_1_1msg_1_1GPS__RAW__INT.tex [337] <./s
tructmavlink_1_1common_1_1msg_1_1GPS__RAW__INT__inherit__graph.pdf

pdfTeX warning: pdflatex (file ./structmavlink_1_1common_1_1msg_1_1GPS__RAW__IN
T__inherit__graph.pdf): PDF inclusion: multiple pdfs with page group included i
n a single page
>
<structmavlink_1_1common_1_1msg_1_1GPS__RAW__INT__inherit__graph.pdf, id=19918,
 212.795pt x 167.62625pt>
File: structmavlink_1_1common_1_1msg_1_1GPS__RAW__INT__inherit__graph.pdf Graph
ic file (type pdf)
<use structmavlink_1_1common_1_1msg_1_1GPS__RAW__INT__inherit__graph.pdf>
Package pdftex.def Info: structmavlink_1_1common_1_1msg_1_1GPS__RAW__INT__inher
it__graph.pdf  used on input line 18.
(pdftex.def)             Requested size: 212.0pt x 167.0094pt.
 <./structmavlink_1_1common_1_1msg_1_1GPS__RAW__INT__coll__graph.pdf

pdfTeX warning: pdflatex (file ./structmavlink_1_1common_1_1msg_1_1GPS__RAW__IN
T__coll__graph.pdf): PDF inclusion: multiple pdfs with page group included in a
 single page
>
<structmavlink_1_1common_1_1msg_1_1GPS__RAW__INT__coll__graph.pdf, id=19926, 21
2.795pt x 167.62625pt>
File: structmavlink_1_1common_1_1msg_1_1GPS__RAW__INT__coll__graph.pdf Graphic 
file (type pdf)
<use structmavlink_1_1common_1_1msg_1_1GPS__RAW__INT__coll__graph.pdf>
Package pdftex.def Info: structmavlink_1_1common_1_1msg_1_1GPS__RAW__INT__coll_
_graph.pdf  used on input line 27.
(pdftex.def)             Requested size: 212.0pt x 167.0094pt.
 [338] [339]) (./structmavlink_1_1common_1_1msg_1_1GPS__RTCM__DATA.tex <./struc
tmavlink_1_1common_1_1msg_1_1GPS__RTCM__DATA__inherit__graph.pdf

pdfTeX warning: pdflatex (file ./structmavlink_1_1common_1_1msg_1_1GPS__RTCM__D
ATA__inherit__graph.pdf): PDF inclusion: multiple pdfs with page group included
 in a single page
>
<structmavlink_1_1common_1_1msg_1_1GPS__RTCM__DATA__inherit__graph.pdf, id=1999
1, 212.795pt x 167.62625pt>
File: structmavlink_1_1common_1_1msg_1_1GPS__RTCM__DATA__inherit__graph.pdf Gra
phic file (type pdf)
<use structmavlink_1_1common_1_1msg_1_1GPS__RTCM__DATA__inherit__graph.pdf>
Package pdftex.def Info: structmavlink_1_1common_1_1msg_1_1GPS__RTCM__DATA__inh
erit__graph.pdf  used on input line 18.
(pdftex.def)             Requested size: 212.0pt x 167.0094pt.
 [340] <./structmavlink_1_1common_1_1msg_1_1GPS__RTCM__DATA__coll__graph.pdf

pdfTeX warning: pdflatex (file ./structmavlink_1_1common_1_1msg_1_1GPS__RTCM__D
ATA__coll__graph.pdf): PDF inclusion: multiple pdfs with page group included in
 a single page
>
<structmavlink_1_1common_1_1msg_1_1GPS__RTCM__DATA__coll__graph.pdf, id=20004, 
212.795pt x 167.62625pt>
File: structmavlink_1_1common_1_1msg_1_1GPS__RTCM__DATA__coll__graph.pdf Graphi
c file (type pdf)
<use structmavlink_1_1common_1_1msg_1_1GPS__RTCM__DATA__coll__graph.pdf>
Package pdftex.def Info: structmavlink_1_1common_1_1msg_1_1GPS__RTCM__DATA__col
l__graph.pdf  used on input line 27.
(pdftex.def)             Requested size: 212.0pt x 167.0094pt.
 [341] [342]) (./structmavlink_1_1common_1_1msg_1_1GPS__RTK.tex <./structmavlin
k_1_1common_1_1msg_1_1GPS__RTK__inherit__graph.pdf

pdfTeX warning: pdflatex (file ./structmavlink_1_1common_1_1msg_1_1GPS__RTK__in
herit__graph.pdf): PDF inclusion: multiple pdfs with page group included in a s
ingle page
>
<structmavlink_1_1common_1_1msg_1_1GPS__RTK__inherit__graph.pdf, id=20056, 212.
795pt x 167.62625pt>
File: structmavlink_1_1common_1_1msg_1_1GPS__RTK__inherit__graph.pdf Graphic fi
le (type pdf)
<use structmavlink_1_1common_1_1msg_1_1GPS__RTK__inherit__graph.pdf>
Package pdftex.def Info: structmavlink_1_1common_1_1msg_1_1GPS__RTK__inherit__g
raph.pdf  used on input line 18.
(pdftex.def)             Requested size: 212.0pt x 167.0094pt.
 <./structmavlink_1_1common_1_1msg_1_1GPS__RTK__coll__graph.pdf

pdfTeX warning: pdflatex (file ./structmavlink_1_1common_1_1msg_1_1GPS__RTK__co
ll__graph.pdf): PDF inclusion: multiple pdfs with page group included in a sing
le page
>
<structmavlink_1_1common_1_1msg_1_1GPS__RTK__coll__graph.pdf, id=20064, 212.795
pt x 167.62625pt>
File: structmavlink_1_1common_1_1msg_1_1GPS__RTK__coll__graph.pdf Graphic file 
(type pdf)
<use structmavlink_1_1common_1_1msg_1_1GPS__RTK__coll__graph.pdf>
Package pdftex.def Info: structmavlink_1_1common_1_1msg_1_1GPS__RTK__coll__grap
h.pdf  used on input line 27.
(pdftex.def)             Requested size: 212.0pt x 167.0094pt.
 [343] [344]) (./structmavlink_1_1common_1_1msg_1_1GPS__STATUS.tex <./structmav
link_1_1common_1_1msg_1_1GPS__STATUS__inherit__graph.pdf

pdfTeX warning: pdflatex (file ./structmavlink_1_1common_1_1msg_1_1GPS__STATUS_
_inherit__graph.pdf): PDF inclusion: multiple pdfs with page group included in 
a single page
>
<structmavlink_1_1common_1_1msg_1_1GPS__STATUS__inherit__graph.pdf, id=20126, 2
12.795pt x 167.62625pt>
File: structmavlink_1_1common_1_1msg_1_1GPS__STATUS__inherit__graph.pdf Graphic
 file (type pdf)
<use structmavlink_1_1common_1_1msg_1_1GPS__STATUS__inherit__graph.pdf>
Package pdftex.def Info: structmavlink_1_1common_1_1msg_1_1GPS__STATUS__inherit
__graph.pdf  used on input line 18.
(pdftex.def)             Requested size: 212.0pt x 167.0094pt.
 [345] <./structmavlink_1_1common_1_1msg_1_1GPS__STATUS__coll__graph.pdf

pdfTeX warning: pdflatex (file ./structmavlink_1_1common_1_1msg_1_1GPS__STATUS_
_coll__graph.pdf): PDF inclusion: multiple pdfs with page group included in a s
ingle page
>
<structmavlink_1_1common_1_1msg_1_1GPS__STATUS__coll__graph.pdf, id=20140, 212.
795pt x 167.62625pt>
File: structmavlink_1_1common_1_1msg_1_1GPS__STATUS__coll__graph.pdf Graphic fi
le (type pdf)
<use structmavlink_1_1common_1_1msg_1_1GPS__STATUS__coll__graph.pdf>
Package pdftex.def Info: structmavlink_1_1common_1_1msg_1_1GPS__STATUS__coll__g
raph.pdf  used on input line 27.
(pdftex.def)             Requested size: 212.0pt x 167.0094pt.
 [346] [347] [348]) (./structHC__ATLAS__ARM__DISARM__CMD.tex)
(./structHC__ATLAS__HEARTBEAT__BC.tex)
(./structHC__ATLAS__MANUAL__CONTROL__BC.tex)
(./structHC__ATLAS__TIMESYNC__REQ.tex [349]) (./structHC__RADIO__STATUS.tex)
(./structmavlink_1_1minimal_1_1msg_1_1HEARTBEAT.tex <./structmavlink_1_1minimal
_1_1msg_1_1HEARTBEAT__inherit__graph.pdf

pdfTeX warning: pdflatex (file ./structmavlink_1_1minimal_1_1msg_1_1HEARTBEAT__
inherit__graph.pdf): PDF inclusion: multiple pdfs with page group included in a
 single page
>
<structmavlink_1_1minimal_1_1msg_1_1HEARTBEAT__inherit__graph.pdf, id=20225, 21
0.7875pt x 167.62625pt>
File: structmavlink_1_1minimal_1_1msg_1_1HEARTBEAT__inherit__graph.pdf Graphic 
file (type pdf)
<use structmavlink_1_1minimal_1_1msg_1_1HEARTBEAT__inherit__graph.pdf>
Package pdftex.def Info: structmavlink_1_1minimal_1_1msg_1_1HEARTBEAT__inherit_
_graph.pdf  used on input line 18.
(pdftex.def)             Requested size: 210.0pt x 167.00427pt.
 <./structmavlink_1_1minimal_1_1msg_1_1HEARTBEAT__coll__graph.pdf

pdfTeX warning: pdflatex (file ./structmavlink_1_1minimal_1_1msg_1_1HEARTBEAT__
coll__graph.pdf): PDF inclusion: multiple pdfs with page group included in a si
ngle page
>
<structmavlink_1_1minimal_1_1msg_1_1HEARTBEAT__coll__graph.pdf, id=20233, 210.7
875pt x 167.62625pt>
File: structmavlink_1_1minimal_1_1msg_1_1HEARTBEAT__coll__graph.pdf Graphic fil
e (type pdf)
<use structmavlink_1_1minimal_1_1msg_1_1HEARTBEAT__coll__graph.pdf>
Package pdftex.def Info: structmavlink_1_1minimal_1_1msg_1_1HEARTBEAT__coll__gr
aph.pdf  used on input line 27.
(pdftex.def)             Requested size: 210.0pt x 167.00427pt.
 [350] [351] [352]) (./structmavlink_1_1common_1_1msg_1_1HIGH__LATENCY.tex <./s
tructmavlink_1_1common_1_1msg_1_1HIGH__LATENCY__inherit__graph.pdf

pdfTeX warning: pdflatex (file ./structmavlink_1_1common_1_1msg_1_1HIGH__LATENC
Y__inherit__graph.pdf): PDF inclusion: multiple pdfs with page group included i
n a single page
>
<structmavlink_1_1common_1_1msg_1_1HIGH__LATENCY__inherit__graph.pdf, id=20308,
 212.795pt x 167.62625pt>
File: structmavlink_1_1common_1_1msg_1_1HIGH__LATENCY__inherit__graph.pdf Graph
ic file (type pdf)
<use structmavlink_1_1common_1_1msg_1_1HIGH__LATENCY__inherit__graph.pdf>
Package pdftex.def Info: structmavlink_1_1common_1_1msg_1_1HIGH__LATENCY__inher
it__graph.pdf  used on input line 18.
(pdftex.def)             Requested size: 212.0pt x 167.0094pt.
 <./structmavlink_1_1common_1_1msg_1_1HIGH__LATENCY__coll__graph.pdf

pdfTeX warning: pdflatex (file ./structmavlink_1_1common_1_1msg_1_1HIGH__LATENC
Y__coll__graph.pdf): PDF inclusion: multiple pdfs with page group included in a
 single page
>
<structmavlink_1_1common_1_1msg_1_1HIGH__LATENCY__coll__graph.pdf, id=20316, 21
2.795pt x 167.62625pt>
File: structmavlink_1_1common_1_1msg_1_1HIGH__LATENCY__coll__graph.pdf Graphic 
file (type pdf)
<use structmavlink_1_1common_1_1msg_1_1HIGH__LATENCY__coll__graph.pdf>
Package pdftex.def Info: structmavlink_1_1common_1_1msg_1_1HIGH__LATENCY__coll_
_graph.pdf  used on input line 27.
(pdftex.def)             Requested size: 212.0pt x 167.0094pt.
 [353] [354]) (./structmavlink_1_1common_1_1msg_1_1HIGH__LATENCY2.tex [355] <./
structmavlink_1_1common_1_1msg_1_1HIGH__LATENCY2__inherit__graph.pdf

pdfTeX warning: pdflatex (file ./structmavlink_1_1common_1_1msg_1_1HIGH__LATENC
Y2__inherit__graph.pdf): PDF inclusion: multiple pdfs with page group included 
in a single page
>
<structmavlink_1_1common_1_1msg_1_1HIGH__LATENCY2__inherit__graph.pdf, id=20397
, 212.795pt x 167.62625pt>
File: structmavlink_1_1common_1_1msg_1_1HIGH__LATENCY2__inherit__graph.pdf Grap
hic file (type pdf)
<use structmavlink_1_1common_1_1msg_1_1HIGH__LATENCY2__inherit__graph.pdf>
Package pdftex.def Info: structmavlink_1_1common_1_1msg_1_1HIGH__LATENCY2__inhe
rit__graph.pdf  used on input line 18.
(pdftex.def)             Requested size: 212.0pt x 167.0094pt.
 <./structmavlink_1_1common_1_1msg_1_1HIGH__LATENCY2__coll__graph.pdf

pdfTeX warning: pdflatex (file ./structmavlink_1_1common_1_1msg_1_1HIGH__LATENC
Y2__coll__graph.pdf): PDF inclusion: multiple pdfs with page group included in 
a single page
>
<structmavlink_1_1common_1_1msg_1_1HIGH__LATENCY2__coll__graph.pdf, id=20405, 2
12.795pt x 167.62625pt>
File: structmavlink_1_1common_1_1msg_1_1HIGH__LATENCY2__coll__graph.pdf Graphic
 file (type pdf)
<use structmavlink_1_1common_1_1msg_1_1HIGH__LATENCY2__coll__graph.pdf>
Package pdftex.def Info: structmavlink_1_1common_1_1msg_1_1HIGH__LATENCY2__coll
__graph.pdf  used on input line 27.
(pdftex.def)             Requested size: 212.0pt x 167.0094pt.
 [356] [357]) (./structmavlink_1_1common_1_1msg_1_1HIGHRES__IMU.tex <./structma
vlink_1_1common_1_1msg_1_1HIGHRES__IMU__inherit__graph.pdf

pdfTeX warning: pdflatex (file ./structmavlink_1_1common_1_1msg_1_1HIGHRES__IMU
__inherit__graph.pdf): PDF inclusion: multiple pdfs with page group included in
 a single page
>
<structmavlink_1_1common_1_1msg_1_1HIGHRES__IMU__inherit__graph.pdf, id=20481, 
212.795pt x 167.62625pt>
File: structmavlink_1_1common_1_1msg_1_1HIGHRES__IMU__inherit__graph.pdf Graphi
c file (type pdf)
<use structmavlink_1_1common_1_1msg_1_1HIGHRES__IMU__inherit__graph.pdf>
Package pdftex.def Info: structmavlink_1_1common_1_1msg_1_1HIGHRES__IMU__inheri
t__graph.pdf  used on input line 18.
(pdftex.def)             Requested size: 212.0pt x 167.0094pt.
 [358] <./structmavlink_1_1common_1_1msg_1_1HIGHRES__IMU__coll__graph.pdf

pdfTeX warning: pdflatex (file ./structmavlink_1_1common_1_1msg_1_1HIGHRES__IMU
__coll__graph.pdf): PDF inclusion: multiple pdfs with page group included in a 
single page
>
<structmavlink_1_1common_1_1msg_1_1HIGHRES__IMU__coll__graph.pdf, id=20495, 212
.795pt x 167.62625pt>
File: structmavlink_1_1common_1_1msg_1_1HIGHRES__IMU__coll__graph.pdf Graphic f
ile (type pdf)
<use structmavlink_1_1common_1_1msg_1_1HIGHRES__IMU__coll__graph.pdf>
Package pdftex.def Info: structmavlink_1_1common_1_1msg_1_1HIGHRES__IMU__coll__
graph.pdf  used on input line 27.
(pdftex.def)             Requested size: 212.0pt x 167.0094pt.
 [359] [360]) (./structmavlink_1_1common_1_1msg_1_1HIL__ACTUATOR__CONTROLS.tex 
<./structmavlink_1_1common_1_1msg_1_1HIL__ACTUATOR__CONTROLS__inherit__graph.pd
f

pdfTeX warning: pdflatex (file ./structmavlink_1_1common_1_1msg_1_1HIL__ACTUATO
R__CONTROLS__inherit__graph.pdf): PDF inclusion: multiple pdfs with page group 
included in a single page
>
<structmavlink_1_1common_1_1msg_1_1HIL__ACTUATOR__CONTROLS__inherit__graph.pdf,
 id=20559, 235.88126pt x 167.62625pt>
File: structmavlink_1_1common_1_1msg_1_1HIL__ACTUATOR__CONTROLS__inherit__graph
.pdf Graphic file (type pdf)
<use structmavlink_1_1common_1_1msg_1_1HIL__ACTUATOR__CONTROLS__inherit__graph.
pdf>
Package pdftex.def Info: structmavlink_1_1common_1_1msg_1_1HIL__ACTUATOR__CONTR
OLS__inherit__graph.pdf  used on input line 18.
(pdftex.def)             Requested size: 235.0pt x 167.00172pt.
 <./structmavlink_1_1common_1_1msg_1_1HIL__ACTUATOR__CONTROLS__coll__graph.pdf

pdfTeX warning: pdflatex (file ./structmavlink_1_1common_1_1msg_1_1HIL__ACTUATO
R__CONTROLS__coll__graph.pdf): PDF inclusion: multiple pdfs with page group inc
luded in a single page
>
<structmavlink_1_1common_1_1msg_1_1HIL__ACTUATOR__CONTROLS__coll__graph.pdf, id
=20567, 235.88126pt x 167.62625pt>
File: structmavlink_1_1common_1_1msg_1_1HIL__ACTUATOR__CONTROLS__coll__graph.pd
f Graphic file (type pdf)
<use structmavlink_1_1common_1_1msg_1_1HIL__ACTUATOR__CONTROLS__coll__graph.pdf
>
Package pdftex.def Info: structmavlink_1_1common_1_1msg_1_1HIL__ACTUATOR__CONTR
OLS__coll__graph.pdf  used on input line 27.
(pdftex.def)             Requested size: 235.0pt x 167.00172pt.
 [361] [362]) (./structmavlink_1_1common_1_1msg_1_1HIL__CONTROLS.tex [363] <./s
tructmavlink_1_1common_1_1msg_1_1HIL__CONTROLS__inherit__graph.pdf

pdfTeX warning: pdflatex (file ./structmavlink_1_1common_1_1msg_1_1HIL__CONTROL
S__inherit__graph.pdf): PDF inclusion: multiple pdfs with page group included i
n a single page
>
<structmavlink_1_1common_1_1msg_1_1HIL__CONTROLS__inherit__graph.pdf, id=20629,
 212.795pt x 167.62625pt>
File: structmavlink_1_1common_1_1msg_1_1HIL__CONTROLS__inherit__graph.pdf Graph
ic file (type pdf)
<use structmavlink_1_1common_1_1msg_1_1HIL__CONTROLS__inherit__graph.pdf>
Package pdftex.def Info: structmavlink_1_1common_1_1msg_1_1HIL__CONTROLS__inher
it__graph.pdf  used on input line 18.
(pdftex.def)             Requested size: 212.0pt x 167.0094pt.
 <./structmavlink_1_1common_1_1msg_1_1HIL__CONTROLS__coll__graph.pdf

pdfTeX warning: pdflatex (file ./structmavlink_1_1common_1_1msg_1_1HIL__CONTROL
S__coll__graph.pdf): PDF inclusion: multiple pdfs with page group included in a
 single page
>
<structmavlink_1_1common_1_1msg_1_1HIL__CONTROLS__coll__graph.pdf, id=20637, 21
2.795pt x 167.62625pt>
File: structmavlink_1_1common_1_1msg_1_1HIL__CONTROLS__coll__graph.pdf Graphic 
file (type pdf)
<use structmavlink_1_1common_1_1msg_1_1HIL__CONTROLS__coll__graph.pdf>
Package pdftex.def Info: structmavlink_1_1common_1_1msg_1_1HIL__CONTROLS__coll_
_graph.pdf  used on input line 27.
(pdftex.def)             Requested size: 212.0pt x 167.0094pt.
 [364] [365]) (./structmavlink_1_1common_1_1msg_1_1HIL__GPS.tex <./structmavlin
k_1_1common_1_1msg_1_1HIL__GPS__inherit__graph.pdf

pdfTeX warning: pdflatex (file ./structmavlink_1_1common_1_1msg_1_1HIL__GPS__in
herit__graph.pdf): PDF inclusion: multiple pdfs with page group included in a s
ingle page
>
<structmavlink_1_1common_1_1msg_1_1HIL__GPS__inherit__graph.pdf, id=20698, 212.
795pt x 167.62625pt>
File: structmavlink_1_1common_1_1msg_1_1HIL__GPS__inherit__graph.pdf Graphic fi
le (type pdf)
<use structmavlink_1_1common_1_1msg_1_1HIL__GPS__inherit__graph.pdf>
Package pdftex.def Info: structmavlink_1_1common_1_1msg_1_1HIL__GPS__inherit__g
raph.pdf  used on input line 18.
(pdftex.def)             Requested size: 212.0pt x 167.0094pt.
 <./structmavlink_1_1common_1_1msg_1_1HIL__GPS__coll__graph.pdf

pdfTeX warning: pdflatex (file ./structmavlink_1_1common_1_1msg_1_1HIL__GPS__co
ll__graph.pdf): PDF inclusion: multiple pdfs with page group included in a sing
le page
>
<structmavlink_1_1common_1_1msg_1_1HIL__GPS__coll__graph.pdf, id=20706, 212.795
pt x 167.62625pt>
File: structmavlink_1_1common_1_1msg_1_1HIL__GPS__coll__graph.pdf Graphic file 
(type pdf)
<use structmavlink_1_1common_1_1msg_1_1HIL__GPS__coll__graph.pdf>
Package pdftex.def Info: structmavlink_1_1common_1_1msg_1_1HIL__GPS__coll__grap
h.pdf  used on input line 27.
(pdftex.def)             Requested size: 212.0pt x 167.0094pt.
 [366] [367] [368] [369])
(./structmavlink_1_1common_1_1msg_1_1HIL__OPTICAL__FLOW.tex <./structmavlink_1_
1common_1_1msg_1_1HIL__OPTICAL__FLOW__inherit__graph.pdf

pdfTeX warning: pdflatex (file ./structmavlink_1_1common_1_1msg_1_1HIL__OPTICAL
__FLOW__inherit__graph.pdf): PDF inclusion: multiple pdfs with page group inclu
ded in a single page
>
<structmavlink_1_1common_1_1msg_1_1HIL__OPTICAL__FLOW__inherit__graph.pdf, id=2
0781, 212.795pt x 167.62625pt>
File: structmavlink_1_1common_1_1msg_1_1HIL__OPTICAL__FLOW__inherit__graph.pdf 
Graphic file (type pdf)
<use structmavlink_1_1common_1_1msg_1_1HIL__OPTICAL__FLOW__inherit__graph.pdf>
Package pdftex.def Info: structmavlink_1_1common_1_1msg_1_1HIL__OPTICAL__FLOW__
inherit__graph.pdf  used on input line 18.
(pdftex.def)             Requested size: 212.0pt x 167.0094pt.
 <./structmavlink_1_1common_1_1msg_1_1HIL__OPTICAL__FLOW__coll__graph.pdf

pdfTeX warning: pdflatex (file ./structmavlink_1_1common_1_1msg_1_1HIL__OPTICAL
__FLOW__coll__graph.pdf): PDF inclusion: multiple pdfs with page group included
 in a single page
>
<structmavlink_1_1common_1_1msg_1_1HIL__OPTICAL__FLOW__coll__graph.pdf, id=2078
9, 212.795pt x 167.62625pt>
File: structmavlink_1_1common_1_1msg_1_1HIL__OPTICAL__FLOW__coll__graph.pdf Gra
phic file (type pdf)
<use structmavlink_1_1common_1_1msg_1_1HIL__OPTICAL__FLOW__coll__graph.pdf>
Package pdftex.def Info: structmavlink_1_1common_1_1msg_1_1HIL__OPTICAL__FLOW__
coll__graph.pdf  used on input line 27.
(pdftex.def)             Requested size: 212.0pt x 167.0094pt.
 [370] [371]) (./structmavlink_1_1common_1_1msg_1_1HIL__RC__INPUTS__RAW.tex <./
structmavlink_1_1common_1_1msg_1_1HIL__RC__INPUTS__RAW__inherit__graph.pdf

pdfTeX warning: pdflatex (file ./structmavlink_1_1common_1_1msg_1_1HIL__RC__INP
UTS__RAW__inherit__graph.pdf): PDF inclusion: multiple pdfs with page group inc
luded in a single page
>
<structmavlink_1_1common_1_1msg_1_1HIL__RC__INPUTS__RAW__inherit__graph.pdf, id
=20849, 212.795pt x 167.62625pt>
File: structmavlink_1_1common_1_1msg_1_1HIL__RC__INPUTS__RAW__inherit__graph.pd
f Graphic file (type pdf)
<use structmavlink_1_1common_1_1msg_1_1HIL__RC__INPUTS__RAW__inherit__graph.pdf
>
Package pdftex.def Info: structmavlink_1_1common_1_1msg_1_1HIL__RC__INPUTS__RAW
__inherit__graph.pdf  used on input line 18.
(pdftex.def)             Requested size: 212.0pt x 167.0094pt.
 [372] <./structmavlink_1_1common_1_1msg_1_1HIL__RC__INPUTS__RAW__coll__graph.p
df

pdfTeX warning: pdflatex (file ./structmavlink_1_1common_1_1msg_1_1HIL__RC__INP
UTS__RAW__coll__graph.pdf): PDF inclusion: multiple pdfs with page group includ
ed in a single page
>
<structmavlink_1_1common_1_1msg_1_1HIL__RC__INPUTS__RAW__coll__graph.pdf, id=20
863, 212.795pt x 167.62625pt>
File: structmavlink_1_1common_1_1msg_1_1HIL__RC__INPUTS__RAW__coll__graph.pdf G
raphic file (type pdf)
<use structmavlink_1_1common_1_1msg_1_1HIL__RC__INPUTS__RAW__coll__graph.pdf>
Package pdftex.def Info: structmavlink_1_1common_1_1msg_1_1HIL__RC__INPUTS__RAW
__coll__graph.pdf  used on input line 27.
(pdftex.def)             Requested size: 212.0pt x 167.0094pt.
 [373] [374]) (./structmavlink_1_1common_1_1msg_1_1HIL__SENSOR.tex <./structmav
link_1_1common_1_1msg_1_1HIL__SENSOR__inherit__graph.pdf

pdfTeX warning: pdflatex (file ./structmavlink_1_1common_1_1msg_1_1HIL__SENSOR_
_inherit__graph.pdf): PDF inclusion: multiple pdfs with page group included in 
a single page
>
<structmavlink_1_1common_1_1msg_1_1HIL__SENSOR__inherit__graph.pdf, id=20927, 2
12.795pt x 167.62625pt>
File: structmavlink_1_1common_1_1msg_1_1HIL__SENSOR__inherit__graph.pdf Graphic
 file (type pdf)
<use structmavlink_1_1common_1_1msg_1_1HIL__SENSOR__inherit__graph.pdf>
Package pdftex.def Info: structmavlink_1_1common_1_1msg_1_1HIL__SENSOR__inherit
__graph.pdf  used on input line 18.
(pdftex.def)             Requested size: 212.0pt x 167.0094pt.
 <./structmavlink_1_1common_1_1msg_1_1HIL__SENSOR__coll__graph.pdf

pdfTeX warning: pdflatex (file ./structmavlink_1_1common_1_1msg_1_1HIL__SENSOR_
_coll__graph.pdf): PDF inclusion: multiple pdfs with page group included in a s
ingle page
>
<structmavlink_1_1common_1_1msg_1_1HIL__SENSOR__coll__graph.pdf, id=20935, 212.
795pt x 167.62625pt>
File: structmavlink_1_1common_1_1msg_1_1HIL__SENSOR__coll__graph.pdf Graphic fi
le (type pdf)
<use structmavlink_1_1common_1_1msg_1_1HIL__SENSOR__coll__graph.pdf>
Package pdftex.def Info: structmavlink_1_1common_1_1msg_1_1HIL__SENSOR__coll__g
raph.pdf  used on input line 27.
(pdftex.def)             Requested size: 212.0pt x 167.0094pt.
 [375] [376] [377]) (./structmavlink_1_1common_1_1msg_1_1HIL__STATE.tex <./stru
ctmavlink_1_1common_1_1msg_1_1HIL__STATE__inherit__graph.pdf

pdfTeX warning: pdflatex (file ./structmavlink_1_1common_1_1msg_1_1HIL__STATE__
inherit__graph.pdf): PDF inclusion: multiple pdfs with page group included in a
 single page
>
<structmavlink_1_1common_1_1msg_1_1HIL__STATE__inherit__graph.pdf, id=21006, 21
2.795pt x 167.62625pt>
File: structmavlink_1_1common_1_1msg_1_1HIL__STATE__inherit__graph.pdf Graphic 
file (type pdf)
<use structmavlink_1_1common_1_1msg_1_1HIL__STATE__inherit__graph.pdf>
Package pdftex.def Info: structmavlink_1_1common_1_1msg_1_1HIL__STATE__inherit_
_graph.pdf  used on input line 18.
(pdftex.def)             Requested size: 212.0pt x 167.0094pt.
 <./structmavlink_1_1common_1_1msg_1_1HIL__STATE__coll__graph.pdf

pdfTeX warning: pdflatex (file ./structmavlink_1_1common_1_1msg_1_1HIL__STATE__
coll__graph.pdf): PDF inclusion: multiple pdfs with page group included in a si
ngle page
>
<structmavlink_1_1common_1_1msg_1_1HIL__STATE__coll__graph.pdf, id=21014, 212.7
95pt x 167.62625pt>
File: structmavlink_1_1common_1_1msg_1_1HIL__STATE__coll__graph.pdf Graphic fil
e (type pdf)
<use structmavlink_1_1common_1_1msg_1_1HIL__STATE__coll__graph.pdf>
Package pdftex.def Info: structmavlink_1_1common_1_1msg_1_1HIL__STATE__coll__gr
aph.pdf  used on input line 27.
(pdftex.def)             Requested size: 212.0pt x 167.0094pt.
 [378] [379] [380])
(./structmavlink_1_1common_1_1msg_1_1HIL__STATE__QUATERNION.tex <./structmavlin
k_1_1common_1_1msg_1_1HIL__STATE__QUATERNION__inherit__graph.pdf

pdfTeX warning: pdflatex (file ./structmavlink_1_1common_1_1msg_1_1HIL__STATE__
QUATERNION__inherit__graph.pdf): PDF inclusion: multiple pdfs with page group i
ncluded in a single page
>
<structmavlink_1_1common_1_1msg_1_1HIL__STATE__QUATERNION__inherit__graph.pdf, 
id=21083, 223.83624pt x 167.62625pt>
File: structmavlink_1_1common_1_1msg_1_1HIL__STATE__QUATERNION__inherit__graph.
pdf Graphic file (type pdf)
<use structmavlink_1_1common_1_1msg_1_1HIL__STATE__QUATERNION__inherit__graph.p
df>
Package pdftex.def Info: structmavlink_1_1common_1_1msg_1_1HIL__STATE__QUATERNI
ON__inherit__graph.pdf  used on input line 18.
(pdftex.def)             Requested size: 223.0pt x 167.00427pt.
 [381] <./structmavlink_1_1common_1_1msg_1_1HIL__STATE__QUATERNION__coll__graph
.pdf

pdfTeX warning: pdflatex (file ./structmavlink_1_1common_1_1msg_1_1HIL__STATE__
QUATERNION__coll__graph.pdf): PDF inclusion: multiple pdfs with page group incl
uded in a single page
>
<structmavlink_1_1common_1_1msg_1_1HIL__STATE__QUATERNION__coll__graph.pdf, id=
21098, 223.83624pt x 167.62625pt>
File: structmavlink_1_1common_1_1msg_1_1HIL__STATE__QUATERNION__coll__graph.pdf
 Graphic file (type pdf)
<use structmavlink_1_1common_1_1msg_1_1HIL__STATE__QUATERNION__coll__graph.pdf>

Package pdftex.def Info: structmavlink_1_1common_1_1msg_1_1HIL__STATE__QUATERNI
ON__coll__graph.pdf  used on input line 27.
(pdftex.def)             Requested size: 223.0pt x 167.00427pt.
 [382] [383]) (./structmavlink_1_1common_1_1msg_1_1HOME__POSITION.tex <./struct
mavlink_1_1common_1_1msg_1_1HOME__POSITION__inherit__graph.pdf

pdfTeX warning: pdflatex (file ./structmavlink_1_1common_1_1msg_1_1HOME__POSITI
ON__inherit__graph.pdf): PDF inclusion: multiple pdfs with page group included 
in a single page
>
<structmavlink_1_1common_1_1msg_1_1HOME__POSITION__inherit__graph.pdf, id=21163
, 212.795pt x 167.62625pt>
File: structmavlink_1_1common_1_1msg_1_1HOME__POSITION__inherit__graph.pdf Grap
hic file (type pdf)
<use structmavlink_1_1common_1_1msg_1_1HOME__POSITION__inherit__graph.pdf>
Package pdftex.def Info: structmavlink_1_1common_1_1msg_1_1HOME__POSITION__inhe
rit__graph.pdf  used on input line 18.
(pdftex.def)             Requested size: 212.0pt x 167.0094pt.
 <./structmavlink_1_1common_1_1msg_1_1HOME__POSITION__coll__graph.pdf

pdfTeX warning: pdflatex (file ./structmavlink_1_1common_1_1msg_1_1HOME__POSITI
ON__coll__graph.pdf): PDF inclusion: multiple pdfs with page group included in 
a single page
>
<structmavlink_1_1common_1_1msg_1_1HOME__POSITION__coll__graph.pdf, id=21171, 2
12.795pt x 167.62625pt>
File: structmavlink_1_1common_1_1msg_1_1HOME__POSITION__coll__graph.pdf Graphic
 file (type pdf)
<use structmavlink_1_1common_1_1msg_1_1HOME__POSITION__coll__graph.pdf>
Package pdftex.def Info: structmavlink_1_1common_1_1msg_1_1HOME__POSITION__coll
__graph.pdf  used on input line 27.
(pdftex.def)             Requested size: 212.0pt x 167.0094pt.
 [384] [385] [386])
(./structmavlink_1_1common_1_1msg_1_1HYGROMETER__SENSOR.tex <./structmavlink_1_
1common_1_1msg_1_1HYGROMETER__SENSOR__inherit__graph.pdf

pdfTeX warning: pdflatex (file ./structmavlink_1_1common_1_1msg_1_1HYGROMETER__
SENSOR__inherit__graph.pdf): PDF inclusion: multiple pdfs with page group inclu
ded in a single page
>
<structmavlink_1_1common_1_1msg_1_1HYGROMETER__SENSOR__inherit__graph.pdf, id=2
1238, 217.81375pt x 167.62625pt>
File: structmavlink_1_1common_1_1msg_1_1HYGROMETER__SENSOR__inherit__graph.pdf 
Graphic file (type pdf)
<use structmavlink_1_1common_1_1msg_1_1HYGROMETER__SENSOR__inherit__graph.pdf>
Package pdftex.def Info: structmavlink_1_1common_1_1msg_1_1HYGROMETER__SENSOR__
inherit__graph.pdf  used on input line 18.
(pdftex.def)             Requested size: 217.0pt x 166.99916pt.
 <./structmavlink_1_1common_1_1msg_1_1HYGROMETER__SENSOR__coll__graph.pdf

pdfTeX warning: pdflatex (file ./structmavlink_1_1common_1_1msg_1_1HYGROMETER__
SENSOR__coll__graph.pdf): PDF inclusion: multiple pdfs with page group included
 in a single page
>
<structmavlink_1_1common_1_1msg_1_1HYGROMETER__SENSOR__coll__graph.pdf, id=2124
6, 217.81375pt x 167.62625pt>
File: structmavlink_1_1common_1_1msg_1_1HYGROMETER__SENSOR__coll__graph.pdf Gra
phic file (type pdf)
<use structmavlink_1_1common_1_1msg_1_1HYGROMETER__SENSOR__coll__graph.pdf>
Package pdftex.def Info: structmavlink_1_1common_1_1msg_1_1HYGROMETER__SENSOR__
coll__graph.pdf  used on input line 27.
(pdftex.def)             Requested size: 217.0pt x 166.99916pt.
 [387] [388]) (./structmavlink_1_1common_1_1msg_1_1ILLUMINATOR__STATUS.tex <./s
tructmavlink_1_1common_1_1msg_1_1ILLUMINATOR__STATUS__inherit__graph.pdf

pdfTeX warning: pdflatex (file ./structmavlink_1_1common_1_1msg_1_1ILLUMINATOR_
_STATUS__inherit__graph.pdf): PDF inclusion: multiple pdfs with page group incl
uded in a single page
>
<structmavlink_1_1common_1_1msg_1_1ILLUMINATOR__STATUS__inherit__graph.pdf, id=
21298, 212.795pt x 167.62625pt>
File: structmavlink_1_1common_1_1msg_1_1ILLUMINATOR__STATUS__inherit__graph.pdf
 Graphic file (type pdf)
<use structmavlink_1_1common_1_1msg_1_1ILLUMINATOR__STATUS__inherit__graph.pdf>

Package pdftex.def Info: structmavlink_1_1common_1_1msg_1_1ILLUMINATOR__STATUS_
_inherit__graph.pdf  used on input line 18.
(pdftex.def)             Requested size: 212.0pt x 167.0094pt.
 [389] <./structmavlink_1_1common_1_1msg_1_1ILLUMINATOR__STATUS__coll__graph.pd
f

pdfTeX warning: pdflatex (file ./structmavlink_1_1common_1_1msg_1_1ILLUMINATOR_
_STATUS__coll__graph.pdf): PDF inclusion: multiple pdfs with page group include
d in a single page
>
<structmavlink_1_1common_1_1msg_1_1ILLUMINATOR__STATUS__coll__graph.pdf, id=213
12, 212.795pt x 167.62625pt>
File: structmavlink_1_1common_1_1msg_1_1ILLUMINATOR__STATUS__coll__graph.pdf Gr
aphic file (type pdf)
<use structmavlink_1_1common_1_1msg_1_1ILLUMINATOR__STATUS__coll__graph.pdf>
Package pdftex.def Info: structmavlink_1_1common_1_1msg_1_1ILLUMINATOR__STATUS_
_coll__graph.pdf  used on input line 27.
(pdftex.def)             Requested size: 212.0pt x 167.0094pt.
 [390] [391]) (./structmavlink_1_1Message_1_1Info.tex)
(./structmavlink_1_1common_1_1msg_1_1ISBD__LINK__STATUS.tex <./structmavlink_1_
1common_1_1msg_1_1ISBD__LINK__STATUS__inherit__graph.pdf

pdfTeX warning: pdflatex (file ./structmavlink_1_1common_1_1msg_1_1ISBD__LINK__
STATUS__inherit__graph.pdf): PDF inclusion: multiple pdfs with page group inclu
ded in a single page
>
<structmavlink_1_1common_1_1msg_1_1ISBD__LINK__STATUS__inherit__graph.pdf, id=2
1372, 212.795pt x 167.62625pt>
File: structmavlink_1_1common_1_1msg_1_1ISBD__LINK__STATUS__inherit__graph.pdf 
Graphic file (type pdf)
<use structmavlink_1_1common_1_1msg_1_1ISBD__LINK__STATUS__inherit__graph.pdf>
Package pdftex.def Info: structmavlink_1_1common_1_1msg_1_1ISBD__LINK__STATUS__
inherit__graph.pdf  used on input line 18.
(pdftex.def)             Requested size: 212.0pt x 167.0094pt.
 [392] <./structmavlink_1_1common_1_1msg_1_1ISBD__LINK__STATUS__coll__graph.pdf


pdfTeX warning: pdflatex (file ./structmavlink_1_1common_1_1msg_1_1ISBD__LINK__
STATUS__coll__graph.pdf): PDF inclusion: multiple pdfs with page group included
 in a single page
>
<structmavlink_1_1common_1_1msg_1_1ISBD__LINK__STATUS__coll__graph.pdf, id=2139
0, 212.795pt x 167.62625pt>
File: structmavlink_1_1common_1_1msg_1_1ISBD__LINK__STATUS__coll__graph.pdf Gra
phic file (type pdf)
<use structmavlink_1_1common_1_1msg_1_1ISBD__LINK__STATUS__coll__graph.pdf>
Package pdftex.def Info: structmavlink_1_1common_1_1msg_1_1ISBD__LINK__STATUS__
coll__graph.pdf  used on input line 27.
(pdftex.def)             Requested size: 212.0pt x 167.0094pt.
 [393] [394]) (./structmavlink_1_1common_1_1msg_1_1LANDING__TARGET.tex <./struc
tmavlink_1_1common_1_1msg_1_1LANDING__TARGET__inherit__graph.pdf

pdfTeX warning: pdflatex (file ./structmavlink_1_1common_1_1msg_1_1LANDING__TAR
GET__inherit__graph.pdf): PDF inclusion: multiple pdfs with page group included
 in a single page
>
<structmavlink_1_1common_1_1msg_1_1LANDING__TARGET__inherit__graph.pdf, id=2144
7, 212.795pt x 167.62625pt>
File: structmavlink_1_1common_1_1msg_1_1LANDING__TARGET__inherit__graph.pdf Gra
phic file (type pdf)
<use structmavlink_1_1common_1_1msg_1_1LANDING__TARGET__inherit__graph.pdf>
Package pdftex.def Info: structmavlink_1_1common_1_1msg_1_1LANDING__TARGET__inh
erit__graph.pdf  used on input line 18.
(pdftex.def)             Requested size: 212.0pt x 167.0094pt.
 <./structmavlink_1_1common_1_1msg_1_1LANDING__TARGET__coll__graph.pdf

pdfTeX warning: pdflatex (file ./structmavlink_1_1common_1_1msg_1_1LANDING__TAR
GET__coll__graph.pdf): PDF inclusion: multiple pdfs with page group included in
 a single page
>
<structmavlink_1_1common_1_1msg_1_1LANDING__TARGET__coll__graph.pdf, id=21455, 
212.795pt x 167.62625pt>
File: structmavlink_1_1common_1_1msg_1_1LANDING__TARGET__coll__graph.pdf Graphi
c file (type pdf)
<use structmavlink_1_1common_1_1msg_1_1LANDING__TARGET__coll__graph.pdf>
Package pdftex.def Info: structmavlink_1_1common_1_1msg_1_1LANDING__TARGET__col
l__graph.pdf  used on input line 27.
(pdftex.def)             Requested size: 212.0pt x 167.0094pt.
 [395] [396]) (./structmavlink_1_1common_1_1msg_1_1LINK__NODE__STATUS.tex <./st
ructmavlink_1_1common_1_1msg_1_1LINK__NODE__STATUS__inherit__graph.pdf

pdfTeX warning: pdflatex (file ./structmavlink_1_1common_1_1msg_1_1LINK__NODE__
STATUS__inherit__graph.pdf): PDF inclusion: multiple pdfs with page group inclu
ded in a single page
>
<structmavlink_1_1common_1_1msg_1_1LINK__NODE__STATUS__inherit__graph.pdf, id=2
1519, 212.795pt x 167.62625pt>
File: structmavlink_1_1common_1_1msg_1_1LINK__NODE__STATUS__inherit__graph.pdf 
Graphic file (type pdf)
<use structmavlink_1_1common_1_1msg_1_1LINK__NODE__STATUS__inherit__graph.pdf>
Package pdftex.def Info: structmavlink_1_1common_1_1msg_1_1LINK__NODE__STATUS__
inherit__graph.pdf  used on input line 18.
(pdftex.def)             Requested size: 212.0pt x 167.0094pt.
 [397] <./structmavlink_1_1common_1_1msg_1_1LINK__NODE__STATUS__coll__graph.pdf


pdfTeX warning: pdflatex (file ./structmavlink_1_1common_1_1msg_1_1LINK__NODE__
STATUS__coll__graph.pdf): PDF inclusion: multiple pdfs with page group included
 in a single page
>
<structmavlink_1_1common_1_1msg_1_1LINK__NODE__STATUS__coll__graph.pdf, id=2153
5, 212.795pt x 167.62625pt>
File: structmavlink_1_1common_1_1msg_1_1LINK__NODE__STATUS__coll__graph.pdf Gra
phic file (type pdf)
<use structmavlink_1_1common_1_1msg_1_1LINK__NODE__STATUS__coll__graph.pdf>
Package pdftex.def Info: structmavlink_1_1common_1_1msg_1_1LINK__NODE__STATUS__
coll__graph.pdf  used on input line 27.
(pdftex.def)             Requested size: 212.0pt x 167.0094pt.
 [398] [399]) (./structmavlink_1_1common_1_1msg_1_1LOCAL__POSITION__NED.tex <./
structmavlink_1_1common_1_1msg_1_1LOCAL__POSITION__NED__inherit__graph.pdf

pdfTeX warning: pdflatex (file ./structmavlink_1_1common_1_1msg_1_1LOCAL__POSIT
ION__NED__inherit__graph.pdf): PDF inclusion: multiple pdfs with page group inc
luded in a single page
>
<structmavlink_1_1common_1_1msg_1_1LOCAL__POSITION__NED__inherit__graph.pdf, id
=21594, 212.795pt x 167.62625pt>
File: structmavlink_1_1common_1_1msg_1_1LOCAL__POSITION__NED__inherit__graph.pd
f Graphic file (type pdf)
<use structmavlink_1_1common_1_1msg_1_1LOCAL__POSITION__NED__inherit__graph.pdf
>
Package pdftex.def Info: structmavlink_1_1common_1_1msg_1_1LOCAL__POSITION__NED
__inherit__graph.pdf  used on input line 18.
(pdftex.def)             Requested size: 212.0pt x 167.0094pt.
 <./structmavlink_1_1common_1_1msg_1_1LOCAL__POSITION__NED__coll__graph.pdf

pdfTeX warning: pdflatex (file ./structmavlink_1_1common_1_1msg_1_1LOCAL__POSIT
ION__NED__coll__graph.pdf): PDF inclusion: multiple pdfs with page group includ
ed in a single page
>
<structmavlink_1_1common_1_1msg_1_1LOCAL__POSITION__NED__coll__graph.pdf, id=21
602, 212.795pt x 167.62625pt>
File: structmavlink_1_1common_1_1msg_1_1LOCAL__POSITION__NED__coll__graph.pdf G
raphic file (type pdf)
<use structmavlink_1_1common_1_1msg_1_1LOCAL__POSITION__NED__coll__graph.pdf>
Package pdftex.def Info: structmavlink_1_1common_1_1msg_1_1LOCAL__POSITION__NED
__coll__graph.pdf  used on input line 27.
(pdftex.def)             Requested size: 212.0pt x 167.0094pt.
 [400] [401] [402])
(./structmavlink_1_1common_1_1msg_1_1LOCAL__POSITION__NED__COV.tex <./structmav
link_1_1common_1_1msg_1_1LOCAL__POSITION__NED__COV__inherit__graph.pdf

pdfTeX warning: pdflatex (file ./structmavlink_1_1common_1_1msg_1_1LOCAL__POSIT
ION__NED__COV__inherit__graph.pdf): PDF inclusion: multiple pdfs with page grou
p included in a single page
>
<structmavlink_1_1common_1_1msg_1_1LOCAL__POSITION__NED__COV__inherit__graph.pd
f, id=21664, 238.8925pt x 167.62625pt>
File: structmavlink_1_1common_1_1msg_1_1LOCAL__POSITION__NED__COV__inherit__gra
ph.pdf Graphic file (type pdf)
<use structmavlink_1_1common_1_1msg_1_1LOCAL__POSITION__NED__COV__inherit__grap
h.pdf>
Package pdftex.def Info: structmavlink_1_1common_1_1msg_1_1LOCAL__POSITION__NED
__COV__inherit__graph.pdf  used on input line 18.
(pdftex.def)             Requested size: 238.0pt x 166.99916pt.
 <./structmavlink_1_1common_1_1msg_1_1LOCAL__POSITION__NED__COV__coll__graph.pd
f

pdfTeX warning: pdflatex (file ./structmavlink_1_1common_1_1msg_1_1LOCAL__POSIT
ION__NED__COV__coll__graph.pdf): PDF inclusion: multiple pdfs with page group i
ncluded in a single page
>
<structmavlink_1_1common_1_1msg_1_1LOCAL__POSITION__NED__COV__coll__graph.pdf, 
id=21672, 238.8925pt x 167.62625pt>
File: structmavlink_1_1common_1_1msg_1_1LOCAL__POSITION__NED__COV__coll__graph.
pdf Graphic file (type pdf)
<use structmavlink_1_1common_1_1msg_1_1LOCAL__POSITION__NED__COV__coll__graph.p
df>
Package pdftex.def Info: structmavlink_1_1common_1_1msg_1_1LOCAL__POSITION__NED
__COV__coll__graph.pdf  used on input line 27.
(pdftex.def)             Requested size: 238.0pt x 166.99916pt.
 [403] [404])
(./structmavlink_1_1common_1_1msg_1_1LOCAL__POSITION__NED__SYSTEM__GLOBAL__OFFS
ET.tex <./structmavlink_1_1common_1_1msg_1_1LOCAL__POSITION__NED__SYSTEM__GLOBA
L__OFFSET__inherit__graph.pdf

pdfTeX warning: pdflatex (file ./structmavlink_1_1common_1_1msg_1_1LOCAL__POSIT
ION__NED__SYSTEM__GLOBAL__OFFSET__inherit__graph.pdf): PDF inclusion: multiple 
pdfs with page group included in a single page
>
<structmavlink_1_1common_1_1msg_1_1LOCAL__POSITION__NED__SYSTEM__GLOBAL__OFFSET
__inherit__graph.pdf, id=21734, 227.85126pt x 178.6675pt>
File: structmavlink_1_1common_1_1msg_1_1LOCAL__POSITION__NED__SYSTEM__GLOBAL__O
FFSET__inherit__graph.pdf Graphic file (type pdf)
<use structmavlink_1_1common_1_1msg_1_1LOCAL__POSITION__NED__SYSTEM__GLOBAL__OF
FSET__inherit__graph.pdf>
Package pdftex.def Info: structmavlink_1_1common_1_1msg_1_1LOCAL__POSITION__NED
__SYSTEM__GLOBAL__OFFSET__inherit__graph.pdf  used on input line 18.
(pdftex.def)             Requested size: 227.0pt x 178.00456pt.
 [405] <./structmavlink_1_1common_1_1msg_1_1LOCAL__POSITION__NED__SYSTEM__GLOBA
L__OFFSET__coll__graph.pdf

pdfTeX warning: pdflatex (file ./structmavlink_1_1common_1_1msg_1_1LOCAL__POSIT
ION__NED__SYSTEM__GLOBAL__OFFSET__coll__graph.pdf): PDF inclusion: multiple pdf
s with page group included in a single page
>
<structmavlink_1_1common_1_1msg_1_1LOCAL__POSITION__NED__SYSTEM__GLOBAL__OFFSET
__coll__graph.pdf, id=21748, 227.85126pt x 178.6675pt>
File: structmavlink_1_1common_1_1msg_1_1LOCAL__POSITION__NED__SYSTEM__GLOBAL__O
FFSET__coll__graph.pdf Graphic file (type pdf)
<use structmavlink_1_1common_1_1msg_1_1LOCAL__POSITION__NED__SYSTEM__GLOBAL__OF
FSET__coll__graph.pdf>
Package pdftex.def Info: structmavlink_1_1common_1_1msg_1_1LOCAL__POSITION__NED
__SYSTEM__GLOBAL__OFFSET__coll__graph.pdf  used on input line 27.
(pdftex.def)             Requested size: 227.0pt x 178.00456pt.
 [406] [407]
Underfull \hbox (badness 10000) in paragraph at lines 151--151
[]\T1/phv/m/n/10 single[]_[]hand[]_[]controller/include/mavlink/common/mavlink[
]_[]msg[]_[]local[]_[]position[]_[]ned[]_[]system[]_[]global[]_[]offset.[]
 []

) (./structmavlink_1_1common_1_1msg_1_1LOG__DATA.tex <./structmavlink_1_1common
_1_1msg_1_1LOG__DATA__inherit__graph.pdf

pdfTeX warning: pdflatex (file ./structmavlink_1_1common_1_1msg_1_1LOG__DATA__i
nherit__graph.pdf): PDF inclusion: multiple pdfs with page group included in a 
single page
>
<structmavlink_1_1common_1_1msg_1_1LOG__DATA__inherit__graph.pdf, id=21804, 212
.795pt x 167.62625pt>
File: structmavlink_1_1common_1_1msg_1_1LOG__DATA__inherit__graph.pdf Graphic f
ile (type pdf)
<use structmavlink_1_1common_1_1msg_1_1LOG__DATA__inherit__graph.pdf>
Package pdftex.def Info: structmavlink_1_1common_1_1msg_1_1LOG__DATA__inherit__
graph.pdf  used on input line 18.
(pdftex.def)             Requested size: 212.0pt x 167.0094pt.
 <./structmavlink_1_1common_1_1msg_1_1LOG__DATA__coll__graph.pdf

pdfTeX warning: pdflatex (file ./structmavlink_1_1common_1_1msg_1_1LOG__DATA__c
oll__graph.pdf): PDF inclusion: multiple pdfs with page group included in a sin
gle page
>
<structmavlink_1_1common_1_1msg_1_1LOG__DATA__coll__graph.pdf, id=21812, 212.79
5pt x 167.62625pt>
File: structmavlink_1_1common_1_1msg_1_1LOG__DATA__coll__graph.pdf Graphic file
 (type pdf)
<use structmavlink_1_1common_1_1msg_1_1LOG__DATA__coll__graph.pdf>
Package pdftex.def Info: structmavlink_1_1common_1_1msg_1_1LOG__DATA__coll__gra
ph.pdf  used on input line 27.
(pdftex.def)             Requested size: 212.0pt x 167.0094pt.
 [408] [409]) (./structmavlink_1_1common_1_1msg_1_1LOG__ENTRY.tex [410] <./stru
ctmavlink_1_1common_1_1msg_1_1LOG__ENTRY__inherit__graph.pdf

pdfTeX warning: pdflatex (file ./structmavlink_1_1common_1_1msg_1_1LOG__ENTRY__
inherit__graph.pdf): PDF inclusion: multiple pdfs with page group included in a
 single page
>
<structmavlink_1_1common_1_1msg_1_1LOG__ENTRY__inherit__graph.pdf, id=21874, 21
2.795pt x 167.62625pt>
File: structmavlink_1_1common_1_1msg_1_1LOG__ENTRY__inherit__graph.pdf Graphic 
file (type pdf)
<use structmavlink_1_1common_1_1msg_1_1LOG__ENTRY__inherit__graph.pdf>
Package pdftex.def Info: structmavlink_1_1common_1_1msg_1_1LOG__ENTRY__inherit_
_graph.pdf  used on input line 18.
(pdftex.def)             Requested size: 212.0pt x 167.0094pt.
 <./structmavlink_1_1common_1_1msg_1_1LOG__ENTRY__coll__graph.pdf

pdfTeX warning: pdflatex (file ./structmavlink_1_1common_1_1msg_1_1LOG__ENTRY__
coll__graph.pdf): PDF inclusion: multiple pdfs with page group included in a si
ngle page
>
<structmavlink_1_1common_1_1msg_1_1LOG__ENTRY__coll__graph.pdf, id=21882, 212.7
95pt x 167.62625pt>
File: structmavlink_1_1common_1_1msg_1_1LOG__ENTRY__coll__graph.pdf Graphic fil
e (type pdf)
<use structmavlink_1_1common_1_1msg_1_1LOG__ENTRY__coll__graph.pdf>
Package pdftex.def Info: structmavlink_1_1common_1_1msg_1_1LOG__ENTRY__coll__gr
aph.pdf  used on input line 27.
(pdftex.def)             Requested size: 212.0pt x 167.0094pt.
 [411] [412]) (./structmavlink_1_1common_1_1msg_1_1LOG__ERASE.tex <./structmavl
ink_1_1common_1_1msg_1_1LOG__ERASE__inherit__graph.pdf

pdfTeX warning: pdflatex (file ./structmavlink_1_1common_1_1msg_1_1LOG__ERASE__
inherit__graph.pdf): PDF inclusion: multiple pdfs with page group included in a
 single page
>
<structmavlink_1_1common_1_1msg_1_1LOG__ERASE__inherit__graph.pdf, id=21936, 21
2.795pt x 167.62625pt>
File: structmavlink_1_1common_1_1msg_1_1LOG__ERASE__inherit__graph.pdf Graphic 
file (type pdf)
<use structmavlink_1_1common_1_1msg_1_1LOG__ERASE__inherit__graph.pdf>
Package pdftex.def Info: structmavlink_1_1common_1_1msg_1_1LOG__ERASE__inherit_
_graph.pdf  used on input line 18.
(pdftex.def)             Requested size: 212.0pt x 167.0094pt.
 <./structmavlink_1_1common_1_1msg_1_1LOG__ERASE__coll__graph.pdf

pdfTeX warning: pdflatex (file ./structmavlink_1_1common_1_1msg_1_1LOG__ERASE__
coll__graph.pdf): PDF inclusion: multiple pdfs with page group included in a si
ngle page
>
<structmavlink_1_1common_1_1msg_1_1LOG__ERASE__coll__graph.pdf, id=21944, 212.7
95pt x 167.62625pt>
File: structmavlink_1_1common_1_1msg_1_1LOG__ERASE__coll__graph.pdf Graphic fil
e (type pdf)
<use structmavlink_1_1common_1_1msg_1_1LOG__ERASE__coll__graph.pdf>
Package pdftex.def Info: structmavlink_1_1common_1_1msg_1_1LOG__ERASE__coll__gr
aph.pdf  used on input line 27.
(pdftex.def)             Requested size: 212.0pt x 167.0094pt.
 [413] [414]) (./structmavlink_1_1common_1_1msg_1_1LOG__REQUEST__DATA.tex
[415] <./structmavlink_1_1common_1_1msg_1_1LOG__REQUEST__DATA__inherit__graph.p
df

pdfTeX warning: pdflatex (file ./structmavlink_1_1common_1_1msg_1_1LOG__REQUEST
__DATA__inherit__graph.pdf): PDF inclusion: multiple pdfs with page group inclu
ded in a single page
>
<structmavlink_1_1common_1_1msg_1_1LOG__REQUEST__DATA__inherit__graph.pdf, id=2
2003, 212.795pt x 167.62625pt>
File: structmavlink_1_1common_1_1msg_1_1LOG__REQUEST__DATA__inherit__graph.pdf 
Graphic file (type pdf)
<use structmavlink_1_1common_1_1msg_1_1LOG__REQUEST__DATA__inherit__graph.pdf>
Package pdftex.def Info: structmavlink_1_1common_1_1msg_1_1LOG__REQUEST__DATA__
inherit__graph.pdf  used on input line 18.
(pdftex.def)             Requested size: 212.0pt x 167.0094pt.
 <./structmavlink_1_1common_1_1msg_1_1LOG__REQUEST__DATA__coll__graph.pdf

pdfTeX warning: pdflatex (file ./structmavlink_1_1common_1_1msg_1_1LOG__REQUEST
__DATA__coll__graph.pdf): PDF inclusion: multiple pdfs with page group included
 in a single page
>
<structmavlink_1_1common_1_1msg_1_1LOG__REQUEST__DATA__coll__graph.pdf, id=2201
1, 212.795pt x 167.62625pt>
File: structmavlink_1_1common_1_1msg_1_1LOG__REQUEST__DATA__coll__graph.pdf Gra
phic file (type pdf)
<use structmavlink_1_1common_1_1msg_1_1LOG__REQUEST__DATA__coll__graph.pdf>
Package pdftex.def Info: structmavlink_1_1common_1_1msg_1_1LOG__REQUEST__DATA__
coll__graph.pdf  used on input line 27.
(pdftex.def)             Requested size: 212.0pt x 167.0094pt.
 [416] [417]) (./structmavlink_1_1common_1_1msg_1_1LOG__REQUEST__END.tex <./str
uctmavlink_1_1common_1_1msg_1_1LOG__REQUEST__END__inherit__graph.pdf

pdfTeX warning: pdflatex (file ./structmavlink_1_1common_1_1msg_1_1LOG__REQUEST
__END__inherit__graph.pdf): PDF inclusion: multiple pdfs with page group includ
ed in a single page
>
<structmavlink_1_1common_1_1msg_1_1LOG__REQUEST__END__inherit__graph.pdf, id=22
065, 212.795pt x 167.62625pt>
File: structmavlink_1_1common_1_1msg_1_1LOG__REQUEST__END__inherit__graph.pdf G
raphic file (type pdf)
<use structmavlink_1_1common_1_1msg_1_1LOG__REQUEST__END__inherit__graph.pdf>
Package pdftex.def Info: structmavlink_1_1common_1_1msg_1_1LOG__REQUEST__END__i
nherit__graph.pdf  used on input line 18.
(pdftex.def)             Requested size: 212.0pt x 167.0094pt.
 <./structmavlink_1_1common_1_1msg_1_1LOG__REQUEST__END__coll__graph.pdf

pdfTeX warning: pdflatex (file ./structmavlink_1_1common_1_1msg_1_1LOG__REQUEST
__END__coll__graph.pdf): PDF inclusion: multiple pdfs with page group included 
in a single page
>
<structmavlink_1_1common_1_1msg_1_1LOG__REQUEST__END__coll__graph.pdf, id=22073
, 212.795pt x 167.62625pt>
File: structmavlink_1_1common_1_1msg_1_1LOG__REQUEST__END__coll__graph.pdf Grap
hic file (type pdf)
<use structmavlink_1_1common_1_1msg_1_1LOG__REQUEST__END__coll__graph.pdf>
Package pdftex.def Info: structmavlink_1_1common_1_1msg_1_1LOG__REQUEST__END__c
oll__graph.pdf  used on input line 27.
(pdftex.def)             Requested size: 212.0pt x 167.0094pt.
 [418] [419]) (./structmavlink_1_1common_1_1msg_1_1LOG__REQUEST__LIST.tex
[420] <./structmavlink_1_1common_1_1msg_1_1LOG__REQUEST__LIST__inherit__graph.p
df

pdfTeX warning: pdflatex (file ./structmavlink_1_1common_1_1msg_1_1LOG__REQUEST
__LIST__inherit__graph.pdf): PDF inclusion: multiple pdfs with page group inclu
ded in a single page
>
<structmavlink_1_1common_1_1msg_1_1LOG__REQUEST__LIST__inherit__graph.pdf, id=2
2130, 212.795pt x 167.62625pt>
File: structmavlink_1_1common_1_1msg_1_1LOG__REQUEST__LIST__inherit__graph.pdf 
Graphic file (type pdf)
<use structmavlink_1_1common_1_1msg_1_1LOG__REQUEST__LIST__inherit__graph.pdf>
Package pdftex.def Info: structmavlink_1_1common_1_1msg_1_1LOG__REQUEST__LIST__
inherit__graph.pdf  used on input line 18.
(pdftex.def)             Requested size: 212.0pt x 167.0094pt.
 <./structmavlink_1_1common_1_1msg_1_1LOG__REQUEST__LIST__coll__graph.pdf

pdfTeX warning: pdflatex (file ./structmavlink_1_1common_1_1msg_1_1LOG__REQUEST
__LIST__coll__graph.pdf): PDF inclusion: multiple pdfs with page group included
 in a single page
>
<structmavlink_1_1common_1_1msg_1_1LOG__REQUEST__LIST__coll__graph.pdf, id=2213
8, 212.795pt x 167.62625pt>
File: structmavlink_1_1common_1_1msg_1_1LOG__REQUEST__LIST__coll__graph.pdf Gra
phic file (type pdf)
<use structmavlink_1_1common_1_1msg_1_1LOG__REQUEST__LIST__coll__graph.pdf>
Package pdftex.def Info: structmavlink_1_1common_1_1msg_1_1LOG__REQUEST__LIST__
coll__graph.pdf  used on input line 27.
(pdftex.def)             Requested size: 212.0pt x 167.0094pt.
 [421] [422]) (./structmavlink_1_1common_1_1msg_1_1LOGGING__ACK.tex <./structma
vlink_1_1common_1_1msg_1_1LOGGING__ACK__inherit__graph.pdf

pdfTeX warning: pdflatex (file ./structmavlink_1_1common_1_1msg_1_1LOGGING__ACK
__inherit__graph.pdf): PDF inclusion: multiple pdfs with page group included in
 a single page
>
<structmavlink_1_1common_1_1msg_1_1LOGGING__ACK__inherit__graph.pdf, id=22195, 
212.795pt x 167.62625pt>
File: structmavlink_1_1common_1_1msg_1_1LOGGING__ACK__inherit__graph.pdf Graphi
c file (type pdf)
<use structmavlink_1_1common_1_1msg_1_1LOGGING__ACK__inherit__graph.pdf>
Package pdftex.def Info: structmavlink_1_1common_1_1msg_1_1LOGGING__ACK__inheri
t__graph.pdf  used on input line 18.
(pdftex.def)             Requested size: 212.0pt x 167.0094pt.
 <./structmavlink_1_1common_1_1msg_1_1LOGGING__ACK__coll__graph.pdf

pdfTeX warning: pdflatex (file ./structmavlink_1_1common_1_1msg_1_1LOGGING__ACK
__coll__graph.pdf): PDF inclusion: multiple pdfs with page group included in a 
single page
>
<structmavlink_1_1common_1_1msg_1_1LOGGING__ACK__coll__graph.pdf, id=22203, 212
.795pt x 167.62625pt>
File: structmavlink_1_1common_1_1msg_1_1LOGGING__ACK__coll__graph.pdf Graphic f
ile (type pdf)
<use structmavlink_1_1common_1_1msg_1_1LOGGING__ACK__coll__graph.pdf>
Package pdftex.def Info: structmavlink_1_1common_1_1msg_1_1LOGGING__ACK__coll__
graph.pdf  used on input line 27.
(pdftex.def)             Requested size: 212.0pt x 167.0094pt.
 [423] [424]) (./structmavlink_1_1common_1_1msg_1_1LOGGING__DATA.tex [425] <./s
tructmavlink_1_1common_1_1msg_1_1LOGGING__DATA__inherit__graph.pdf

pdfTeX warning: pdflatex (file ./structmavlink_1_1common_1_1msg_1_1LOGGING__DAT
A__inherit__graph.pdf): PDF inclusion: multiple pdfs with page group included i
n a single page
>
<structmavlink_1_1common_1_1msg_1_1LOGGING__DATA__inherit__graph.pdf, id=22263,
 212.795pt x 167.62625pt>
File: structmavlink_1_1common_1_1msg_1_1LOGGING__DATA__inherit__graph.pdf Graph
ic file (type pdf)
<use structmavlink_1_1common_1_1msg_1_1LOGGING__DATA__inherit__graph.pdf>
Package pdftex.def Info: structmavlink_1_1common_1_1msg_1_1LOGGING__DATA__inher
it__graph.pdf  used on input line 18.
(pdftex.def)             Requested size: 212.0pt x 167.0094pt.
 <./structmavlink_1_1common_1_1msg_1_1LOGGING__DATA__coll__graph.pdf

pdfTeX warning: pdflatex (file ./structmavlink_1_1common_1_1msg_1_1LOGGING__DAT
A__coll__graph.pdf): PDF inclusion: multiple pdfs with page group included in a
 single page
>
<structmavlink_1_1common_1_1msg_1_1LOGGING__DATA__coll__graph.pdf, id=22271, 21
2.795pt x 167.62625pt>
File: structmavlink_1_1common_1_1msg_1_1LOGGING__DATA__coll__graph.pdf Graphic 
file (type pdf)
<use structmavlink_1_1common_1_1msg_1_1LOGGING__DATA__coll__graph.pdf>
Package pdftex.def Info: structmavlink_1_1common_1_1msg_1_1LOGGING__DATA__coll_
_graph.pdf  used on input line 27.
(pdftex.def)             Requested size: 212.0pt x 167.0094pt.
 [426] [427]) (./structmavlink_1_1common_1_1msg_1_1LOGGING__DATA__ACKED.tex <./
structmavlink_1_1common_1_1msg_1_1LOGGING__DATA__ACKED__inherit__graph.pdf

pdfTeX warning: pdflatex (file ./structmavlink_1_1common_1_1msg_1_1LOGGING__DAT
A__ACKED__inherit__graph.pdf): PDF inclusion: multiple pdfs with page group inc
luded in a single page
>
<structmavlink_1_1common_1_1msg_1_1LOGGING__DATA__ACKED__inherit__graph.pdf, id
=22326, 218.8175pt x 167.62625pt>
File: structmavlink_1_1common_1_1msg_1_1LOGGING__DATA__ACKED__inherit__graph.pd
f Graphic file (type pdf)
<use structmavlink_1_1common_1_1msg_1_1LOGGING__DATA__ACKED__inherit__graph.pdf
>
Package pdftex.def Info: structmavlink_1_1common_1_1msg_1_1LOGGING__DATA__ACKED
__inherit__graph.pdf  used on input line 18.
(pdftex.def)             Requested size: 218.0pt x 167.00172pt.
 <./structmavlink_1_1common_1_1msg_1_1LOGGING__DATA__ACKED__coll__graph.pdf

pdfTeX warning: pdflatex (file ./structmavlink_1_1common_1_1msg_1_1LOGGING__DAT
A__ACKED__coll__graph.pdf): PDF inclusion: multiple pdfs with page group includ
ed in a single page
>
<structmavlink_1_1common_1_1msg_1_1LOGGING__DATA__ACKED__coll__graph.pdf, id=22
334, 218.8175pt x 167.62625pt>
File: structmavlink_1_1common_1_1msg_1_1LOGGING__DATA__ACKED__coll__graph.pdf G
raphic file (type pdf)
<use structmavlink_1_1common_1_1msg_1_1LOGGING__DATA__ACKED__coll__graph.pdf>
Package pdftex.def Info: structmavlink_1_1common_1_1msg_1_1LOGGING__DATA__ACKED
__coll__graph.pdf  used on input line 27.
(pdftex.def)             Requested size: 218.0pt x 167.00172pt.
 [428] [429]) (./structmavlink_1_1common_1_1msg_1_1MAG__CAL__REPORT.tex
[430] <./structmavlink_1_1common_1_1msg_1_1MAG__CAL__REPORT__inherit__graph.pdf


pdfTeX warning: pdflatex (file ./structmavlink_1_1common_1_1msg_1_1MAG__CAL__RE
PORT__inherit__graph.pdf): PDF inclusion: multiple pdfs with page group include
d in a single page
>
<structmavlink_1_1common_1_1msg_1_1MAG__CAL__REPORT__inherit__graph.pdf, id=223
97, 212.795pt x 167.62625pt>
File: structmavlink_1_1common_1_1msg_1_1MAG__CAL__REPORT__inherit__graph.pdf Gr
aphic file (type pdf)
<use structmavlink_1_1common_1_1msg_1_1MAG__CAL__REPORT__inherit__graph.pdf>
Package pdftex.def Info: structmavlink_1_1common_1_1msg_1_1MAG__CAL__REPORT__in
herit__graph.pdf  used on input line 18.
(pdftex.def)             Requested size: 212.0pt x 167.0094pt.
 <./structmavlink_1_1common_1_1msg_1_1MAG__CAL__REPORT__coll__graph.pdf

pdfTeX warning: pdflatex (file ./structmavlink_1_1common_1_1msg_1_1MAG__CAL__RE
PORT__coll__graph.pdf): PDF inclusion: multiple pdfs with page group included i
n a single page
>
<structmavlink_1_1common_1_1msg_1_1MAG__CAL__REPORT__coll__graph.pdf, id=22405,
 212.795pt x 167.62625pt>
File: structmavlink_1_1common_1_1msg_1_1MAG__CAL__REPORT__coll__graph.pdf Graph
ic file (type pdf)
<use structmavlink_1_1common_1_1msg_1_1MAG__CAL__REPORT__coll__graph.pdf>
Package pdftex.def Info: structmavlink_1_1common_1_1msg_1_1MAG__CAL__REPORT__co
ll__graph.pdf  used on input line 27.
(pdftex.def)             Requested size: 212.0pt x 167.0094pt.
 [431]
Overfull \vbox (0.94345pt too high) has occurred while \output is active []


[432]) (./structmavlink_1_1common_1_1msg_1_1MANUAL__CONTROL.tex <./structmavlin
k_1_1common_1_1msg_1_1MANUAL__CONTROL__inherit__graph.pdf

pdfTeX warning: pdflatex (file ./structmavlink_1_1common_1_1msg_1_1MANUAL__CONT
ROL__inherit__graph.pdf): PDF inclusion: multiple pdfs with page group included
 in a single page
>
<structmavlink_1_1common_1_1msg_1_1MANUAL__CONTROL__inherit__graph.pdf, id=2247
1, 212.795pt x 167.62625pt>
File: structmavlink_1_1common_1_1msg_1_1MANUAL__CONTROL__inherit__graph.pdf Gra
phic file (type pdf)
<use structmavlink_1_1common_1_1msg_1_1MANUAL__CONTROL__inherit__graph.pdf>
Package pdftex.def Info: structmavlink_1_1common_1_1msg_1_1MANUAL__CONTROL__inh
erit__graph.pdf  used on input line 18.
(pdftex.def)             Requested size: 212.0pt x 167.0094pt.
 [433] <./structmavlink_1_1common_1_1msg_1_1MANUAL__CONTROL__coll__graph.pdf

pdfTeX warning: pdflatex (file ./structmavlink_1_1common_1_1msg_1_1MANUAL__CONT
ROL__coll__graph.pdf): PDF inclusion: multiple pdfs with page group included in
 a single page
>
<structmavlink_1_1common_1_1msg_1_1MANUAL__CONTROL__coll__graph.pdf, id=22486, 
212.795pt x 167.62625pt>
File: structmavlink_1_1common_1_1msg_1_1MANUAL__CONTROL__coll__graph.pdf Graphi
c file (type pdf)
<use structmavlink_1_1common_1_1msg_1_1MANUAL__CONTROL__coll__graph.pdf>
Package pdftex.def Info: structmavlink_1_1common_1_1msg_1_1MANUAL__CONTROL__col
l__graph.pdf  used on input line 27.
(pdftex.def)             Requested size: 212.0pt x 167.0094pt.
 [434] [435]) (./structmavlink_1_1common_1_1msg_1_1MANUAL__SETPOINT.tex <./stru
ctmavlink_1_1common_1_1msg_1_1MANUAL__SETPOINT__inherit__graph.pdf

pdfTeX warning: pdflatex (file ./structmavlink_1_1common_1_1msg_1_1MANUAL__SETP
OINT__inherit__graph.pdf): PDF inclusion: multiple pdfs with page group include
d in a single page
>
<structmavlink_1_1common_1_1msg_1_1MANUAL__SETPOINT__inherit__graph.pdf, id=225
51, 212.795pt x 167.62625pt>
File: structmavlink_1_1common_1_1msg_1_1MANUAL__SETPOINT__inherit__graph.pdf Gr
aphic file (type pdf)
<use structmavlink_1_1common_1_1msg_1_1MANUAL__SETPOINT__inherit__graph.pdf>
Package pdftex.def Info: structmavlink_1_1common_1_1msg_1_1MANUAL__SETPOINT__in
herit__graph.pdf  used on input line 18.
(pdftex.def)             Requested size: 212.0pt x 167.0094pt.
 <./structmavlink_1_1common_1_1msg_1_1MANUAL__SETPOINT__coll__graph.pdf

pdfTeX warning: pdflatex (file ./structmavlink_1_1common_1_1msg_1_1MANUAL__SETP
OINT__coll__graph.pdf): PDF inclusion: multiple pdfs with page group included i
n a single page
>
<structmavlink_1_1common_1_1msg_1_1MANUAL__SETPOINT__coll__graph.pdf, id=22559,
 212.795pt x 167.62625pt>
File: structmavlink_1_1common_1_1msg_1_1MANUAL__SETPOINT__coll__graph.pdf Graph
ic file (type pdf)
<use structmavlink_1_1common_1_1msg_1_1MANUAL__SETPOINT__coll__graph.pdf>
Package pdftex.def Info: structmavlink_1_1common_1_1msg_1_1MANUAL__SETPOINT__co
ll__graph.pdf  used on input line 27.
(pdftex.def)             Requested size: 212.0pt x 167.0094pt.
 [436] [437] [438]) (./structmavlink__sha256__ctx.tex)
(./structmavlink_1_1common_1_1msg_1_1MEMORY__VECT.tex <./structmavlink_1_1commo
n_1_1msg_1_1MEMORY__VECT__inherit__graph.pdf

pdfTeX warning: pdflatex (file ./structmavlink_1_1common_1_1msg_1_1MEMORY__VECT
__inherit__graph.pdf): PDF inclusion: multiple pdfs with page group included in
 a single page
>
<structmavlink_1_1common_1_1msg_1_1MEMORY__VECT__inherit__graph.pdf, id=22622, 
212.795pt x 167.62625pt>
File: structmavlink_1_1common_1_1msg_1_1MEMORY__VECT__inherit__graph.pdf Graphi
c file (type pdf)
<use structmavlink_1_1common_1_1msg_1_1MEMORY__VECT__inherit__graph.pdf>
Package pdftex.def Info: structmavlink_1_1common_1_1msg_1_1MEMORY__VECT__inheri
t__graph.pdf  used on input line 18.
(pdftex.def)             Requested size: 212.0pt x 167.0094pt.
 <./structmavlink_1_1common_1_1msg_1_1MEMORY__VECT__coll__graph.pdf

pdfTeX warning: pdflatex (file ./structmavlink_1_1common_1_1msg_1_1MEMORY__VECT
__coll__graph.pdf): PDF inclusion: multiple pdfs with page group included in a 
single page
>
<structmavlink_1_1common_1_1msg_1_1MEMORY__VECT__coll__graph.pdf, id=22630, 212
.795pt x 167.62625pt>
File: structmavlink_1_1common_1_1msg_1_1MEMORY__VECT__coll__graph.pdf Graphic f
ile (type pdf)
<use structmavlink_1_1common_1_1msg_1_1MEMORY__VECT__coll__graph.pdf>
Package pdftex.def Info: structmavlink_1_1common_1_1msg_1_1MEMORY__VECT__coll__
graph.pdf  used on input line 27.
(pdftex.def)             Requested size: 212.0pt x 167.0094pt.
 [439] [440]) (./structmavlink_1_1Message.tex [441]
Overfull \hbox (58.21751pt too wide) in paragraph at lines 14--15
[]\T1/phv/m/n/10 Inherited by [], [],
 []


Overfull \hbox (38.66196pt too wide) in paragraph at lines 14--15
[]\T1/phv/m/n/10 , [], [],
 []


Overfull \hbox (138.5693pt too wide) in paragraph at lines 14--15
[]\T1/phv/m/n/10 , [], [],
 []


Underfull \hbox (badness 10000) in paragraph at lines 14--15
[]\T1/phv/m/n/10 , [],
 []


Overfull \hbox (130.81993pt too wide) in paragraph at lines 14--15
[]\T1/phv/m/n/10 , [], [],
 []


Overfull \hbox (130.06465pt too wide) in paragraph at lines 14--15
[]\T1/phv/m/n/10 , [], [],
 []


Underfull \hbox (badness 10000) in paragraph at lines 14--15
[]\T1/phv/m/n/10 , [],
 []


Overfull \hbox (164.2817pt too wide) in paragraph at lines 14--15
[]\T1/phv/m/n/10 , [], [],
 []


Overfull \hbox (60.38594pt too wide) in paragraph at lines 14--15
[]\T1/phv/m/n/10 , [],
 []


Overfull \hbox (92.85892pt too wide) in paragraph at lines 14--15
[]\T1/phv/m/n/10 , [], [],
 []


Overfull \hbox (73.70726pt too wide) in paragraph at lines 14--15
[]\T1/phv/m/n/10 , [], [],
 []


Overfull \hbox (51.49434pt too wide) in paragraph at lines 14--15
[]\T1/phv/m/n/10 , [],
 []


Overfull \hbox (54.57349pt too wide) in paragraph at lines 14--15
[]\T1/phv/m/n/10 , [], [],
 []


Overfull \hbox (117.24858pt too wide) in paragraph at lines 14--15
[]\T1/phv/m/n/10 , [], [],
 []


Overfull \hbox (142.81738pt too wide) in paragraph at lines 14--15
[]\T1/phv/m/n/10 , [], [],
 []


Overfull \hbox (39.4357pt too wide) in paragraph at lines 14--15
[]\T1/phv/m/n/10 , [], [],
 []


Overfull \hbox (84.53415pt too wide) in paragraph at lines 14--15
[]\T1/phv/m/n/10 , [], [],
 []


Overfull \hbox (38.10387pt too wide) in paragraph at lines 14--15
[]\T1/phv/m/n/10 , [], [],
 []


Overfull \hbox (49.55168pt too wide) in paragraph at lines 14--15
[]\T1/phv/m/n/10 , [], [],
 []


Overfull \hbox (34.95236pt too wide) in paragraph at lines 14--15
[]\T1/phv/m/n/10 , [],
 []


Overfull \hbox (85.27211pt too wide) in paragraph at lines 14--15
[]\T1/phv/m/n/10 , [], [],
 []


Overfull \hbox (27.85999pt too wide) in paragraph at lines 14--15
[]\T1/phv/m/n/10 , [],
 []


Overfull \hbox (51.31384pt too wide) in paragraph at lines 14--15
[]\T1/phv/m/n/10 , [],
 []


Overfull \hbox (101.0111pt too wide) in paragraph at lines 14--15
[]\T1/phv/m/n/10 , [],
 []


Underfull \hbox (badness 892) in paragraph at lines 14--15
[]\T1/phv/m/n/10 , [],
 []


Overfull \hbox (111.61392pt too wide) in paragraph at lines 14--15
[]\T1/phv/m/n/10 , [], [],
 []


Overfull \hbox (76.87477pt too wide) in paragraph at lines 14--15
[]\T1/phv/m/n/10 , [], [],
 []


Overfull \hbox (28.852pt too wide) in paragraph at lines 14--15
[]\T1/phv/m/n/10 , [], [],
 []


Overfull \hbox (34.6207pt too wide) in paragraph at lines 14--15
[]\T1/phv/m/n/10 , [], [],
 []


Overfull \hbox (109.85985pt too wide) in paragraph at lines 14--15
[]\T1/phv/m/n/10 , [], [],
 []


Overfull \hbox (68.65794pt too wide) in paragraph at lines 14--15
[]\T1/phv/m/n/10 , [], [],
 []


Overfull \hbox (59.02835pt too wide) in paragraph at lines 14--15
[]\T1/phv/m/n/10 , [], [],
 []


Overfull \hbox (126.59026pt too wide) in paragraph at lines 14--15
[]\T1/phv/m/n/10 , [], [],
 []


Overfull \hbox (100.98563pt too wide) in paragraph at lines 14--15
[]\T1/phv/m/n/10 , [], [],
 []


Underfull \hbox (badness 10000) in paragraph at lines 14--15
[]\T1/phv/m/n/10 , [],
 []


Overfull \hbox (35.77977pt too wide) in paragraph at lines 14--15
[]\T1/phv/m/n/10 , [],
 []


Overfull \hbox (65.05833pt too wide) in paragraph at lines 14--15
[]\T1/phv/m/n/10 , [], [],
 []


Overfull \hbox (49.32642pt too wide) in paragraph at lines 14--15
[]\T1/phv/m/n/10 , [], [],
 []


Overfull \hbox (114.67436pt too wide) in paragraph at lines 14--15
[]\T1/phv/m/n/10 , [], [],
 []


Overfull \hbox (89.0071pt too wide) in paragraph at lines 14--15
[]\T1/phv/m/n/10 , [], [],
 []


Overfull \hbox (94.19038pt too wide) in paragraph at lines 14--15
[]\T1/phv/m/n/10 , [], [],
 []


Overfull \hbox (73.34688pt too wide) in paragraph at lines 14--15
[]\T1/phv/m/n/10 , [], [],
 []


Overfull \hbox (130.51376pt too wide) in paragraph at lines 14--15
[]\T1/phv/m/n/10 , [], [],
 []


Overfull \hbox (214.79723pt too wide) in paragraph at lines 14--15
[]\T1/phv/m/n/10 , [], [],
 []


Underfull \hbox (badness 6125) in paragraph at lines 14--15
[]\T1/phv/m/n/10 , [],
 []


Overfull \hbox (129.01141pt too wide) in paragraph at lines 14--15
[]\T1/phv/m/n/10 , [], [],
 []


Underfull \hbox (badness 10000) in paragraph at lines 14--15
[]\T1/phv/m/n/10 , [],
 []


Overfull \hbox (178.7357pt too wide) in paragraph at lines 14--15
[]\T1/phv/m/n/10 , [], [],
 []


Overfull \hbox (27.61717pt too wide) in paragraph at lines 14--15
[]\T1/phv/m/n/10 , [],
 []


Overfull \hbox (26.46526pt too wide) in paragraph at lines 14--15
[]\T1/phv/m/n/10 , [],
 []


Overfull \hbox (23.21643pt too wide) in paragraph at lines 14--15
[]\T1/phv/m/n/10 , [],
 []


Overfull \hbox (132.68314pt too wide) in paragraph at lines 14--15
[]\T1/phv/m/n/10 , [], [],
 []


Overfull \hbox (117.60846pt too wide) in paragraph at lines 14--15
[]\T1/phv/m/n/10 , [], [],
 []


Overfull \hbox (141.85402pt too wide) in paragraph at lines 14--15
[]\T1/phv/m/n/10 , [], [],
 []


Overfull \hbox (132.96217pt too wide) in paragraph at lines 14--15
[]\T1/phv/m/n/10 , [], [],
 []


Underfull \hbox (badness 3364) in paragraph at lines 14--15
[]\T1/phv/m/n/10 , [], [],
 []


Overfull \hbox (110.03017pt too wide) in paragraph at lines 14--15
[]\T1/phv/m/n/10 , [], [],
 []


Overfull \hbox (155.98383pt too wide) in paragraph at lines 14--15
[]\T1/phv/m/n/10 , [], [],
 []


Overfull \hbox (30.7868pt too wide) in paragraph at lines 14--15
[]\T1/phv/m/n/10 , [], [],
 []


Overfull \hbox (77.94617pt too wide) in paragraph at lines 14--15
[]\T1/phv/m/n/10 , [], [],
 []


Overfull \hbox (114.35963pt too wide) in paragraph at lines 14--15
[]\T1/phv/m/n/10 , [], [],
 []


Overfull \hbox (137.0843pt too wide) in paragraph at lines 14--15
[]\T1/phv/m/n/10 , [], [],
 []


Underfull \hbox (badness 10000) in paragraph at lines 14--15
[]\T1/phv/m/n/10 , [],
 []


Overfull \hbox (102.62349pt too wide) in paragraph at lines 14--15
[]\T1/phv/m/n/10 , [], [],
 []


Overfull \hbox (95.38763pt too wide) in paragraph at lines 14--15
[]\T1/phv/m/n/10 , [], [],
 []


Overfull \hbox (121.44234pt too wide) in paragraph at lines 14--15
[]\T1/phv/m/n/10 , [], [],
 []


Underfull \hbox (badness 10000) in paragraph at lines 14--15
[]\T1/phv/m/n/10 , [],
 []


Underfull \hbox (badness 10000) in paragraph at lines 14--15
[]\T1/phv/m/n/10 , [],
 []


Overfull \hbox (160.33026pt too wide) in paragraph at lines 14--15
[]\T1/phv/m/n/10 , [], [],
 []


Overfull \hbox (161.86061pt too wide) in paragraph at lines 14--15
[]\T1/phv/m/n/10 , [], [],
 []


Overfull \hbox (104.72093pt too wide) in paragraph at lines 14--15
[]\T1/phv/m/n/10 , [], [],
 []


Overfull \hbox (42.70264pt too wide) in paragraph at lines 14--15
[]\T1/phv/m/n/10 , [], [],
 []


Overfull \hbox (82.47324pt too wide) in paragraph at lines 14--15
[]\T1/phv/m/n/10 , [], [],
 []


Overfull \hbox (203.39519pt too wide) in paragraph at lines 14--15
[]\T1/phv/m/n/10 , [], [],
 []


Underfull \hbox (badness 10000) in paragraph at lines 14--15
[]\T1/phv/m/n/10 , [],
 []


Overfull \hbox (155.2459pt too wide) in paragraph at lines 14--15
[]\T1/phv/m/n/10 , [], [],
 []


Underfull \hbox (badness 10000) in paragraph at lines 14--15
[]\T1/phv/m/n/10 , [],
 []


Overfull \hbox (119.22795pt too wide) in paragraph at lines 14--15
[]\T1/phv/m/n/10 , [], [],
 []

[442] [443]
Overfull \hbox (119.22795pt too wide) in paragraph at lines 77--78
[]\T1/phv/m/n/10 , [], [],
 []


Underfull \hbox (badness 10000) in paragraph at lines 77--78
[]\T1/phv/m/n/10 , [],
 []


Overfull \hbox (155.2459pt too wide) in paragraph at lines 77--78
[]\T1/phv/m/n/10 , [], [],
 []


Underfull \hbox (badness 10000) in paragraph at lines 77--78
[]\T1/phv/m/n/10 , [],
 []


Underfull \hbox (badness 10000) in paragraph at lines 77--78
[]\T1/phv/m/n/10 , [],
 []


Overfull \hbox (144.49113pt too wide) in paragraph at lines 77--78
[]\T1/phv/m/n/10 , [], [],
 []


Overfull \hbox (52.33261pt too wide) in paragraph at lines 77--78
[]\T1/phv/m/n/10 , [], [],
 []


Overfull \hbox (104.72983pt too wide) in paragraph at lines 77--78
[]\T1/phv/m/n/10 , [], [],
 []


Overfull \hbox (53.74564pt too wide) in paragraph at lines 77--78
[]\T1/phv/m/n/10 , [], [],
 []


Underfull \hbox (badness 10000) in paragraph at lines 77--78
[]\T1/phv/m/n/10 , [],
 []


Overfull \hbox (160.33026pt too wide) in paragraph at lines 77--78
[]\T1/phv/m/n/10 , [], [],
 []


Underfull \hbox (badness 10000) in paragraph at lines 77--78
[]\T1/phv/m/n/10 , [],
 []


Overfull \hbox (118.71527pt too wide) in paragraph at lines 77--78
[]\T1/phv/m/n/10 , [], [],
 []


Overfull \hbox (62.37616pt too wide) in paragraph at lines 77--78
[]\T1/phv/m/n/10 , [], [],
 []


Overfull \hbox (153.37367pt too wide) in paragraph at lines 77--78
[]\T1/phv/m/n/10 , [], [],
 []


Underfull \hbox (badness 10000) in paragraph at lines 77--78
[]\T1/phv/m/n/10 , [],
 []


Overfull \hbox (104.62181pt too wide) in paragraph at lines 77--78
[]\T1/phv/m/n/10 , [], [],
 []


Overfull \hbox (165.96478pt too wide) in paragraph at lines 77--78
[]\T1/phv/m/n/10 , [], [],
 []


Overfull \hbox (34.44086pt too wide) in paragraph at lines 77--78
[]\T1/phv/m/n/10 , [], [],
 []


Overfull \hbox (50.84755pt too wide) in paragraph at lines 77--78
[]\T1/phv/m/n/10 , [], [],
 []


Overfull \hbox (204.82573pt too wide) in paragraph at lines 77--78
[]\T1/phv/m/n/10 , [], [],
 []


Underfull \hbox (badness 2529) in paragraph at lines 77--78
[]\T1/phv/m/n/10 , [], [],
 []


Overfull \hbox (74.32816pt too wide) in paragraph at lines 77--78
[]\T1/phv/m/n/10 , [], [],
 []


Overfull \hbox (110.8405pt too wide) in paragraph at lines 77--78
[]\T1/phv/m/n/10 , [], [],
 []


Overfull \hbox (180.49033pt too wide) in paragraph at lines 77--78
[]\T1/phv/m/n/10 , [], [],
 []


Overfull \hbox (115.10657pt too wide) in paragraph at lines 77--78
[]\T1/phv/m/n/10 , [], [],
 []


Overfull \hbox (168.23264pt too wide) in paragraph at lines 77--78
[]\T1/phv/m/n/10 , [], [],
 []


Underfull \hbox (badness 10000) in paragraph at lines 77--78
[]\T1/phv/m/n/10 , [],
 []


Overfull \hbox (44.60902pt too wide) in paragraph at lines 77--78
[]\T1/phv/m/n/10 , [],
 []


Underfull \hbox (badness 1348) in paragraph at lines 77--78
[]\T1/phv/m/n/10 , [],
 []


Overfull \hbox (44.95116pt too wide) in paragraph at lines 77--78
[]\T1/phv/m/n/10 , [],
 []


Overfull \hbox (134.64537pt too wide) in paragraph at lines 77--78
[]\T1/phv/m/n/10 , [], [],
 []


Overfull \hbox (157.87405pt too wide) in paragraph at lines 77--78
[]\T1/phv/m/n/10 , [], [],
 []


Underfull \hbox (badness 10000) in paragraph at lines 77--78
[]\T1/phv/m/n/10 , [],
 []


Overfull \hbox (149.62036pt too wide) in paragraph at lines 77--78
[]\T1/phv/m/n/10 , [], [],
 []


Overfull \hbox (108.59908pt too wide) in paragraph at lines 77--78
[]\T1/phv/m/n/10 , [], [],
 []


Overfull \hbox (102.86638pt too wide) in paragraph at lines 77--78
[]\T1/phv/m/n/10 , [], [],
 []


Overfull \hbox (69.216pt too wide) in paragraph at lines 77--78
[]\T1/phv/m/n/10 , [], [],
 []


Overfull \hbox (104.92792pt too wide) in paragraph at lines 77--78
[]\T1/phv/m/n/10 , [], [],
 []


Overfull \hbox (84.81282pt too wide) in paragraph at lines 77--78
[]\T1/phv/m/n/10 , [], [],
 []


Overfull \hbox (123.6112pt too wide) in paragraph at lines 77--78
[]\T1/phv/m/n/10 , [], [],
 []


Overfull \hbox (96.11469pt too wide) in paragraph at lines 77--78
[]\T1/phv/m/n/10 , [],
 []


Overfull \hbox (118.14824pt too wide) in paragraph at lines 77--78
[]\T1/phv/m/n/10 , [], [],
 []


Overfull \hbox (135.9412pt too wide) in paragraph at lines 77--78
[]\T1/phv/m/n/10 , [], [],
 []


Overfull \hbox (77.02798pt too wide) in paragraph at lines 77--78
[]\T1/phv/m/n/10 , [], [],
 []


Overfull \hbox (87.65668pt too wide) in paragraph at lines 77--78
[]\T1/phv/m/n/10 , [], [],
 []


Overfull \hbox (74.94029pt too wide) in paragraph at lines 77--78
[]\T1/phv/m/n/10 , [], [],
 []


Overfull \hbox (50.19942pt too wide) in paragraph at lines 77--78
[]\T1/phv/m/n/10 , [], [],
 []


Overfull \hbox (22.14722pt too wide) in paragraph at lines 77--78
[]\T1/phv/m/n/10 , [], [],
 []


Overfull \hbox (43.89955pt too wide) in paragraph at lines 77--78
[]\T1/phv/m/n/10 , [], [],
 []


Overfull \hbox (40.17325pt too wide) in paragraph at lines 77--78
[]\T1/phv/m/n/10 , [], [],
 []


Overfull \hbox (41.53026pt too wide) in paragraph at lines 77--78
[]\T1/phv/m/n/10 , [],
 []


Overfull \hbox (25.88023pt too wide) in paragraph at lines 77--78
[]\T1/phv/m/n/10 , [],
 []


Overfull \hbox (97.87025pt too wide) in paragraph at lines 77--78
[]\T1/phv/m/n/10 , [],
 []


Overfull \hbox (39.58691pt too wide) in paragraph at lines 77--78
[]\T1/phv/m/n/10 , [],
 []


Overfull \hbox (43.69983pt too wide) in paragraph at lines 77--78
[]\T1/phv/m/n/10 , [],
 []


Overfull \hbox (80.2594pt too wide) in paragraph at lines 77--78
[]\T1/phv/m/n/10 , [], [],
 []


Underfull \hbox (badness 10000) in paragraph at lines 77--78
[]\T1/phv/m/n/10 , [],
 []


Underfull \hbox (badness 10000) in paragraph at lines 77--78
[]\T1/phv/m/n/10 , [],
 []


Overfull \hbox (70.11636pt too wide) in paragraph at lines 77--78
[]\T1/phv/m/n/10 , [], [],
 []


Overfull \hbox (46.60876pt too wide) in paragraph at lines 77--78
[]\T1/phv/m/n/10 , [], [],
 []


Overfull \hbox (47.53557pt too wide) in paragraph at lines 77--78
[]\T1/phv/m/n/10 , [], [],
 []


Overfull \hbox (134.51921pt too wide) in paragraph at lines 77--78
[]\T1/phv/m/n/10 , [], [],
 []


Overfull \hbox (121.23581pt too wide) in paragraph at lines 77--78
[]\T1/phv/m/n/10 , [], [],
 []


Underfull \hbox (badness 10000) in paragraph at lines 77--78
[]\T1/phv/m/n/10 , [],
 []


Overfull \hbox (28.31932pt too wide) in paragraph at lines 77--78
[]\T1/phv/m/n/10 , [],
 []


Overfull \hbox (80.82623pt too wide) in paragraph at lines 77--78
[]\T1/phv/m/n/10 , [], [],
 []


Overfull \hbox (130.20836pt too wide) in paragraph at lines 77--78
[]\T1/phv/m/n/10 , [], [],
 []


Underfull \hbox (badness 10000) in paragraph at lines 77--78
[]\T1/phv/m/n/10 , [],
 []


Overfull \hbox (56.34659pt too wide) in paragraph at lines 77--78
[]\T1/phv/m/n/10 , [], [],
 []


Overfull \hbox (187.18633pt too wide) in paragraph at lines 77--78
[]\T1/phv/m/n/10 , [], [],
 []


Overfull \hbox (22.07355pt too wide) in paragraph at lines 77--78
[]\T1/phv/m/n/10 , [],
 []


Overfull \hbox (167.51262pt too wide) in paragraph at lines 77--78
[]\T1/phv/m/n/10 , [], [],
 []


Underfull \hbox (badness 10000) in paragraph at lines 77--78
[]\T1/phv/m/n/10 , [],
 []


Overfull \hbox (71.69142pt too wide) in paragraph at lines 77--78
[]\T1/phv/m/n/10 , [], [],
 []


Overfull \hbox (247.55698pt too wide) in paragraph at lines 77--78
[]\T1/phv/m/n/10 , [], [],
 []


Overfull \hbox (107.69081pt too wide) in paragraph at lines 77--78
[]\T1/phv/m/n/10 , [], [],
 []


Overfull \hbox (74.08534pt too wide) in paragraph at lines 77--78
[]\T1/phv/m/n/10 , [], [],
 []


Underfull \hbox (badness 1728) in paragraph at lines 77--78
[]\T1/phv/m/n/10 , [], [],
 []


Overfull \hbox (196.2319pt too wide) in paragraph at lines 77--78
[]\T1/phv/m/n/10 , [], and []. 
 []

[444] [445]
Overfull \hbox (119.22795pt too wide) in paragraph at lines 91--92
[]\T1/phv/m/n/10 , [], [],
 []


Underfull \hbox (badness 10000) in paragraph at lines 91--92
[]\T1/phv/m/n/10 , [],
 []


Overfull \hbox (155.2459pt too wide) in paragraph at lines 91--92
[]\T1/phv/m/n/10 , [], [],
 []


Underfull \hbox (badness 10000) in paragraph at lines 91--92
[]\T1/phv/m/n/10 , [],
 []


Underfull \hbox (badness 10000) in paragraph at lines 91--92
[]\T1/phv/m/n/10 , [],
 []


Overfull \hbox (144.49113pt too wide) in paragraph at lines 91--92
[]\T1/phv/m/n/10 , [], [],
 []


Overfull \hbox (52.33261pt too wide) in paragraph at lines 91--92
[]\T1/phv/m/n/10 , [], [],
 []


Overfull \hbox (104.72983pt too wide) in paragraph at lines 91--92
[]\T1/phv/m/n/10 , [], [],
 []


Overfull \hbox (53.74564pt too wide) in paragraph at lines 91--92
[]\T1/phv/m/n/10 , [], [],
 []


Underfull \hbox (badness 10000) in paragraph at lines 91--92
[]\T1/phv/m/n/10 , [],
 []


Overfull \hbox (160.33026pt too wide) in paragraph at lines 91--92
[]\T1/phv/m/n/10 , [], [],
 []


Underfull \hbox (badness 10000) in paragraph at lines 91--92
[]\T1/phv/m/n/10 , [],
 []


Overfull \hbox (118.71527pt too wide) in paragraph at lines 91--92
[]\T1/phv/m/n/10 , [], [],
 []


Overfull \hbox (62.37616pt too wide) in paragraph at lines 91--92
[]\T1/phv/m/n/10 , [], [],
 []


Overfull \hbox (153.37367pt too wide) in paragraph at lines 91--92
[]\T1/phv/m/n/10 , [], [],
 []


Underfull \hbox (badness 10000) in paragraph at lines 91--92
[]\T1/phv/m/n/10 , [],
 []


Overfull \hbox (104.62181pt too wide) in paragraph at lines 91--92
[]\T1/phv/m/n/10 , [], [],
 []


Overfull \hbox (165.96478pt too wide) in paragraph at lines 91--92
[]\T1/phv/m/n/10 , [], [],
 []


Overfull \hbox (34.44086pt too wide) in paragraph at lines 91--92
[]\T1/phv/m/n/10 , [], [],
 []


Overfull \hbox (50.84755pt too wide) in paragraph at lines 91--92
[]\T1/phv/m/n/10 , [], [],
 []


Overfull \hbox (204.82573pt too wide) in paragraph at lines 91--92
[]\T1/phv/m/n/10 , [], [],
 []


Underfull \hbox (badness 2529) in paragraph at lines 91--92
[]\T1/phv/m/n/10 , [], [],
 []


Overfull \hbox (74.32816pt too wide) in paragraph at lines 91--92
[]\T1/phv/m/n/10 , [], [],
 []


Overfull \hbox (110.8405pt too wide) in paragraph at lines 91--92
[]\T1/phv/m/n/10 , [], [],
 []


Overfull \hbox (180.49033pt too wide) in paragraph at lines 91--92
[]\T1/phv/m/n/10 , [], [],
 []


Overfull \hbox (115.10657pt too wide) in paragraph at lines 91--92
[]\T1/phv/m/n/10 , [], [],
 []


Overfull \hbox (168.23264pt too wide) in paragraph at lines 91--92
[]\T1/phv/m/n/10 , [], [],
 []


Underfull \hbox (badness 10000) in paragraph at lines 91--92
[]\T1/phv/m/n/10 , [],
 []


Overfull \hbox (44.60902pt too wide) in paragraph at lines 91--92
[]\T1/phv/m/n/10 , [],
 []


Underfull \hbox (badness 1348) in paragraph at lines 91--92
[]\T1/phv/m/n/10 , [],
 []


Overfull \hbox (44.95116pt too wide) in paragraph at lines 91--92
[]\T1/phv/m/n/10 , [],
 []


Overfull \hbox (134.64537pt too wide) in paragraph at lines 91--92
[]\T1/phv/m/n/10 , [], [],
 []


Overfull \hbox (157.87405pt too wide) in paragraph at lines 91--92
[]\T1/phv/m/n/10 , [], [],
 []


Underfull \hbox (badness 10000) in paragraph at lines 91--92
[]\T1/phv/m/n/10 , [],
 []


Overfull \hbox (149.62036pt too wide) in paragraph at lines 91--92
[]\T1/phv/m/n/10 , [], [],
 []


Overfull \hbox (108.59908pt too wide) in paragraph at lines 91--92
[]\T1/phv/m/n/10 , [], [],
 []


Overfull \hbox (102.86638pt too wide) in paragraph at lines 91--92
[]\T1/phv/m/n/10 , [], [],
 []


Overfull \hbox (69.216pt too wide) in paragraph at lines 91--92
[]\T1/phv/m/n/10 , [], [],
 []


Overfull \hbox (104.92792pt too wide) in paragraph at lines 91--92
[]\T1/phv/m/n/10 , [], [],
 []


Overfull \hbox (84.81282pt too wide) in paragraph at lines 91--92
[]\T1/phv/m/n/10 , [], [],
 []


Overfull \hbox (123.6112pt too wide) in paragraph at lines 91--92
[]\T1/phv/m/n/10 , [], [],
 []


Overfull \hbox (96.11469pt too wide) in paragraph at lines 91--92
[]\T1/phv/m/n/10 , [],
 []


Overfull \hbox (118.14824pt too wide) in paragraph at lines 91--92
[]\T1/phv/m/n/10 , [], [],
 []


Overfull \hbox (135.9412pt too wide) in paragraph at lines 91--92
[]\T1/phv/m/n/10 , [], [],
 []


Overfull \hbox (77.02798pt too wide) in paragraph at lines 91--92
[]\T1/phv/m/n/10 , [], [],
 []


Overfull \hbox (87.65668pt too wide) in paragraph at lines 91--92
[]\T1/phv/m/n/10 , [], [],
 []


Overfull \hbox (74.94029pt too wide) in paragraph at lines 91--92
[]\T1/phv/m/n/10 , [], [],
 []


Overfull \hbox (50.19942pt too wide) in paragraph at lines 91--92
[]\T1/phv/m/n/10 , [], [],
 []


Overfull \hbox (22.14722pt too wide) in paragraph at lines 91--92
[]\T1/phv/m/n/10 , [], [],
 []


Overfull \hbox (43.89955pt too wide) in paragraph at lines 91--92
[]\T1/phv/m/n/10 , [], [],
 []


Overfull \hbox (40.17325pt too wide) in paragraph at lines 91--92
[]\T1/phv/m/n/10 , [], [],
 []


Overfull \hbox (41.53026pt too wide) in paragraph at lines 91--92
[]\T1/phv/m/n/10 , [],
 []


Overfull \hbox (25.88023pt too wide) in paragraph at lines 91--92
[]\T1/phv/m/n/10 , [],
 []


Overfull \hbox (97.87025pt too wide) in paragraph at lines 91--92
[]\T1/phv/m/n/10 , [],
 []


Overfull \hbox (39.58691pt too wide) in paragraph at lines 91--92
[]\T1/phv/m/n/10 , [],
 []


Overfull \hbox (43.69983pt too wide) in paragraph at lines 91--92
[]\T1/phv/m/n/10 , [],
 []


Overfull \hbox (80.2594pt too wide) in paragraph at lines 91--92
[]\T1/phv/m/n/10 , [], [],
 []


Underfull \hbox (badness 10000) in paragraph at lines 91--92
[]\T1/phv/m/n/10 , [],
 []


Underfull \hbox (badness 10000) in paragraph at lines 91--92
[]\T1/phv/m/n/10 , [],
 []


Overfull \hbox (70.11636pt too wide) in paragraph at lines 91--92
[]\T1/phv/m/n/10 , [], [],
 []


Overfull \hbox (46.60876pt too wide) in paragraph at lines 91--92
[]\T1/phv/m/n/10 , [], [],
 []


Overfull \hbox (47.53557pt too wide) in paragraph at lines 91--92
[]\T1/phv/m/n/10 , [], [],
 []


Overfull \hbox (134.51921pt too wide) in paragraph at lines 91--92
[]\T1/phv/m/n/10 , [], [],
 []


Overfull \hbox (121.23581pt too wide) in paragraph at lines 91--92
[]\T1/phv/m/n/10 , [], [],
 []


Underfull \hbox (badness 10000) in paragraph at lines 91--92
[]\T1/phv/m/n/10 , [],
 []


Overfull \hbox (28.31932pt too wide) in paragraph at lines 91--92
[]\T1/phv/m/n/10 , [],
 []


Overfull \hbox (80.82623pt too wide) in paragraph at lines 91--92
[]\T1/phv/m/n/10 , [], [],
 []


Overfull \hbox (130.20836pt too wide) in paragraph at lines 91--92
[]\T1/phv/m/n/10 , [], [],
 []


Underfull \hbox (badness 10000) in paragraph at lines 91--92
[]\T1/phv/m/n/10 , [],
 []


Overfull \hbox (56.34659pt too wide) in paragraph at lines 91--92
[]\T1/phv/m/n/10 , [], [],
 []


Overfull \hbox (187.18633pt too wide) in paragraph at lines 91--92
[]\T1/phv/m/n/10 , [], [],
 []


Overfull \hbox (22.07355pt too wide) in paragraph at lines 91--92
[]\T1/phv/m/n/10 , [],
 []


Overfull \hbox (167.51262pt too wide) in paragraph at lines 91--92
[]\T1/phv/m/n/10 , [], [],
 []


Underfull \hbox (badness 10000) in paragraph at lines 91--92
[]\T1/phv/m/n/10 , [],
 []


Overfull \hbox (71.69142pt too wide) in paragraph at lines 91--92
[]\T1/phv/m/n/10 , [], [],
 []


Overfull \hbox (247.55698pt too wide) in paragraph at lines 91--92
[]\T1/phv/m/n/10 , [], [],
 []


Overfull \hbox (107.69081pt too wide) in paragraph at lines 91--92
[]\T1/phv/m/n/10 , [], [],
 []


Overfull \hbox (74.08534pt too wide) in paragraph at lines 91--92
[]\T1/phv/m/n/10 , [], [],
 []


Underfull \hbox (badness 1728) in paragraph at lines 91--92
[]\T1/phv/m/n/10 , [], [],
 []


Overfull \hbox (196.2319pt too wide) in paragraph at lines 91--92
[]\T1/phv/m/n/10 , [], and []. 
 []

[446] [447]
Overfull \hbox (119.22795pt too wide) in paragraph at lines 110--111
[]\T1/phv/m/n/10 , [], [],
 []


Underfull \hbox (badness 10000) in paragraph at lines 110--111
[]\T1/phv/m/n/10 , [],
 []


Overfull \hbox (155.2459pt too wide) in paragraph at lines 110--111
[]\T1/phv/m/n/10 , [], [],
 []


Underfull \hbox (badness 10000) in paragraph at lines 110--111
[]\T1/phv/m/n/10 , [],
 []


Underfull \hbox (badness 10000) in paragraph at lines 110--111
[]\T1/phv/m/n/10 , [],
 []


Overfull \hbox (144.49113pt too wide) in paragraph at lines 110--111
[]\T1/phv/m/n/10 , [], [],
 []


Overfull \hbox (52.33261pt too wide) in paragraph at lines 110--111
[]\T1/phv/m/n/10 , [], [],
 []


Overfull \hbox (104.72983pt too wide) in paragraph at lines 110--111
[]\T1/phv/m/n/10 , [], [],
 []


Overfull \hbox (53.74564pt too wide) in paragraph at lines 110--111
[]\T1/phv/m/n/10 , [], [],
 []


Underfull \hbox (badness 10000) in paragraph at lines 110--111
[]\T1/phv/m/n/10 , [],
 []


Overfull \hbox (160.33026pt too wide) in paragraph at lines 110--111
[]\T1/phv/m/n/10 , [], [],
 []


Underfull \hbox (badness 10000) in paragraph at lines 110--111
[]\T1/phv/m/n/10 , [],
 []


Overfull \hbox (118.71527pt too wide) in paragraph at lines 110--111
[]\T1/phv/m/n/10 , [], [],
 []


Overfull \hbox (62.37616pt too wide) in paragraph at lines 110--111
[]\T1/phv/m/n/10 , [], [],
 []


Overfull \hbox (153.37367pt too wide) in paragraph at lines 110--111
[]\T1/phv/m/n/10 , [], [],
 []


Underfull \hbox (badness 10000) in paragraph at lines 110--111
[]\T1/phv/m/n/10 , [],
 []


Overfull \hbox (104.62181pt too wide) in paragraph at lines 110--111
[]\T1/phv/m/n/10 , [], [],
 []


Overfull \hbox (165.96478pt too wide) in paragraph at lines 110--111
[]\T1/phv/m/n/10 , [], [],
 []


Overfull \hbox (34.44086pt too wide) in paragraph at lines 110--111
[]\T1/phv/m/n/10 , [], [],
 []


Overfull \hbox (50.84755pt too wide) in paragraph at lines 110--111
[]\T1/phv/m/n/10 , [], [],
 []


Overfull \hbox (204.82573pt too wide) in paragraph at lines 110--111
[]\T1/phv/m/n/10 , [], [],
 []


Underfull \hbox (badness 2529) in paragraph at lines 110--111
[]\T1/phv/m/n/10 , [], [],
 []


Overfull \hbox (74.32816pt too wide) in paragraph at lines 110--111
[]\T1/phv/m/n/10 , [], [],
 []


Overfull \hbox (110.8405pt too wide) in paragraph at lines 110--111
[]\T1/phv/m/n/10 , [], [],
 []


Overfull \hbox (180.49033pt too wide) in paragraph at lines 110--111
[]\T1/phv/m/n/10 , [], [],
 []


Overfull \hbox (115.10657pt too wide) in paragraph at lines 110--111
[]\T1/phv/m/n/10 , [], [],
 []


Overfull \hbox (168.23264pt too wide) in paragraph at lines 110--111
[]\T1/phv/m/n/10 , [], [],
 []


Underfull \hbox (badness 10000) in paragraph at lines 110--111
[]\T1/phv/m/n/10 , [],
 []


Overfull \hbox (44.60902pt too wide) in paragraph at lines 110--111
[]\T1/phv/m/n/10 , [],
 []


Underfull \hbox (badness 1348) in paragraph at lines 110--111
[]\T1/phv/m/n/10 , [],
 []


Overfull \hbox (44.95116pt too wide) in paragraph at lines 110--111
[]\T1/phv/m/n/10 , [],
 []


Overfull \hbox (134.64537pt too wide) in paragraph at lines 110--111
[]\T1/phv/m/n/10 , [], [],
 []


Overfull \hbox (157.87405pt too wide) in paragraph at lines 110--111
[]\T1/phv/m/n/10 , [], [],
 []


Underfull \hbox (badness 10000) in paragraph at lines 110--111
[]\T1/phv/m/n/10 , [],
 []


Overfull \hbox (149.62036pt too wide) in paragraph at lines 110--111
[]\T1/phv/m/n/10 , [], [],
 []


Overfull \hbox (108.59908pt too wide) in paragraph at lines 110--111
[]\T1/phv/m/n/10 , [], [],
 []


Overfull \hbox (102.86638pt too wide) in paragraph at lines 110--111
[]\T1/phv/m/n/10 , [], [],
 []


Overfull \hbox (69.216pt too wide) in paragraph at lines 110--111
[]\T1/phv/m/n/10 , [], [],
 []


Overfull \hbox (104.92792pt too wide) in paragraph at lines 110--111
[]\T1/phv/m/n/10 , [], [],
 []


Overfull \hbox (84.81282pt too wide) in paragraph at lines 110--111
[]\T1/phv/m/n/10 , [], [],
 []


Overfull \hbox (123.6112pt too wide) in paragraph at lines 110--111
[]\T1/phv/m/n/10 , [], [],
 []


Overfull \hbox (96.11469pt too wide) in paragraph at lines 110--111
[]\T1/phv/m/n/10 , [],
 []


Overfull \hbox (118.14824pt too wide) in paragraph at lines 110--111
[]\T1/phv/m/n/10 , [], [],
 []


Overfull \hbox (135.9412pt too wide) in paragraph at lines 110--111
[]\T1/phv/m/n/10 , [], [],
 []


Overfull \hbox (77.02798pt too wide) in paragraph at lines 110--111
[]\T1/phv/m/n/10 , [], [],
 []


Overfull \hbox (87.65668pt too wide) in paragraph at lines 110--111
[]\T1/phv/m/n/10 , [], [],
 []


Overfull \hbox (74.94029pt too wide) in paragraph at lines 110--111
[]\T1/phv/m/n/10 , [], [],
 []


Overfull \hbox (50.19942pt too wide) in paragraph at lines 110--111
[]\T1/phv/m/n/10 , [], [],
 []


Overfull \hbox (22.14722pt too wide) in paragraph at lines 110--111
[]\T1/phv/m/n/10 , [], [],
 []


Overfull \hbox (43.89955pt too wide) in paragraph at lines 110--111
[]\T1/phv/m/n/10 , [], [],
 []


Overfull \hbox (40.17325pt too wide) in paragraph at lines 110--111
[]\T1/phv/m/n/10 , [], [],
 []


Overfull \hbox (41.53026pt too wide) in paragraph at lines 110--111
[]\T1/phv/m/n/10 , [],
 []


Overfull \hbox (25.88023pt too wide) in paragraph at lines 110--111
[]\T1/phv/m/n/10 , [],
 []


Overfull \hbox (97.87025pt too wide) in paragraph at lines 110--111
[]\T1/phv/m/n/10 , [],
 []


Overfull \hbox (39.58691pt too wide) in paragraph at lines 110--111
[]\T1/phv/m/n/10 , [],
 []


Overfull \hbox (43.69983pt too wide) in paragraph at lines 110--111
[]\T1/phv/m/n/10 , [],
 []


Overfull \hbox (80.2594pt too wide) in paragraph at lines 110--111
[]\T1/phv/m/n/10 , [], [],
 []


Underfull \hbox (badness 10000) in paragraph at lines 110--111
[]\T1/phv/m/n/10 , [],
 []


Underfull \hbox (badness 10000) in paragraph at lines 110--111
[]\T1/phv/m/n/10 , [],
 []


Overfull \hbox (70.11636pt too wide) in paragraph at lines 110--111
[]\T1/phv/m/n/10 , [], [],
 []


Overfull \hbox (46.60876pt too wide) in paragraph at lines 110--111
[]\T1/phv/m/n/10 , [], [],
 []


Overfull \hbox (47.53557pt too wide) in paragraph at lines 110--111
[]\T1/phv/m/n/10 , [], [],
 []


Overfull \hbox (134.51921pt too wide) in paragraph at lines 110--111
[]\T1/phv/m/n/10 , [], [],
 []


Overfull \hbox (121.23581pt too wide) in paragraph at lines 110--111
[]\T1/phv/m/n/10 , [], [],
 []


Underfull \hbox (badness 10000) in paragraph at lines 110--111
[]\T1/phv/m/n/10 , [],
 []


Overfull \hbox (28.31932pt too wide) in paragraph at lines 110--111
[]\T1/phv/m/n/10 , [],
 []


Overfull \hbox (80.82623pt too wide) in paragraph at lines 110--111
[]\T1/phv/m/n/10 , [], [],
 []


Overfull \hbox (130.20836pt too wide) in paragraph at lines 110--111
[]\T1/phv/m/n/10 , [], [],
 []


Underfull \hbox (badness 10000) in paragraph at lines 110--111
[]\T1/phv/m/n/10 , [],
 []


Overfull \hbox (56.34659pt too wide) in paragraph at lines 110--111
[]\T1/phv/m/n/10 , [], [],
 []


Overfull \hbox (187.18633pt too wide) in paragraph at lines 110--111
[]\T1/phv/m/n/10 , [], [],
 []


Overfull \hbox (22.07355pt too wide) in paragraph at lines 110--111
[]\T1/phv/m/n/10 , [],
 []


Overfull \hbox (167.51262pt too wide) in paragraph at lines 110--111
[]\T1/phv/m/n/10 , [], [],
 []


Underfull \hbox (badness 10000) in paragraph at lines 110--111
[]\T1/phv/m/n/10 , [],
 []


Overfull \hbox (71.69142pt too wide) in paragraph at lines 110--111
[]\T1/phv/m/n/10 , [], [],
 []


Overfull \hbox (247.55698pt too wide) in paragraph at lines 110--111
[]\T1/phv/m/n/10 , [], [],
 []


Overfull \hbox (107.69081pt too wide) in paragraph at lines 110--111
[]\T1/phv/m/n/10 , [], [],
 []


Overfull \hbox (74.08534pt too wide) in paragraph at lines 110--111
[]\T1/phv/m/n/10 , [], [],
 []


Underfull \hbox (badness 1728) in paragraph at lines 110--111
[]\T1/phv/m/n/10 , [], [],
 []


Overfull \hbox (196.2319pt too wide) in paragraph at lines 110--111
[]\T1/phv/m/n/10 , [], and []. 
 []

[448]) (./structmavlink_1_1common_1_1msg_1_1MESSAGE__INTERVAL.tex <./structmavl
ink_1_1common_1_1msg_1_1MESSAGE__INTERVAL__inherit__graph.pdf

pdfTeX warning: pdflatex (file ./structmavlink_1_1common_1_1msg_1_1MESSAGE__INT
ERVAL__inherit__graph.pdf): PDF inclusion: multiple pdfs with page group includ
ed in a single page
>
<structmavlink_1_1common_1_1msg_1_1MESSAGE__INTERVAL__inherit__graph.pdf, id=24
028, 212.795pt x 167.62625pt>
File: structmavlink_1_1common_1_1msg_1_1MESSAGE__INTERVAL__inherit__graph.pdf G
raphic file (type pdf)
<use structmavlink_1_1common_1_1msg_1_1MESSAGE__INTERVAL__inherit__graph.pdf>
Package pdftex.def Info: structmavlink_1_1common_1_1msg_1_1MESSAGE__INTERVAL__i
nherit__graph.pdf  used on input line 18.
(pdftex.def)             Requested size: 212.0pt x 167.0094pt.
 [449] <./structmavlink_1_1common_1_1msg_1_1MESSAGE__INTERVAL__coll__graph.pdf

pdfTeX warning: pdflatex (file ./structmavlink_1_1common_1_1msg_1_1MESSAGE__INT
ERVAL__coll__graph.pdf): PDF inclusion: multiple pdfs with page group included 
in a single page
>
<structmavlink_1_1common_1_1msg_1_1MESSAGE__INTERVAL__coll__graph.pdf, id=24041
, 212.795pt x 167.62625pt>
File: structmavlink_1_1common_1_1msg_1_1MESSAGE__INTERVAL__coll__graph.pdf Grap
hic file (type pdf)
<use structmavlink_1_1common_1_1msg_1_1MESSAGE__INTERVAL__coll__graph.pdf>
Package pdftex.def Info: structmavlink_1_1common_1_1msg_1_1MESSAGE__INTERVAL__c
oll__graph.pdf  used on input line 27.
(pdftex.def)             Requested size: 212.0pt x 167.0094pt.
 [450]
Overfull \hbox (432.75645pt too wide) in paragraph at lines 78--78
[] \T1/pcr/m/n/8 This message is sent in response to the MAV_CMD_REQUEST_MESSAG
E command with param1=244 (this message) and param2=message_id (the id of the m
essage for which the interval is required).[] 
 []


Underfull \hbox (badness 4441) in paragraph at lines 80--81
\T1/phv/m/n/10 It may also be sent in re-sponse to MAV[]_[][]CMD[]_[][]GET[]_[]
[]MESSAGE[]_[][]INTERVAL. This in-ter-face re-places
 []

[451]) (./classmessage__sender.tex
LaTeX Font Info:    Font shape `TS1/phv/m/it' in size <9> not available
(Font)              Font shape `TS1/phv/m/sl' tried instead on input line 20.
LaTeX Font Info:    Font shape `TS1/phv/m/sl' will be
(Font)              scaled to size 8.09995pt on input line 20.
 [452]
Underfull \hbox (badness 10000) detected at line 69
[][][]
 []


Underfull \hbox (badness 10000) detected at line 82
[][][]
 []

LaTeX Font Info:    Font shape `T1/pcr/m/it' in size <7> not available
(Font)              Font shape `T1/pcr/m/sl' tried instead on input line 89.
[453]
Underfull \hbox (badness 10000) detected at line 114
[][][]
 []

) (./structmavlink_1_1common_1_1msg_1_1MISSION__ACK.tex <./structmavlink_1_1com
mon_1_1msg_1_1MISSION__ACK__inherit__graph.pdf

pdfTeX warning: pdflatex (file ./structmavlink_1_1common_1_1msg_1_1MISSION__ACK
__inherit__graph.pdf): PDF inclusion: multiple pdfs with page group included in
 a single page
>
<structmavlink_1_1common_1_1msg_1_1MISSION__ACK__inherit__graph.pdf, id=24120, 
212.795pt x 167.62625pt>
File: structmavlink_1_1common_1_1msg_1_1MISSION__ACK__inherit__graph.pdf Graphi
c file (type pdf)
<use structmavlink_1_1common_1_1msg_1_1MISSION__ACK__inherit__graph.pdf>
Package pdftex.def Info: structmavlink_1_1common_1_1msg_1_1MISSION__ACK__inheri
t__graph.pdf  used on input line 18.
(pdftex.def)             Requested size: 212.0pt x 167.0094pt.
 <./structmavlink_1_1common_1_1msg_1_1MISSION__ACK__coll__graph.pdf

pdfTeX warning: pdflatex (file ./structmavlink_1_1common_1_1msg_1_1MISSION__ACK
__coll__graph.pdf): PDF inclusion: multiple pdfs with page group included in a 
single page
>
<structmavlink_1_1common_1_1msg_1_1MISSION__ACK__coll__graph.pdf, id=24128, 212
.795pt x 167.62625pt>
File: structmavlink_1_1common_1_1msg_1_1MISSION__ACK__coll__graph.pdf Graphic f
ile (type pdf)
<use structmavlink_1_1common_1_1msg_1_1MISSION__ACK__coll__graph.pdf>
Package pdftex.def Info: structmavlink_1_1common_1_1msg_1_1MISSION__ACK__coll__
graph.pdf  used on input line 27.
(pdftex.def)             Requested size: 212.0pt x 167.0094pt.
 [454] [455]) (./structmavlink_1_1common_1_1msg_1_1MISSION__CLEAR__ALL.tex
[456] <./structmavlink_1_1common_1_1msg_1_1MISSION__CLEAR__ALL__inherit__graph.
pdf

pdfTeX warning: pdflatex (file ./structmavlink_1_1common_1_1msg_1_1MISSION__CLE
AR__ALL__inherit__graph.pdf): PDF inclusion: multiple pdfs with page group incl
uded in a single page
>
<structmavlink_1_1common_1_1msg_1_1MISSION__CLEAR__ALL__inherit__graph.pdf, id=
24186, 212.795pt x 167.62625pt>
File: structmavlink_1_1common_1_1msg_1_1MISSION__CLEAR__ALL__inherit__graph.pdf
 Graphic file (type pdf)
<use structmavlink_1_1common_1_1msg_1_1MISSION__CLEAR__ALL__inherit__graph.pdf>

Package pdftex.def Info: structmavlink_1_1common_1_1msg_1_1MISSION__CLEAR__ALL_
_inherit__graph.pdf  used on input line 18.
(pdftex.def)             Requested size: 212.0pt x 167.0094pt.
 <./structmavlink_1_1common_1_1msg_1_1MISSION__CLEAR__ALL__coll__graph.pdf

pdfTeX warning: pdflatex (file ./structmavlink_1_1common_1_1msg_1_1MISSION__CLE
AR__ALL__coll__graph.pdf): PDF inclusion: multiple pdfs with page group include
d in a single page
>
<structmavlink_1_1common_1_1msg_1_1MISSION__CLEAR__ALL__coll__graph.pdf, id=241
94, 212.795pt x 167.62625pt>
File: structmavlink_1_1common_1_1msg_1_1MISSION__CLEAR__ALL__coll__graph.pdf Gr
aphic file (type pdf)
<use structmavlink_1_1common_1_1msg_1_1MISSION__CLEAR__ALL__coll__graph.pdf>
Package pdftex.def Info: structmavlink_1_1common_1_1msg_1_1MISSION__CLEAR__ALL_
_coll__graph.pdf  used on input line 27.
(pdftex.def)             Requested size: 212.0pt x 167.0094pt.
 [457] [458]) (./structmavlink_1_1common_1_1msg_1_1MISSION__COUNT.tex <./struct
mavlink_1_1common_1_1msg_1_1MISSION__COUNT__inherit__graph.pdf

pdfTeX warning: pdflatex (file ./structmavlink_1_1common_1_1msg_1_1MISSION__COU
NT__inherit__graph.pdf): PDF inclusion: multiple pdfs with page group included 
in a single page
>
<structmavlink_1_1common_1_1msg_1_1MISSION__COUNT__inherit__graph.pdf, id=24244
, 212.795pt x 167.62625pt>
File: structmavlink_1_1common_1_1msg_1_1MISSION__COUNT__inherit__graph.pdf Grap
hic file (type pdf)
<use structmavlink_1_1common_1_1msg_1_1MISSION__COUNT__inherit__graph.pdf>
Package pdftex.def Info: structmavlink_1_1common_1_1msg_1_1MISSION__COUNT__inhe
rit__graph.pdf  used on input line 18.
(pdftex.def)             Requested size: 212.0pt x 167.0094pt.
 <./structmavlink_1_1common_1_1msg_1_1MISSION__COUNT__coll__graph.pdf

pdfTeX warning: pdflatex (file ./structmavlink_1_1common_1_1msg_1_1MISSION__COU
NT__coll__graph.pdf): PDF inclusion: multiple pdfs with page group included in 
a single page
>
<structmavlink_1_1common_1_1msg_1_1MISSION__COUNT__coll__graph.pdf, id=24252, 2
12.795pt x 167.62625pt>
File: structmavlink_1_1common_1_1msg_1_1MISSION__COUNT__coll__graph.pdf Graphic
 file (type pdf)
<use structmavlink_1_1common_1_1msg_1_1MISSION__COUNT__coll__graph.pdf>
Package pdftex.def Info: structmavlink_1_1common_1_1msg_1_1MISSION__COUNT__coll
__graph.pdf  used on input line 27.
(pdftex.def)             Requested size: 212.0pt x 167.0094pt.
 [459] [460]) (./structmavlink_1_1common_1_1msg_1_1MISSION__CURRENT.tex <./stru
ctmavlink_1_1common_1_1msg_1_1MISSION__CURRENT__inherit__graph.pdf

pdfTeX warning: pdflatex (file ./structmavlink_1_1common_1_1msg_1_1MISSION__CUR
RENT__inherit__graph.pdf): PDF inclusion: multiple pdfs with page group include
d in a single page
>
<structmavlink_1_1common_1_1msg_1_1MISSION__CURRENT__inherit__graph.pdf, id=243
03, 212.795pt x 167.62625pt>
File: structmavlink_1_1common_1_1msg_1_1MISSION__CURRENT__inherit__graph.pdf Gr
aphic file (type pdf)
<use structmavlink_1_1common_1_1msg_1_1MISSION__CURRENT__inherit__graph.pdf>
Package pdftex.def Info: structmavlink_1_1common_1_1msg_1_1MISSION__CURRENT__in
herit__graph.pdf  used on input line 18.
(pdftex.def)             Requested size: 212.0pt x 167.0094pt.
 [461] <./structmavlink_1_1common_1_1msg_1_1MISSION__CURRENT__coll__graph.pdf

pdfTeX warning: pdflatex (file ./structmavlink_1_1common_1_1msg_1_1MISSION__CUR
RENT__coll__graph.pdf): PDF inclusion: multiple pdfs with page group included i
n a single page
>
<structmavlink_1_1common_1_1msg_1_1MISSION__CURRENT__coll__graph.pdf, id=24317,
 212.795pt x 167.62625pt>
File: structmavlink_1_1common_1_1msg_1_1MISSION__CURRENT__coll__graph.pdf Graph
ic file (type pdf)
<use structmavlink_1_1common_1_1msg_1_1MISSION__CURRENT__coll__graph.pdf>
Package pdftex.def Info: structmavlink_1_1common_1_1msg_1_1MISSION__CURRENT__co
ll__graph.pdf  used on input line 27.
(pdftex.def)             Requested size: 212.0pt x 167.0094pt.
 [462]
Overfull \hbox (264.75635pt too wide) in paragraph at lines 92--92
[] \T1/pcr/m/n/8 Message that announces the sequence number of the current targ
et mission item (that the system will fly towards/execute when the mission is r
unning). 
 []


Overfull \hbox (53.55621pt too wide) in paragraph at lines 94--94
[] \T1/pcr/m/n/8 This message should be emitted following a call to MAV_CMD_DO_
SET_MISSION_CURRENT or MISSION_SET_CURRENT.[] 
 []

[463]) (./structmavlink_1_1common_1_1msg_1_1MISSION__ITEM.tex <./structmavlink_
1_1common_1_1msg_1_1MISSION__ITEM__inherit__graph.pdf

pdfTeX warning: pdflatex (file ./structmavlink_1_1common_1_1msg_1_1MISSION__ITE
M__inherit__graph.pdf): PDF inclusion: multiple pdfs with page group included i
n a single page
>
<structmavlink_1_1common_1_1msg_1_1MISSION__ITEM__inherit__graph.pdf, id=24371,
 212.795pt x 167.62625pt>
File: structmavlink_1_1common_1_1msg_1_1MISSION__ITEM__inherit__graph.pdf Graph
ic file (type pdf)
<use structmavlink_1_1common_1_1msg_1_1MISSION__ITEM__inherit__graph.pdf>
Package pdftex.def Info: structmavlink_1_1common_1_1msg_1_1MISSION__ITEM__inher
it__graph.pdf  used on input line 18.
(pdftex.def)             Requested size: 212.0pt x 167.0094pt.
 <./structmavlink_1_1common_1_1msg_1_1MISSION__ITEM__coll__graph.pdf

pdfTeX warning: pdflatex (file ./structmavlink_1_1common_1_1msg_1_1MISSION__ITE
M__coll__graph.pdf): PDF inclusion: multiple pdfs with page group included in a
 single page
>
<structmavlink_1_1common_1_1msg_1_1MISSION__ITEM__coll__graph.pdf, id=24379, 21
2.795pt x 167.62625pt>
File: structmavlink_1_1common_1_1msg_1_1MISSION__ITEM__coll__graph.pdf Graphic 
file (type pdf)
<use structmavlink_1_1common_1_1msg_1_1MISSION__ITEM__coll__graph.pdf>
Package pdftex.def Info: structmavlink_1_1common_1_1msg_1_1MISSION__ITEM__coll_
_graph.pdf  used on input line 27.
(pdftex.def)             Requested size: 212.0pt x 167.0094pt.
 [464] [465] [466])
(./structmavlink_1_1common_1_1msg_1_1MISSION__ITEM__INT.tex <./structmavlink_1_
1common_1_1msg_1_1MISSION__ITEM__INT__inherit__graph.pdf

pdfTeX warning: pdflatex (file ./structmavlink_1_1common_1_1msg_1_1MISSION__ITE
M__INT__inherit__graph.pdf): PDF inclusion: multiple pdfs with page group inclu
ded in a single page
>
<structmavlink_1_1common_1_1msg_1_1MISSION__ITEM__INT__inherit__graph.pdf, id=2
4448, 212.795pt x 167.62625pt>
File: structmavlink_1_1common_1_1msg_1_1MISSION__ITEM__INT__inherit__graph.pdf 
Graphic file (type pdf)
<use structmavlink_1_1common_1_1msg_1_1MISSION__ITEM__INT__inherit__graph.pdf>
Package pdftex.def Info: structmavlink_1_1common_1_1msg_1_1MISSION__ITEM__INT__
inherit__graph.pdf  used on input line 18.
(pdftex.def)             Requested size: 212.0pt x 167.0094pt.
 <./structmavlink_1_1common_1_1msg_1_1MISSION__ITEM__INT__coll__graph.pdf

pdfTeX warning: pdflatex (file ./structmavlink_1_1common_1_1msg_1_1MISSION__ITE
M__INT__coll__graph.pdf): PDF inclusion: multiple pdfs with page group included
 in a single page
>
<structmavlink_1_1common_1_1msg_1_1MISSION__ITEM__INT__coll__graph.pdf, id=2445
6, 212.795pt x 167.62625pt>
File: structmavlink_1_1common_1_1msg_1_1MISSION__ITEM__INT__coll__graph.pdf Gra
phic file (type pdf)
<use structmavlink_1_1common_1_1msg_1_1MISSION__ITEM__INT__coll__graph.pdf>
Package pdftex.def Info: structmavlink_1_1common_1_1msg_1_1MISSION__ITEM__INT__
coll__graph.pdf  used on input line 27.
(pdftex.def)             Requested size: 212.0pt x 167.0094pt.
 [467] [468]) (./structmavlink_1_1common_1_1msg_1_1MISSION__ITEM__REACHED.tex
[469] <./structmavlink_1_1common_1_1msg_1_1MISSION__ITEM__REACHED__inherit__gra
ph.pdf

pdfTeX warning: pdflatex (file ./structmavlink_1_1common_1_1msg_1_1MISSION__ITE
M__REACHED__inherit__graph.pdf): PDF inclusion: multiple pdfs with page group i
ncluded in a single page
>
<structmavlink_1_1common_1_1msg_1_1MISSION__ITEM__REACHED__inherit__graph.pdf, 
id=24526, 226.8475pt x 167.62625pt>
File: structmavlink_1_1common_1_1msg_1_1MISSION__ITEM__REACHED__inherit__graph.
pdf Graphic file (type pdf)
<use structmavlink_1_1common_1_1msg_1_1MISSION__ITEM__REACHED__inherit__graph.p
df>
Package pdftex.def Info: structmavlink_1_1common_1_1msg_1_1MISSION__ITEM__REACH
ED__inherit__graph.pdf  used on input line 18.
(pdftex.def)             Requested size: 226.0pt x 167.00172pt.
 <./structmavlink_1_1common_1_1msg_1_1MISSION__ITEM__REACHED__coll__graph.pdf

pdfTeX warning: pdflatex (file ./structmavlink_1_1common_1_1msg_1_1MISSION__ITE
M__REACHED__coll__graph.pdf): PDF inclusion: multiple pdfs with page group incl
uded in a single page
>
<structmavlink_1_1common_1_1msg_1_1MISSION__ITEM__REACHED__coll__graph.pdf, id=
24534, 226.8475pt x 167.62625pt>
File: structmavlink_1_1common_1_1msg_1_1MISSION__ITEM__REACHED__coll__graph.pdf
 Graphic file (type pdf)
<use structmavlink_1_1common_1_1msg_1_1MISSION__ITEM__REACHED__coll__graph.pdf>

Package pdftex.def Info: structmavlink_1_1common_1_1msg_1_1MISSION__ITEM__REACH
ED__coll__graph.pdf  used on input line 27.
(pdftex.def)             Requested size: 226.0pt x 167.00172pt.
 [470] [471]) (./structmavlink_1_1common_1_1msg_1_1MISSION__REQUEST.tex <./stru
ctmavlink_1_1common_1_1msg_1_1MISSION__REQUEST__inherit__graph.pdf

pdfTeX warning: pdflatex (file ./structmavlink_1_1common_1_1msg_1_1MISSION__REQ
UEST__inherit__graph.pdf): PDF inclusion: multiple pdfs with page group include
d in a single page
>
<structmavlink_1_1common_1_1msg_1_1MISSION__REQUEST__inherit__graph.pdf, id=245
81, 212.795pt x 167.62625pt>
File: structmavlink_1_1common_1_1msg_1_1MISSION__REQUEST__inherit__graph.pdf Gr
aphic file (type pdf)
<use structmavlink_1_1common_1_1msg_1_1MISSION__REQUEST__inherit__graph.pdf>
Package pdftex.def Info: structmavlink_1_1common_1_1msg_1_1MISSION__REQUEST__in
herit__graph.pdf  used on input line 18.
(pdftex.def)             Requested size: 212.0pt x 167.0094pt.
 <./structmavlink_1_1common_1_1msg_1_1MISSION__REQUEST__coll__graph.pdf

pdfTeX warning: pdflatex (file ./structmavlink_1_1common_1_1msg_1_1MISSION__REQ
UEST__coll__graph.pdf): PDF inclusion: multiple pdfs with page group included i
n a single page
>
<structmavlink_1_1common_1_1msg_1_1MISSION__REQUEST__coll__graph.pdf, id=24589,
 212.795pt x 167.62625pt>
File: structmavlink_1_1common_1_1msg_1_1MISSION__REQUEST__coll__graph.pdf Graph
ic file (type pdf)
<use structmavlink_1_1common_1_1msg_1_1MISSION__REQUEST__coll__graph.pdf>
Package pdftex.def Info: structmavlink_1_1common_1_1msg_1_1MISSION__REQUEST__co
ll__graph.pdf  used on input line 27.
(pdftex.def)             Requested size: 212.0pt x 167.0094pt.
 [472] [473]) (./structmavlink_1_1common_1_1msg_1_1MISSION__REQUEST__INT.tex <.
/structmavlink_1_1common_1_1msg_1_1MISSION__REQUEST__INT__inherit__graph.pdf

pdfTeX warning: pdflatex (file ./structmavlink_1_1common_1_1msg_1_1MISSION__REQ
UEST__INT__inherit__graph.pdf): PDF inclusion: multiple pdfs with page group in
cluded in a single page
>
<structmavlink_1_1common_1_1msg_1_1MISSION__REQUEST__INT__inherit__graph.pdf, i
d=24642, 217.81375pt x 167.62625pt>
File: structmavlink_1_1common_1_1msg_1_1MISSION__REQUEST__INT__inherit__graph.p
df Graphic file (type pdf)
<use structmavlink_1_1common_1_1msg_1_1MISSION__REQUEST__INT__inherit__graph.pd
f>
Package pdftex.def Info: structmavlink_1_1common_1_1msg_1_1MISSION__REQUEST__IN
T__inherit__graph.pdf  used on input line 18.
(pdftex.def)             Requested size: 217.0pt x 166.99916pt.
 [474] <./structmavlink_1_1common_1_1msg_1_1MISSION__REQUEST__INT__coll__graph.
pdf

pdfTeX warning: pdflatex (file ./structmavlink_1_1common_1_1msg_1_1MISSION__REQ
UEST__INT__coll__graph.pdf): PDF inclusion: multiple pdfs with page group inclu
ded in a single page
>
<structmavlink_1_1common_1_1msg_1_1MISSION__REQUEST__INT__coll__graph.pdf, id=2
4656, 217.81375pt x 167.62625pt>
File: structmavlink_1_1common_1_1msg_1_1MISSION__REQUEST__INT__coll__graph.pdf 
Graphic file (type pdf)
<use structmavlink_1_1common_1_1msg_1_1MISSION__REQUEST__INT__coll__graph.pdf>
Package pdftex.def Info: structmavlink_1_1common_1_1msg_1_1MISSION__REQUEST__IN
T__coll__graph.pdf  used on input line 27.
(pdftex.def)             Requested size: 217.0pt x 166.99916pt.
 [475] [476] [477])
(./structmavlink_1_1common_1_1msg_1_1MISSION__REQUEST__LIST.tex <./structmavlin
k_1_1common_1_1msg_1_1MISSION__REQUEST__LIST__inherit__graph.pdf

pdfTeX warning: pdflatex (file ./structmavlink_1_1common_1_1msg_1_1MISSION__REQ
UEST__LIST__inherit__graph.pdf): PDF inclusion: multiple pdfs with page group i
ncluded in a single page
>
<structmavlink_1_1common_1_1msg_1_1MISSION__REQUEST__LIST__inherit__graph.pdf, 
id=24713, 221.82875pt x 167.62625pt>
File: structmavlink_1_1common_1_1msg_1_1MISSION__REQUEST__LIST__inherit__graph.
pdf Graphic file (type pdf)
<use structmavlink_1_1common_1_1msg_1_1MISSION__REQUEST__LIST__inherit__graph.p
df>
Package pdftex.def Info: structmavlink_1_1common_1_1msg_1_1MISSION__REQUEST__LI
ST__inherit__graph.pdf  used on input line 18.
(pdftex.def)             Requested size: 221.0pt x 166.99916pt.
 <./structmavlink_1_1common_1_1msg_1_1MISSION__REQUEST__LIST__coll__graph.pdf

pdfTeX warning: pdflatex (file ./structmavlink_1_1common_1_1msg_1_1MISSION__REQ
UEST__LIST__coll__graph.pdf): PDF inclusion: multiple pdfs with page group incl
uded in a single page
>
<structmavlink_1_1common_1_1msg_1_1MISSION__REQUEST__LIST__coll__graph.pdf, id=
24721, 221.82875pt x 167.62625pt>
File: structmavlink_1_1common_1_1msg_1_1MISSION__REQUEST__LIST__coll__graph.pdf
 Graphic file (type pdf)
<use structmavlink_1_1common_1_1msg_1_1MISSION__REQUEST__LIST__coll__graph.pdf>

Package pdftex.def Info: structmavlink_1_1common_1_1msg_1_1MISSION__REQUEST__LI
ST__coll__graph.pdf  used on input line 27.
(pdftex.def)             Requested size: 221.0pt x 166.99916pt.
 [478] [479])
(./structmavlink_1_1common_1_1msg_1_1MISSION__REQUEST__PARTIAL__LIST.tex <./str
uctmavlink_1_1common_1_1msg_1_1MISSION__REQUEST__PARTIAL__LIST__inherit__graph.
pdf

pdfTeX warning: pdflatex (file ./structmavlink_1_1common_1_1msg_1_1MISSION__REQ
UEST__PARTIAL__LIST__inherit__graph.pdf): PDF inclusion: multiple pdfs with pag
e group included in a single page
>
<structmavlink_1_1common_1_1msg_1_1MISSION__REQUEST__PARTIAL__LIST__inherit__gr
aph.pdf, id=24771, 265.99374pt x 167.62625pt>
File: structmavlink_1_1common_1_1msg_1_1MISSION__REQUEST__PARTIAL__LIST__inheri
t__graph.pdf Graphic file (type pdf)
<use structmavlink_1_1common_1_1msg_1_1MISSION__REQUEST__PARTIAL__LIST__inherit
__graph.pdf>
Package pdftex.def Info: structmavlink_1_1common_1_1msg_1_1MISSION__REQUEST__PA
RTIAL__LIST__inherit__graph.pdf  used on input line 18.
(pdftex.def)             Requested size: 265.0pt x 167.01451pt.
 [480] <./structmavlink_1_1common_1_1msg_1_1MISSION__REQUEST__PARTIAL__LIST__co
ll__graph.pdf

pdfTeX warning: pdflatex (file ./structmavlink_1_1common_1_1msg_1_1MISSION__REQ
UEST__PARTIAL__LIST__coll__graph.pdf): PDF inclusion: multiple pdfs with page g
roup included in a single page
>
<structmavlink_1_1common_1_1msg_1_1MISSION__REQUEST__PARTIAL__LIST__coll__graph
.pdf, id=24784, 265.99374pt x 167.62625pt>
File: structmavlink_1_1common_1_1msg_1_1MISSION__REQUEST__PARTIAL__LIST__coll__
graph.pdf Graphic file (type pdf)
<use structmavlink_1_1common_1_1msg_1_1MISSION__REQUEST__PARTIAL__LIST__coll__g
raph.pdf>
Package pdftex.def Info: structmavlink_1_1common_1_1msg_1_1MISSION__REQUEST__PA
RTIAL__LIST__coll__graph.pdf  used on input line 27.
(pdftex.def)             Requested size: 265.0pt x 167.01451pt.
 [481]
Overfull \hbox (62.23538pt too wide) in paragraph at lines 86--87
[]\T1/phv/m/n/10 Request a par-tial list of mis-sion items from the sys-tem/com
ponent. [][] \T1/pcr/m/n/10 https[]://mavlink.[]io/en/services/mission.[]
 []

[482]) (./structmavlink_1_1common_1_1msg_1_1MISSION__SET__CURRENT.tex <./struct
mavlink_1_1common_1_1msg_1_1MISSION__SET__CURRENT__inherit__graph.pdf

pdfTeX warning: pdflatex (file ./structmavlink_1_1common_1_1msg_1_1MISSION__SET
__CURRENT__inherit__graph.pdf): PDF inclusion: multiple pdfs with page group in
cluded in a single page
>
<structmavlink_1_1common_1_1msg_1_1MISSION__SET__CURRENT__inherit__graph.pdf, i
d=24837, 220.825pt x 167.62625pt>
File: structmavlink_1_1common_1_1msg_1_1MISSION__SET__CURRENT__inherit__graph.p
df Graphic file (type pdf)
<use structmavlink_1_1common_1_1msg_1_1MISSION__SET__CURRENT__inherit__graph.pd
f>
Package pdftex.def Info: structmavlink_1_1common_1_1msg_1_1MISSION__SET__CURREN
T__inherit__graph.pdf  used on input line 18.
(pdftex.def)             Requested size: 220.0pt x 167.00684pt.
 <./structmavlink_1_1common_1_1msg_1_1MISSION__SET__CURRENT__coll__graph.pdf

pdfTeX warning: pdflatex (file ./structmavlink_1_1common_1_1msg_1_1MISSION__SET
__CURRENT__coll__graph.pdf): PDF inclusion: multiple pdfs with page group inclu
ded in a single page
>
<structmavlink_1_1common_1_1msg_1_1MISSION__SET__CURRENT__coll__graph.pdf, id=2
4846, 220.825pt x 167.62625pt>
File: structmavlink_1_1common_1_1msg_1_1MISSION__SET__CURRENT__coll__graph.pdf 
Graphic file (type pdf)
<use structmavlink_1_1common_1_1msg_1_1MISSION__SET__CURRENT__coll__graph.pdf>
Package pdftex.def Info: structmavlink_1_1common_1_1msg_1_1MISSION__SET__CURREN
T__coll__graph.pdf  used on input line 27.
(pdftex.def)             Requested size: 220.0pt x 167.00684pt.
 [483]
Overfull \hbox (197.5563pt too wide) in paragraph at lines 80--80
[] \T1/pcr/m/n/8 Set the mission item with sequence number seq as the current i
tem and emit MISSION_CURRENT (whether or not the mission number changed). 
 []


Overfull \hbox (288.75636pt too wide) in paragraph at lines 81--81
[] \T1/pcr/m/n/8 If a mission is currently being executed, the system will cont
inue to this new mission item on the shortest path, skipping any intermediate m
ission items.[] 
 []


Overfull \hbox (336.7564pt too wide) in paragraph at lines 84--84
[] \T1/pcr/m/n/8 This message may trigger a mission state-machine change on som
e systems: for example from MISSION_STATE_NOT_STARTED or MISSION_STATE_PAUSED t
o MISSION_STATE_ACTIVE.[] 
 []


Overfull \hbox (111.15625pt too wide) in paragraph at lines 85--85
[] \T1/pcr/m/n/8 If the system is in mission mode, on those systems this comman
d might therefore start, restart or resume the mission.[] 
 []

[484]) (./structmavlink_1_1common_1_1msg_1_1MISSION__WRITE__PARTIAL__LIST.tex <
./structmavlink_1_1common_1_1msg_1_1MISSION__WRITE__PARTIAL__LIST__inherit__gra
ph.pdf

pdfTeX warning: pdflatex (file ./structmavlink_1_1common_1_1msg_1_1MISSION__WRI
TE__PARTIAL__LIST__inherit__graph.pdf): PDF inclusion: multiple pdfs with page 
group included in a single page
>
<structmavlink_1_1common_1_1msg_1_1MISSION__WRITE__PARTIAL__LIST__inherit__grap
h.pdf, id=24894, 251.94125pt x 167.62625pt>
File: structmavlink_1_1common_1_1msg_1_1MISSION__WRITE__PARTIAL__LIST__inherit_
_graph.pdf Graphic file (type pdf)
<use structmavlink_1_1common_1_1msg_1_1MISSION__WRITE__PARTIAL__LIST__inherit__
graph.pdf>
Package pdftex.def Info: structmavlink_1_1common_1_1msg_1_1MISSION__WRITE__PART
IAL__LIST__inherit__graph.pdf  used on input line 18.
(pdftex.def)             Requested size: 251.0pt x 167.00172pt.
 [485] <./structmavlink_1_1common_1_1msg_1_1MISSION__WRITE__PARTIAL__LIST__coll
__graph.pdf

pdfTeX warning: pdflatex (file ./structmavlink_1_1common_1_1msg_1_1MISSION__WRI
TE__PARTIAL__LIST__coll__graph.pdf): PDF inclusion: multiple pdfs with page gro
up included in a single page
>
<structmavlink_1_1common_1_1msg_1_1MISSION__WRITE__PARTIAL__LIST__coll__graph.p
df, id=24908, 251.94125pt x 167.62625pt>
File: structmavlink_1_1common_1_1msg_1_1MISSION__WRITE__PARTIAL__LIST__coll__gr
aph.pdf Graphic file (type pdf)
<use structmavlink_1_1common_1_1msg_1_1MISSION__WRITE__PARTIAL__LIST__coll__gra
ph.pdf>
Package pdftex.def Info: structmavlink_1_1common_1_1msg_1_1MISSION__WRITE__PART
IAL__LIST__coll__graph.pdf  used on input line 27.
(pdftex.def)             Requested size: 251.0pt x 167.00172pt.
 [486] [487]) (./structmavlink_1_1common_1_1msg_1_1MOUNT__ORIENTATION.tex <./st
ructmavlink_1_1common_1_1msg_1_1MOUNT__ORIENTATION__inherit__graph.pdf

pdfTeX warning: pdflatex (file ./structmavlink_1_1common_1_1msg_1_1MOUNT__ORIEN
TATION__inherit__graph.pdf): PDF inclusion: multiple pdfs with page group inclu
ded in a single page
>
<structmavlink_1_1common_1_1msg_1_1MOUNT__ORIENTATION__inherit__graph.pdf, id=2
4960, 212.795pt x 167.62625pt>
File: structmavlink_1_1common_1_1msg_1_1MOUNT__ORIENTATION__inherit__graph.pdf 
Graphic file (type pdf)
<use structmavlink_1_1common_1_1msg_1_1MOUNT__ORIENTATION__inherit__graph.pdf>
Package pdftex.def Info: structmavlink_1_1common_1_1msg_1_1MOUNT__ORIENTATION__
inherit__graph.pdf  used on input line 18.
(pdftex.def)             Requested size: 212.0pt x 167.0094pt.
 <./structmavlink_1_1common_1_1msg_1_1MOUNT__ORIENTATION__coll__graph.pdf

pdfTeX warning: pdflatex (file ./structmavlink_1_1common_1_1msg_1_1MOUNT__ORIEN
TATION__coll__graph.pdf): PDF inclusion: multiple pdfs with page group included
 in a single page
>
<structmavlink_1_1common_1_1msg_1_1MOUNT__ORIENTATION__coll__graph.pdf, id=2496
8, 212.795pt x 167.62625pt>
File: structmavlink_1_1common_1_1msg_1_1MOUNT__ORIENTATION__coll__graph.pdf Gra
phic file (type pdf)
<use structmavlink_1_1common_1_1msg_1_1MOUNT__ORIENTATION__coll__graph.pdf>
Package pdftex.def Info: structmavlink_1_1common_1_1msg_1_1MOUNT__ORIENTATION__
coll__graph.pdf  used on input line 27.
(pdftex.def)             Requested size: 212.0pt x 167.0094pt.
 [488] [489]) (./classmavlink_1_1MsgMap.tex [490])
(./structmavlink_1_1common_1_1msg_1_1NAMED__VALUE__FLOAT.tex <./structmavlink_1
_1common_1_1msg_1_1NAMED__VALUE__FLOAT__inherit__graph.pdf

pdfTeX warning: pdflatex (file ./structmavlink_1_1common_1_1msg_1_1NAMED__VALUE
__FLOAT__inherit__graph.pdf): PDF inclusion: multiple pdfs with page group incl
uded in a single page
>
<structmavlink_1_1common_1_1msg_1_1NAMED__VALUE__FLOAT__inherit__graph.pdf, id=
25024, 212.795pt x 167.62625pt>
File: structmavlink_1_1common_1_1msg_1_1NAMED__VALUE__FLOAT__inherit__graph.pdf
 Graphic file (type pdf)
<use structmavlink_1_1common_1_1msg_1_1NAMED__VALUE__FLOAT__inherit__graph.pdf>

Package pdftex.def Info: structmavlink_1_1common_1_1msg_1_1NAMED__VALUE__FLOAT_
_inherit__graph.pdf  used on input line 18.
(pdftex.def)             Requested size: 212.0pt x 167.0094pt.
 <./structmavlink_1_1common_1_1msg_1_1NAMED__VALUE__FLOAT__coll__graph.pdf

pdfTeX warning: pdflatex (file ./structmavlink_1_1common_1_1msg_1_1NAMED__VALUE
__FLOAT__coll__graph.pdf): PDF inclusion: multiple pdfs with page group include
d in a single page
>
<structmavlink_1_1common_1_1msg_1_1NAMED__VALUE__FLOAT__coll__graph.pdf, id=250
32, 212.795pt x 167.62625pt>
File: structmavlink_1_1common_1_1msg_1_1NAMED__VALUE__FLOAT__coll__graph.pdf Gr
aphic file (type pdf)
<use structmavlink_1_1common_1_1msg_1_1NAMED__VALUE__FLOAT__coll__graph.pdf>
Package pdftex.def Info: structmavlink_1_1common_1_1msg_1_1NAMED__VALUE__FLOAT_
_coll__graph.pdf  used on input line 27.
(pdftex.def)             Requested size: 212.0pt x 167.0094pt.
 [491] [492]) (./structmavlink_1_1common_1_1msg_1_1NAMED__VALUE__INT.tex
[493] <./structmavlink_1_1common_1_1msg_1_1NAMED__VALUE__INT__inherit__graph.pd
f

pdfTeX warning: pdflatex (file ./structmavlink_1_1common_1_1msg_1_1NAMED__VALUE
__INT__inherit__graph.pdf): PDF inclusion: multiple pdfs with page group includ
ed in a single page
>
<structmavlink_1_1common_1_1msg_1_1NAMED__VALUE__INT__inherit__graph.pdf, id=25
099, 212.795pt x 167.62625pt>
File: structmavlink_1_1common_1_1msg_1_1NAMED__VALUE__INT__inherit__graph.pdf G
raphic file (type pdf)
<use structmavlink_1_1common_1_1msg_1_1NAMED__VALUE__INT__inherit__graph.pdf>
Package pdftex.def Info: structmavlink_1_1common_1_1msg_1_1NAMED__VALUE__INT__i
nherit__graph.pdf  used on input line 18.
(pdftex.def)             Requested size: 212.0pt x 167.0094pt.
 <./structmavlink_1_1common_1_1msg_1_1NAMED__VALUE__INT__coll__graph.pdf

pdfTeX warning: pdflatex (file ./structmavlink_1_1common_1_1msg_1_1NAMED__VALUE
__INT__coll__graph.pdf): PDF inclusion: multiple pdfs with page group included 
in a single page
>
<structmavlink_1_1common_1_1msg_1_1NAMED__VALUE__INT__coll__graph.pdf, id=25107
, 212.795pt x 167.62625pt>
File: structmavlink_1_1common_1_1msg_1_1NAMED__VALUE__INT__coll__graph.pdf Grap
hic file (type pdf)
<use structmavlink_1_1common_1_1msg_1_1NAMED__VALUE__INT__coll__graph.pdf>
Package pdftex.def Info: structmavlink_1_1common_1_1msg_1_1NAMED__VALUE__INT__c
oll__graph.pdf  used on input line 27.
(pdftex.def)             Requested size: 212.0pt x 167.0094pt.
 [494] [495]) (./structmavlink_1_1common_1_1msg_1_1NAV__CONTROLLER__OUTPUT.tex 
<./structmavlink_1_1common_1_1msg_1_1NAV__CONTROLLER__OUTPUT__inherit__graph.pd
f

pdfTeX warning: pdflatex (file ./structmavlink_1_1common_1_1msg_1_1NAV__CONTROL
LER__OUTPUT__inherit__graph.pdf): PDF inclusion: multiple pdfs with page group 
included in a single page
>
<structmavlink_1_1common_1_1msg_1_1NAV__CONTROLLER__OUTPUT__inherit__graph.pdf,
 id=25156, 239.89626pt x 167.62625pt>
File: structmavlink_1_1common_1_1msg_1_1NAV__CONTROLLER__OUTPUT__inherit__graph
.pdf Graphic file (type pdf)
<use structmavlink_1_1common_1_1msg_1_1NAV__CONTROLLER__OUTPUT__inherit__graph.
pdf>
Package pdftex.def Info: structmavlink_1_1common_1_1msg_1_1NAV__CONTROLLER__OUT
PUT__inherit__graph.pdf  used on input line 18.
(pdftex.def)             Requested size: 239.0pt x 167.00172pt.
 <./structmavlink_1_1common_1_1msg_1_1NAV__CONTROLLER__OUTPUT__coll__graph.pdf

pdfTeX warning: pdflatex (file ./structmavlink_1_1common_1_1msg_1_1NAV__CONTROL
LER__OUTPUT__coll__graph.pdf): PDF inclusion: multiple pdfs with page group inc
luded in a single page
>
<structmavlink_1_1common_1_1msg_1_1NAV__CONTROLLER__OUTPUT__coll__graph.pdf, id
=25164, 239.89626pt x 167.62625pt>
File: structmavlink_1_1common_1_1msg_1_1NAV__CONTROLLER__OUTPUT__coll__graph.pd
f Graphic file (type pdf)
<use structmavlink_1_1common_1_1msg_1_1NAV__CONTROLLER__OUTPUT__coll__graph.pdf
>
Package pdftex.def Info: structmavlink_1_1common_1_1msg_1_1NAV__CONTROLLER__OUT
PUT__coll__graph.pdf  used on input line 27.
(pdftex.def)             Requested size: 239.0pt x 167.00172pt.
 [496] [497] [498])
(./structmavlink_1_1common_1_1msg_1_1OBSTACLE__DISTANCE.tex <./structmavlink_1_
1common_1_1msg_1_1OBSTACLE__DISTANCE__inherit__graph.pdf

pdfTeX warning: pdflatex (file ./structmavlink_1_1common_1_1msg_1_1OBSTACLE__DI
STANCE__inherit__graph.pdf): PDF inclusion: multiple pdfs with page group inclu
ded in a single page
>
<structmavlink_1_1common_1_1msg_1_1OBSTACLE__DISTANCE__inherit__graph.pdf, id=2
5224, 212.795pt x 167.62625pt>
File: structmavlink_1_1common_1_1msg_1_1OBSTACLE__DISTANCE__inherit__graph.pdf 
Graphic file (type pdf)
<use structmavlink_1_1common_1_1msg_1_1OBSTACLE__DISTANCE__inherit__graph.pdf>
Package pdftex.def Info: structmavlink_1_1common_1_1msg_1_1OBSTACLE__DISTANCE__
inherit__graph.pdf  used on input line 18.
(pdftex.def)             Requested size: 212.0pt x 167.0094pt.
 <./structmavlink_1_1common_1_1msg_1_1OBSTACLE__DISTANCE__coll__graph.pdf

pdfTeX warning: pdflatex (file ./structmavlink_1_1common_1_1msg_1_1OBSTACLE__DI
STANCE__coll__graph.pdf): PDF inclusion: multiple pdfs with page group included
 in a single page
>
<structmavlink_1_1common_1_1msg_1_1OBSTACLE__DISTANCE__coll__graph.pdf, id=2523
2, 212.795pt x 167.62625pt>
File: structmavlink_1_1common_1_1msg_1_1OBSTACLE__DISTANCE__coll__graph.pdf Gra
phic file (type pdf)
<use structmavlink_1_1common_1_1msg_1_1OBSTACLE__DISTANCE__coll__graph.pdf>
Package pdftex.def Info: structmavlink_1_1common_1_1msg_1_1OBSTACLE__DISTANCE__
coll__graph.pdf  used on input line 27.
(pdftex.def)             Requested size: 212.0pt x 167.0094pt.
 [499] [500]) (./structmavlink_1_1common_1_1msg_1_1ODOMETRY.tex <./structmavlin
k_1_1common_1_1msg_1_1ODOMETRY__inherit__graph.pdf

pdfTeX warning: pdflatex (file ./structmavlink_1_1common_1_1msg_1_1ODOMETRY__in
herit__graph.pdf): PDF inclusion: multiple pdfs with page group included in a s
ingle page
>
<structmavlink_1_1common_1_1msg_1_1ODOMETRY__inherit__graph.pdf, id=25287, 212.
795pt x 167.62625pt>
File: structmavlink_1_1common_1_1msg_1_1ODOMETRY__inherit__graph.pdf Graphic fi
le (type pdf)
<use structmavlink_1_1common_1_1msg_1_1ODOMETRY__inherit__graph.pdf>
Package pdftex.def Info: structmavlink_1_1common_1_1msg_1_1ODOMETRY__inherit__g
raph.pdf  used on input line 18.
(pdftex.def)             Requested size: 212.0pt x 167.0094pt.
 [501] <./structmavlink_1_1common_1_1msg_1_1ODOMETRY__coll__graph.pdf

pdfTeX warning: pdflatex (file ./structmavlink_1_1common_1_1msg_1_1ODOMETRY__co
ll__graph.pdf): PDF inclusion: multiple pdfs with page group included in a sing
le page
>
<structmavlink_1_1common_1_1msg_1_1ODOMETRY__coll__graph.pdf, id=25301, 212.795
pt x 167.62625pt>
File: structmavlink_1_1common_1_1msg_1_1ODOMETRY__coll__graph.pdf Graphic file 
(type pdf)
<use structmavlink_1_1common_1_1msg_1_1ODOMETRY__coll__graph.pdf>
Package pdftex.def Info: structmavlink_1_1common_1_1msg_1_1ODOMETRY__coll__grap
h.pdf  used on input line 27.
(pdftex.def)             Requested size: 212.0pt x 167.0094pt.
 [502] [503])
(./structmavlink_1_1common_1_1msg_1_1ONBOARD__COMPUTER__STATUS.tex <./structmav
link_1_1common_1_1msg_1_1ONBOARD__COMPUTER__STATUS__inherit__graph.pdf

pdfTeX warning: pdflatex (file ./structmavlink_1_1common_1_1msg_1_1ONBOARD__COM
PUTER__STATUS__inherit__graph.pdf): PDF inclusion: multiple pdfs with page grou
p included in a single page
>
<structmavlink_1_1common_1_1msg_1_1ONBOARD__COMPUTER__STATUS__inherit__graph.pd
f, id=25366, 256.96pt x 167.62625pt>
File: structmavlink_1_1common_1_1msg_1_1ONBOARD__COMPUTER__STATUS__inherit__gra
ph.pdf Graphic file (type pdf)
<use structmavlink_1_1common_1_1msg_1_1ONBOARD__COMPUTER__STATUS__inherit__grap
h.pdf>
Package pdftex.def Info: structmavlink_1_1common_1_1msg_1_1ONBOARD__COMPUTER__S
TATUS__inherit__graph.pdf  used on input line 18.
(pdftex.def)             Requested size: 256.0pt x 167.01195pt.
 [504] <./structmavlink_1_1common_1_1msg_1_1ONBOARD__COMPUTER__STATUS__coll__gr
aph.pdf

pdfTeX warning: pdflatex (file ./structmavlink_1_1common_1_1msg_1_1ONBOARD__COM
PUTER__STATUS__coll__graph.pdf): PDF inclusion: multiple pdfs with page group i
ncluded in a single page
>
<structmavlink_1_1common_1_1msg_1_1ONBOARD__COMPUTER__STATUS__coll__graph.pdf, 
id=25379, 256.96pt x 167.62625pt>
File: structmavlink_1_1common_1_1msg_1_1ONBOARD__COMPUTER__STATUS__coll__graph.
pdf Graphic file (type pdf)
<use structmavlink_1_1common_1_1msg_1_1ONBOARD__COMPUTER__STATUS__coll__graph.p
df>
Package pdftex.def Info: structmavlink_1_1common_1_1msg_1_1ONBOARD__COMPUTER__S
TATUS__coll__graph.pdf  used on input line 27.
(pdftex.def)             Requested size: 256.0pt x 167.01195pt.
 [505] [506])
(./structmavlink_1_1common_1_1msg_1_1OPEN__DRONE__ID__ARM__STATUS.tex <./struct
mavlink_1_1common_1_1msg_1_1OPEN__DRONE__ID__ARM__STATUS__inherit__graph.pdf

pdfTeX warning: pdflatex (file ./structmavlink_1_1common_1_1msg_1_1OPEN__DRONE_
_ID__ARM__STATUS__inherit__graph.pdf): PDF inclusion: multiple pdfs with page g
roup included in a single page
>
<structmavlink_1_1common_1_1msg_1_1OPEN__DRONE__ID__ARM__STATUS__inherit__graph
.pdf, id=25446, 256.96pt x 167.62625pt>
File: structmavlink_1_1common_1_1msg_1_1OPEN__DRONE__ID__ARM__STATUS__inherit__
graph.pdf Graphic file (type pdf)
<use structmavlink_1_1common_1_1msg_1_1OPEN__DRONE__ID__ARM__STATUS__inherit__g
raph.pdf>
Package pdftex.def Info: structmavlink_1_1common_1_1msg_1_1OPEN__DRONE__ID__ARM
__STATUS__inherit__graph.pdf  used on input line 18.
(pdftex.def)             Requested size: 256.0pt x 167.01195pt.
 [507] <./structmavlink_1_1common_1_1msg_1_1OPEN__DRONE__ID__ARM__STATUS__coll_
_graph.pdf

pdfTeX warning: pdflatex (file ./structmavlink_1_1common_1_1msg_1_1OPEN__DRONE_
_ID__ARM__STATUS__coll__graph.pdf): PDF inclusion: multiple pdfs with page grou
p included in a single page
>
<structmavlink_1_1common_1_1msg_1_1OPEN__DRONE__ID__ARM__STATUS__coll__graph.pd
f, id=25460, 256.96pt x 167.62625pt>
File: structmavlink_1_1common_1_1msg_1_1OPEN__DRONE__ID__ARM__STATUS__coll__gra
ph.pdf Graphic file (type pdf)
<use structmavlink_1_1common_1_1msg_1_1OPEN__DRONE__ID__ARM__STATUS__coll__grap
h.pdf>
Package pdftex.def Info: structmavlink_1_1common_1_1msg_1_1OPEN__DRONE__ID__ARM
__STATUS__coll__graph.pdf  used on input line 27.
(pdftex.def)             Requested size: 256.0pt x 167.01195pt.
 [508] [509])
(./structmavlink_1_1common_1_1msg_1_1OPEN__DRONE__ID__AUTHENTICATION.tex <./str
uctmavlink_1_1common_1_1msg_1_1OPEN__DRONE__ID__AUTHENTICATION__inherit__graph.
pdf

pdfTeX warning: pdflatex (file ./structmavlink_1_1common_1_1msg_1_1OPEN__DRONE_
_ID__AUTHENTICATION__inherit__graph.pdf): PDF inclusion: multiple pdfs with pag
e group included in a single page
>
<structmavlink_1_1common_1_1msg_1_1OPEN__DRONE__ID__AUTHENTICATION__inherit__gr
aph.pdf, id=25507, 279.0425pt x 167.62625pt>
File: structmavlink_1_1common_1_1msg_1_1OPEN__DRONE__ID__AUTHENTICATION__inheri
t__graph.pdf Graphic file (type pdf)
<use structmavlink_1_1common_1_1msg_1_1OPEN__DRONE__ID__AUTHENTICATION__inherit
__graph.pdf>
Package pdftex.def Info: structmavlink_1_1common_1_1msg_1_1OPEN__DRONE__ID__AUT
HENTICATION__inherit__graph.pdf  used on input line 18.
(pdftex.def)             Requested size: 278.0pt x 167.00427pt.
 <./structmavlink_1_1common_1_1msg_1_1OPEN__DRONE__ID__AUTHENTICATION__coll__gr
aph.pdf

pdfTeX warning: pdflatex (file ./structmavlink_1_1common_1_1msg_1_1OPEN__DRONE_
_ID__AUTHENTICATION__coll__graph.pdf): PDF inclusion: multiple pdfs with page g
roup included in a single page
>
<structmavlink_1_1common_1_1msg_1_1OPEN__DRONE__ID__AUTHENTICATION__coll__graph
.pdf, id=25515, 279.0425pt x 167.62625pt>
File: structmavlink_1_1common_1_1msg_1_1OPEN__DRONE__ID__AUTHENTICATION__coll__
graph.pdf Graphic file (type pdf)
<use structmavlink_1_1common_1_1msg_1_1OPEN__DRONE__ID__AUTHENTICATION__coll__g
raph.pdf>
Package pdftex.def Info: structmavlink_1_1common_1_1msg_1_1OPEN__DRONE__ID__AUT
HENTICATION__coll__graph.pdf  used on input line 27.
(pdftex.def)             Requested size: 278.0pt x 167.00427pt.
 [510] [511])
(./structmavlink_1_1common_1_1msg_1_1OPEN__DRONE__ID__BASIC__ID.tex <./structma
vlink_1_1common_1_1msg_1_1OPEN__DRONE__ID__BASIC__ID__inherit__graph.pdf

pdfTeX warning: pdflatex (file ./structmavlink_1_1common_1_1msg_1_1OPEN__DRONE_
_ID__BASIC__ID__inherit__graph.pdf): PDF inclusion: multiple pdfs with page gro
up included in a single page
>
<structmavlink_1_1common_1_1msg_1_1OPEN__DRONE__ID__BASIC__ID__inherit__graph.p
df, id=25572, 236.885pt x 167.62625pt>
File: structmavlink_1_1common_1_1msg_1_1OPEN__DRONE__ID__BASIC__ID__inherit__gr
aph.pdf Graphic file (type pdf)
<use structmavlink_1_1common_1_1msg_1_1OPEN__DRONE__ID__BASIC__ID__inherit__gra
ph.pdf>
Package pdftex.def Info: structmavlink_1_1common_1_1msg_1_1OPEN__DRONE__ID__BAS
IC__ID__inherit__graph.pdf  used on input line 18.
(pdftex.def)             Requested size: 236.0pt x 167.00427pt.
 [512] <./structmavlink_1_1common_1_1msg_1_1OPEN__DRONE__ID__BASIC__ID__coll__g
raph.pdf

pdfTeX warning: pdflatex (file ./structmavlink_1_1common_1_1msg_1_1OPEN__DRONE_
_ID__BASIC__ID__coll__graph.pdf): PDF inclusion: multiple pdfs with page group 
included in a single page
>
<structmavlink_1_1common_1_1msg_1_1OPEN__DRONE__ID__BASIC__ID__coll__graph.pdf,
 id=25586, 236.885pt x 167.62625pt>
File: structmavlink_1_1common_1_1msg_1_1OPEN__DRONE__ID__BASIC__ID__coll__graph
.pdf Graphic file (type pdf)
<use structmavlink_1_1common_1_1msg_1_1OPEN__DRONE__ID__BASIC__ID__coll__graph.
pdf>
Package pdftex.def Info: structmavlink_1_1common_1_1msg_1_1OPEN__DRONE__ID__BAS
IC__ID__coll__graph.pdf  used on input line 27.
(pdftex.def)             Requested size: 236.0pt x 167.00427pt.
 [513]
Underfull \hbox (badness 3179) in paragraph at lines 89--90
[]\T1/phv/m/n/10 Data for fill-ing the Open[]Drone[]ID Ba-sic ID mes-sage. This
 and the be-low mes-sages are pri-mar-ily
 []


Underfull \hbox (badness 3826) in paragraph at lines 89--90
\T1/phv/m/n/10 meant for feed-ing data to/from an Open[]Drone[]ID im-ple-men-ta
-tion. E.[]g. [][] \T1/pcr/m/n/10 https[]://github.[]
 []

[514]) (./structmavlink_1_1common_1_1msg_1_1OPEN__DRONE__ID__LOCATION.tex <./st
ructmavlink_1_1common_1_1msg_1_1OPEN__DRONE__ID__LOCATION__inherit__graph.pdf

pdfTeX warning: pdflatex (file ./structmavlink_1_1common_1_1msg_1_1OPEN__DRONE_
_ID__LOCATION__inherit__graph.pdf): PDF inclusion: multiple pdfs with page grou
p included in a single page
>
<structmavlink_1_1common_1_1msg_1_1OPEN__DRONE__ID__LOCATION__inherit__graph.pd
f, id=25641, 241.90375pt x 167.62625pt>
File: structmavlink_1_1common_1_1msg_1_1OPEN__DRONE__ID__LOCATION__inherit__gra
ph.pdf Graphic file (type pdf)
<use structmavlink_1_1common_1_1msg_1_1OPEN__DRONE__ID__LOCATION__inherit__grap
h.pdf>
Package pdftex.def Info: structmavlink_1_1common_1_1msg_1_1OPEN__DRONE__ID__LOC
ATION__inherit__graph.pdf  used on input line 18.
(pdftex.def)             Requested size: 241.0pt x 167.00684pt.
 <./structmavlink_1_1common_1_1msg_1_1OPEN__DRONE__ID__LOCATION__coll__graph.pd
f

pdfTeX warning: pdflatex (file ./structmavlink_1_1common_1_1msg_1_1OPEN__DRONE_
_ID__LOCATION__coll__graph.pdf): PDF inclusion: multiple pdfs with page group i
ncluded in a single page
>
<structmavlink_1_1common_1_1msg_1_1OPEN__DRONE__ID__LOCATION__coll__graph.pdf, 
id=25649, 241.90375pt x 167.62625pt>
File: structmavlink_1_1common_1_1msg_1_1OPEN__DRONE__ID__LOCATION__coll__graph.
pdf Graphic file (type pdf)
<use structmavlink_1_1common_1_1msg_1_1OPEN__DRONE__ID__LOCATION__coll__graph.p
df>
Package pdftex.def Info: structmavlink_1_1common_1_1msg_1_1OPEN__DRONE__ID__LOC
ATION__coll__graph.pdf  used on input line 27.
(pdftex.def)             Requested size: 241.0pt x 167.00684pt.
 [515] [516] [517])
(./structmavlink_1_1common_1_1msg_1_1OPEN__DRONE__ID__MESSAGE__PACK.tex <./stru
ctmavlink_1_1common_1_1msg_1_1OPEN__DRONE__ID__MESSAGE__PACK__inherit__graph.pd
f

pdfTeX warning: pdflatex (file ./structmavlink_1_1common_1_1msg_1_1OPEN__DRONE_
_ID__MESSAGE__PACK__inherit__graph.pdf): PDF inclusion: multiple pdfs with page
 group included in a single page
>
<structmavlink_1_1common_1_1msg_1_1OPEN__DRONE__ID__MESSAGE__PACK__inherit__gra
ph.pdf, id=25721, 271.0125pt x 167.62625pt>
File: structmavlink_1_1common_1_1msg_1_1OPEN__DRONE__ID__MESSAGE__PACK__inherit
__graph.pdf Graphic file (type pdf)
<use structmavlink_1_1common_1_1msg_1_1OPEN__DRONE__ID__MESSAGE__PACK__inherit_
_graph.pdf>
Package pdftex.def Info: structmavlink_1_1common_1_1msg_1_1OPEN__DRONE__ID__MES
SAGE__PACK__inherit__graph.pdf  used on input line 18.
(pdftex.def)             Requested size: 270.0pt x 167.00684pt.
 <./structmavlink_1_1common_1_1msg_1_1OPEN__DRONE__ID__MESSAGE__PACK__coll__gra
ph.pdf

pdfTeX warning: pdflatex (file ./structmavlink_1_1common_1_1msg_1_1OPEN__DRONE_
_ID__MESSAGE__PACK__coll__graph.pdf): PDF inclusion: multiple pdfs with page gr
oup included in a single page
>
<structmavlink_1_1common_1_1msg_1_1OPEN__DRONE__ID__MESSAGE__PACK__coll__graph.
pdf, id=25729, 271.0125pt x 167.62625pt>
File: structmavlink_1_1common_1_1msg_1_1OPEN__DRONE__ID__MESSAGE__PACK__coll__g
raph.pdf Graphic file (type pdf)
<use structmavlink_1_1common_1_1msg_1_1OPEN__DRONE__ID__MESSAGE__PACK__coll__gr
aph.pdf>
Package pdftex.def Info: structmavlink_1_1common_1_1msg_1_1OPEN__DRONE__ID__MES
SAGE__PACK__coll__graph.pdf  used on input line 27.
(pdftex.def)             Requested size: 270.0pt x 167.00684pt.
 [518] [519])
(./structmavlink_1_1common_1_1msg_1_1OPEN__DRONE__ID__OPERATOR__ID.tex <./struc
tmavlink_1_1common_1_1msg_1_1OPEN__DRONE__ID__OPERATOR__ID__inherit__graph.pdf

pdfTeX warning: pdflatex (file ./structmavlink_1_1common_1_1msg_1_1OPEN__DRONE_
_ID__OPERATOR__ID__inherit__graph.pdf): PDF inclusion: multiple pdfs with page 
group included in a single page
>
<structmavlink_1_1common_1_1msg_1_1OPEN__DRONE__ID__OPERATOR__ID__inherit__grap
h.pdf, id=25781, 259.97125pt x 167.62625pt>
File: structmavlink_1_1common_1_1msg_1_1OPEN__DRONE__ID__OPERATOR__ID__inherit_
_graph.pdf Graphic file (type pdf)
<use structmavlink_1_1common_1_1msg_1_1OPEN__DRONE__ID__OPERATOR__ID__inherit__
graph.pdf>
Package pdftex.def Info: structmavlink_1_1common_1_1msg_1_1OPEN__DRONE__ID__OPE
RATOR__ID__inherit__graph.pdf  used on input line 18.
(pdftex.def)             Requested size: 259.0pt x 166.99916pt.
 [520] <./structmavlink_1_1common_1_1msg_1_1OPEN__DRONE__ID__OPERATOR__ID__coll
__graph.pdf

pdfTeX warning: pdflatex (file ./structmavlink_1_1common_1_1msg_1_1OPEN__DRONE_
_ID__OPERATOR__ID__coll__graph.pdf): PDF inclusion: multiple pdfs with page gro
up included in a single page
>
<structmavlink_1_1common_1_1msg_1_1OPEN__DRONE__ID__OPERATOR__ID__coll__graph.p
df, id=25795, 259.97125pt x 167.62625pt>
File: structmavlink_1_1common_1_1msg_1_1OPEN__DRONE__ID__OPERATOR__ID__coll__gr
aph.pdf Graphic file (type pdf)
<use structmavlink_1_1common_1_1msg_1_1OPEN__DRONE__ID__OPERATOR__ID__coll__gra
ph.pdf>
Package pdftex.def Info: structmavlink_1_1common_1_1msg_1_1OPEN__DRONE__ID__OPE
RATOR__ID__coll__graph.pdf  used on input line 27.
(pdftex.def)             Requested size: 259.0pt x 166.99916pt.
 [521] [522])
(./structmavlink_1_1common_1_1msg_1_1OPEN__DRONE__ID__SELF__ID.tex <./structmav
link_1_1common_1_1msg_1_1OPEN__DRONE__ID__SELF__ID__inherit__graph.pdf

pdfTeX warning: pdflatex (file ./structmavlink_1_1common_1_1msg_1_1OPEN__DRONE_
_ID__SELF__ID__inherit__graph.pdf): PDF inclusion: multiple pdfs with page grou
p included in a single page
>
<structmavlink_1_1common_1_1msg_1_1OPEN__DRONE__ID__SELF__ID__inherit__graph.pd
f, id=25845, 230.8625pt x 167.62625pt>
File: structmavlink_1_1common_1_1msg_1_1OPEN__DRONE__ID__SELF__ID__inherit__gra
ph.pdf Graphic file (type pdf)
<use structmavlink_1_1common_1_1msg_1_1OPEN__DRONE__ID__SELF__ID__inherit__grap
h.pdf>
Package pdftex.def Info: structmavlink_1_1common_1_1msg_1_1OPEN__DRONE__ID__SEL
F__ID__inherit__graph.pdf  used on input line 18.
(pdftex.def)             Requested size: 230.0pt x 167.00172pt.
 <./structmavlink_1_1common_1_1msg_1_1OPEN__DRONE__ID__SELF__ID__coll__graph.pd
f

pdfTeX warning: pdflatex (file ./structmavlink_1_1common_1_1msg_1_1OPEN__DRONE_
_ID__SELF__ID__coll__graph.pdf): PDF inclusion: multiple pdfs with page group i
ncluded in a single page
>
<structmavlink_1_1common_1_1msg_1_1OPEN__DRONE__ID__SELF__ID__coll__graph.pdf, 
id=25854, 230.8625pt x 167.62625pt>
File: structmavlink_1_1common_1_1msg_1_1OPEN__DRONE__ID__SELF__ID__coll__graph.
pdf Graphic file (type pdf)
<use structmavlink_1_1common_1_1msg_1_1OPEN__DRONE__ID__SELF__ID__coll__graph.p
df>
Package pdftex.def Info: structmavlink_1_1common_1_1msg_1_1OPEN__DRONE__ID__SEL
F__ID__coll__graph.pdf  used on input line 27.
(pdftex.def)             Requested size: 230.0pt x 167.00172pt.
 [523] [524]) (./structmavlink_1_1common_1_1msg_1_1OPEN__DRONE__ID__SYSTEM.tex 
<./structmavlink_1_1common_1_1msg_1_1OPEN__DRONE__ID__SYSTEM__inherit__graph.pd
f

pdfTeX warning: pdflatex (file ./structmavlink_1_1common_1_1msg_1_1OPEN__DRONE_
_ID__SYSTEM__inherit__graph.pdf): PDF inclusion: multiple pdfs with page group 
included in a single page
>
<structmavlink_1_1common_1_1msg_1_1OPEN__DRONE__ID__SYSTEM__inherit__graph.pdf,
 id=25906, 230.8625pt x 167.62625pt>
File: structmavlink_1_1common_1_1msg_1_1OPEN__DRONE__ID__SYSTEM__inherit__graph
.pdf Graphic file (type pdf)
<use structmavlink_1_1common_1_1msg_1_1OPEN__DRONE__ID__SYSTEM__inherit__graph.
pdf>
Package pdftex.def Info: structmavlink_1_1common_1_1msg_1_1OPEN__DRONE__ID__SYS
TEM__inherit__graph.pdf  used on input line 18.
(pdftex.def)             Requested size: 230.0pt x 167.00172pt.
 [525] <./structmavlink_1_1common_1_1msg_1_1OPEN__DRONE__ID__SYSTEM__coll__grap
h.pdf

pdfTeX warning: pdflatex (file ./structmavlink_1_1common_1_1msg_1_1OPEN__DRONE_
_ID__SYSTEM__coll__graph.pdf): PDF inclusion: multiple pdfs with page group inc
luded in a single page
>
<structmavlink_1_1common_1_1msg_1_1OPEN__DRONE__ID__SYSTEM__coll__graph.pdf, id
=25920, 230.8625pt x 167.62625pt>
File: structmavlink_1_1common_1_1msg_1_1OPEN__DRONE__ID__SYSTEM__coll__graph.pd
f Graphic file (type pdf)
<use structmavlink_1_1common_1_1msg_1_1OPEN__DRONE__ID__SYSTEM__coll__graph.pdf
>
Package pdftex.def Info: structmavlink_1_1common_1_1msg_1_1OPEN__DRONE__ID__SYS
TEM__coll__graph.pdf  used on input line 27.
(pdftex.def)             Requested size: 230.0pt x 167.00172pt.
 [526] [527])
(./structmavlink_1_1common_1_1msg_1_1OPEN__DRONE__ID__SYSTEM__UPDATE.tex <./str
uctmavlink_1_1common_1_1msg_1_1OPEN__DRONE__ID__SYSTEM__UPDATE__inherit__graph.
pdf

pdfTeX warning: pdflatex (file ./structmavlink_1_1common_1_1msg_1_1OPEN__DRONE_
_ID__SYSTEM__UPDATE__inherit__graph.pdf): PDF inclusion: multiple pdfs with pag
e group included in a single page
>
<structmavlink_1_1common_1_1msg_1_1OPEN__DRONE__ID__SYSTEM__UPDATE__inherit__gr
aph.pdf, id=25982, 230.8625pt x 178.6675pt>
File: structmavlink_1_1common_1_1msg_1_1OPEN__DRONE__ID__SYSTEM__UPDATE__inheri
t__graph.pdf Graphic file (type pdf)
<use structmavlink_1_1common_1_1msg_1_1OPEN__DRONE__ID__SYSTEM__UPDATE__inherit
__graph.pdf>
Package pdftex.def Info: structmavlink_1_1common_1_1msg_1_1OPEN__DRONE__ID__SYS
TEM__UPDATE__inherit__graph.pdf  used on input line 18.
(pdftex.def)             Requested size: 230.0pt x 178.00185pt.
 <./structmavlink_1_1common_1_1msg_1_1OPEN__DRONE__ID__SYSTEM__UPDATE__coll__gr
aph.pdf

pdfTeX warning: pdflatex (file ./structmavlink_1_1common_1_1msg_1_1OPEN__DRONE_
_ID__SYSTEM__UPDATE__coll__graph.pdf): PDF inclusion: multiple pdfs with page g
roup included in a single page
>
<structmavlink_1_1common_1_1msg_1_1OPEN__DRONE__ID__SYSTEM__UPDATE__coll__graph
.pdf, id=25990, 230.8625pt x 178.6675pt>
File: structmavlink_1_1common_1_1msg_1_1OPEN__DRONE__ID__SYSTEM__UPDATE__coll__
graph.pdf Graphic file (type pdf)
<use structmavlink_1_1common_1_1msg_1_1OPEN__DRONE__ID__SYSTEM__UPDATE__coll__g
raph.pdf>
Package pdftex.def Info: structmavlink_1_1common_1_1msg_1_1OPEN__DRONE__ID__SYS
TEM__UPDATE__coll__graph.pdf  used on input line 27.
(pdftex.def)             Requested size: 230.0pt x 178.00185pt.
 [528] [529] [530]) (./structmavlink_1_1common_1_1msg_1_1OPTICAL__FLOW.tex <./s
tructmavlink_1_1common_1_1msg_1_1OPTICAL__FLOW__inherit__graph.pdf

pdfTeX warning: pdflatex (file ./structmavlink_1_1common_1_1msg_1_1OPTICAL__FLO
W__inherit__graph.pdf): PDF inclusion: multiple pdfs with page group included i
n a single page
>
<structmavlink_1_1common_1_1msg_1_1OPTICAL__FLOW__inherit__graph.pdf, id=26049,
 212.795pt x 167.62625pt>
File: structmavlink_1_1common_1_1msg_1_1OPTICAL__FLOW__inherit__graph.pdf Graph
ic file (type pdf)
<use structmavlink_1_1common_1_1msg_1_1OPTICAL__FLOW__inherit__graph.pdf>
Package pdftex.def Info: structmavlink_1_1common_1_1msg_1_1OPTICAL__FLOW__inher
it__graph.pdf  used on input line 18.
(pdftex.def)             Requested size: 212.0pt x 167.0094pt.
 <./structmavlink_1_1common_1_1msg_1_1OPTICAL__FLOW__coll__graph.pdf

pdfTeX warning: pdflatex (file ./structmavlink_1_1common_1_1msg_1_1OPTICAL__FLO
W__coll__graph.pdf): PDF inclusion: multiple pdfs with page group included in a
 single page
>
<structmavlink_1_1common_1_1msg_1_1OPTICAL__FLOW__coll__graph.pdf, id=26058, 21
2.795pt x 167.62625pt>
File: structmavlink_1_1common_1_1msg_1_1OPTICAL__FLOW__coll__graph.pdf Graphic 
file (type pdf)
<use structmavlink_1_1common_1_1msg_1_1OPTICAL__FLOW__coll__graph.pdf>
Package pdftex.def Info: structmavlink_1_1common_1_1msg_1_1OPTICAL__FLOW__coll_
_graph.pdf  used on input line 27.
(pdftex.def)             Requested size: 212.0pt x 167.0094pt.
 [531] [532]) (./structmavlink_1_1common_1_1msg_1_1OPTICAL__FLOW__RAD.tex <./st
ructmavlink_1_1common_1_1msg_1_1OPTICAL__FLOW__RAD__inherit__graph.pdf

pdfTeX warning: pdflatex (file ./structmavlink_1_1common_1_1msg_1_1OPTICAL__FLO
W__RAD__inherit__graph.pdf): PDF inclusion: multiple pdfs with page group inclu
ded in a single page
>
<structmavlink_1_1common_1_1msg_1_1OPTICAL__FLOW__RAD__inherit__graph.pdf, id=2
6113, 212.795pt x 167.62625pt>
File: structmavlink_1_1common_1_1msg_1_1OPTICAL__FLOW__RAD__inherit__graph.pdf 
Graphic file (type pdf)
<use structmavlink_1_1common_1_1msg_1_1OPTICAL__FLOW__RAD__inherit__graph.pdf>
Package pdftex.def Info: structmavlink_1_1common_1_1msg_1_1OPTICAL__FLOW__RAD__
inherit__graph.pdf  used on input line 18.
(pdftex.def)             Requested size: 212.0pt x 167.0094pt.
 [533] <./structmavlink_1_1common_1_1msg_1_1OPTICAL__FLOW__RAD__coll__graph.pdf


pdfTeX warning: pdflatex (file ./structmavlink_1_1common_1_1msg_1_1OPTICAL__FLO
W__RAD__coll__graph.pdf): PDF inclusion: multiple pdfs with page group included
 in a single page
>
<structmavlink_1_1common_1_1msg_1_1OPTICAL__FLOW__RAD__coll__graph.pdf, id=2612
7, 212.795pt x 167.62625pt>
File: structmavlink_1_1common_1_1msg_1_1OPTICAL__FLOW__RAD__coll__graph.pdf Gra
phic file (type pdf)
<use structmavlink_1_1common_1_1msg_1_1OPTICAL__FLOW__RAD__coll__graph.pdf>
Package pdftex.def Info: structmavlink_1_1common_1_1msg_1_1OPTICAL__FLOW__RAD__
coll__graph.pdf  used on input line 27.
(pdftex.def)             Requested size: 212.0pt x 167.0094pt.
 [534] [535])
(./structmavlink_1_1common_1_1msg_1_1ORBIT__EXECUTION__STATUS.tex <./structmavl
ink_1_1common_1_1msg_1_1ORBIT__EXECUTION__STATUS__inherit__graph.pdf

pdfTeX warning: pdflatex (file ./structmavlink_1_1common_1_1msg_1_1ORBIT__EXECU
TION__STATUS__inherit__graph.pdf): PDF inclusion: multiple pdfs with page group
 included in a single page
>
<structmavlink_1_1common_1_1msg_1_1ORBIT__EXECUTION__STATUS__inherit__graph.pdf
, id=26186, 237.88875pt x 167.62625pt>
File: structmavlink_1_1common_1_1msg_1_1ORBIT__EXECUTION__STATUS__inherit__grap
h.pdf Graphic file (type pdf)
<use structmavlink_1_1common_1_1msg_1_1ORBIT__EXECUTION__STATUS__inherit__graph
.pdf>
Package pdftex.def Info: structmavlink_1_1common_1_1msg_1_1ORBIT__EXECUTION__ST
ATUS__inherit__graph.pdf  used on input line 18.
(pdftex.def)             Requested size: 237.0pt x 167.00684pt.
 <./structmavlink_1_1common_1_1msg_1_1ORBIT__EXECUTION__STATUS__coll__graph.pdf


pdfTeX warning: pdflatex (file ./structmavlink_1_1common_1_1msg_1_1ORBIT__EXECU
TION__STATUS__coll__graph.pdf): PDF inclusion: multiple pdfs with page group in
cluded in a single page
>
<structmavlink_1_1common_1_1msg_1_1ORBIT__EXECUTION__STATUS__coll__graph.pdf, i
d=26194, 237.88875pt x 167.62625pt>
File: structmavlink_1_1common_1_1msg_1_1ORBIT__EXECUTION__STATUS__coll__graph.p
df Graphic file (type pdf)
<use structmavlink_1_1common_1_1msg_1_1ORBIT__EXECUTION__STATUS__coll__graph.pd
f>
Package pdftex.def Info: structmavlink_1_1common_1_1msg_1_1ORBIT__EXECUTION__ST
ATUS__coll__graph.pdf  used on input line 27.
(pdftex.def)             Requested size: 237.0pt x 167.00684pt.
 [536] [537]) (./classpacket__receiver.tex [538] [539] [540])
(./structmavlink_1_1common_1_1msg_1_1PARAM__ERROR.tex <./structmavlink_1_1commo
n_1_1msg_1_1PARAM__ERROR__inherit__graph.pdf

pdfTeX warning: pdflatex (file ./structmavlink_1_1common_1_1msg_1_1PARAM__ERROR
__inherit__graph.pdf): PDF inclusion: multiple pdfs with page group included in
 a single page
>
<structmavlink_1_1common_1_1msg_1_1PARAM__ERROR__inherit__graph.pdf, id=26278, 
212.795pt x 167.62625pt>
File: structmavlink_1_1common_1_1msg_1_1PARAM__ERROR__inherit__graph.pdf Graphi
c file (type pdf)
<use structmavlink_1_1common_1_1msg_1_1PARAM__ERROR__inherit__graph.pdf>
Package pdftex.def Info: structmavlink_1_1common_1_1msg_1_1PARAM__ERROR__inheri
t__graph.pdf  used on input line 18.
(pdftex.def)             Requested size: 212.0pt x 167.0094pt.
 <./structmavlink_1_1common_1_1msg_1_1PARAM__ERROR__coll__graph.pdf

pdfTeX warning: pdflatex (file ./structmavlink_1_1common_1_1msg_1_1PARAM__ERROR
__coll__graph.pdf): PDF inclusion: multiple pdfs with page group included in a 
single page
>
<structmavlink_1_1common_1_1msg_1_1PARAM__ERROR__coll__graph.pdf, id=26286, 212
.795pt x 167.62625pt>
File: structmavlink_1_1common_1_1msg_1_1PARAM__ERROR__coll__graph.pdf Graphic f
ile (type pdf)
<use structmavlink_1_1common_1_1msg_1_1PARAM__ERROR__coll__graph.pdf>
Package pdftex.def Info: structmavlink_1_1common_1_1msg_1_1PARAM__ERROR__coll__
graph.pdf  used on input line 27.
(pdftex.def)             Requested size: 212.0pt x 167.0094pt.
 [541] [542]) (./structmavlink_1_1common_1_1msg_1_1PARAM__EXT__ACK.tex <./struc
tmavlink_1_1common_1_1msg_1_1PARAM__EXT__ACK__inherit__graph.pdf

pdfTeX warning: pdflatex (file ./structmavlink_1_1common_1_1msg_1_1PARAM__EXT__
ACK__inherit__graph.pdf): PDF inclusion: multiple pdfs with page group included
 in a single page
>
<structmavlink_1_1common_1_1msg_1_1PARAM__EXT__ACK__inherit__graph.pdf, id=2633
7, 212.795pt x 167.62625pt>
File: structmavlink_1_1common_1_1msg_1_1PARAM__EXT__ACK__inherit__graph.pdf Gra
phic file (type pdf)
<use structmavlink_1_1common_1_1msg_1_1PARAM__EXT__ACK__inherit__graph.pdf>
Package pdftex.def Info: structmavlink_1_1common_1_1msg_1_1PARAM__EXT__ACK__inh
erit__graph.pdf  used on input line 18.
(pdftex.def)             Requested size: 212.0pt x 167.0094pt.
 <./structmavlink_1_1common_1_1msg_1_1PARAM__EXT__ACK__coll__graph.pdf

pdfTeX warning: pdflatex (file ./structmavlink_1_1common_1_1msg_1_1PARAM__EXT__
ACK__coll__graph.pdf): PDF inclusion: multiple pdfs with page group included in
 a single page
>
<structmavlink_1_1common_1_1msg_1_1PARAM__EXT__ACK__coll__graph.pdf, id=26345, 
212.795pt x 167.62625pt>
File: structmavlink_1_1common_1_1msg_1_1PARAM__EXT__ACK__coll__graph.pdf Graphi
c file (type pdf)
<use structmavlink_1_1common_1_1msg_1_1PARAM__EXT__ACK__coll__graph.pdf>
Package pdftex.def Info: structmavlink_1_1common_1_1msg_1_1PARAM__EXT__ACK__col
l__graph.pdf  used on input line 27.
(pdftex.def)             Requested size: 212.0pt x 167.0094pt.
 [543] [544])
(./structmavlink_1_1common_1_1msg_1_1PARAM__EXT__REQUEST__LIST.tex [545] <./str
uctmavlink_1_1common_1_1msg_1_1PARAM__EXT__REQUEST__LIST__inherit__graph.pdf

pdfTeX warning: pdflatex (file ./structmavlink_1_1common_1_1msg_1_1PARAM__EXT__
REQUEST__LIST__inherit__graph.pdf): PDF inclusion: multiple pdfs with page grou
p included in a single page
>
<structmavlink_1_1common_1_1msg_1_1PARAM__EXT__REQUEST__LIST__inherit__graph.pd
f, id=26403, 238.8925pt x 167.62625pt>
File: structmavlink_1_1common_1_1msg_1_1PARAM__EXT__REQUEST__LIST__inherit__gra
ph.pdf Graphic file (type pdf)
<use structmavlink_1_1common_1_1msg_1_1PARAM__EXT__REQUEST__LIST__inherit__grap
h.pdf>
Package pdftex.def Info: structmavlink_1_1common_1_1msg_1_1PARAM__EXT__REQUEST_
_LIST__inherit__graph.pdf  used on input line 18.
(pdftex.def)             Requested size: 238.0pt x 166.99916pt.
 <./structmavlink_1_1common_1_1msg_1_1PARAM__EXT__REQUEST__LIST__coll__graph.pd
f

pdfTeX warning: pdflatex (file ./structmavlink_1_1common_1_1msg_1_1PARAM__EXT__
REQUEST__LIST__coll__graph.pdf): PDF inclusion: multiple pdfs with page group i
ncluded in a single page
>
<structmavlink_1_1common_1_1msg_1_1PARAM__EXT__REQUEST__LIST__coll__graph.pdf, 
id=26411, 238.8925pt x 167.62625pt>
File: structmavlink_1_1common_1_1msg_1_1PARAM__EXT__REQUEST__LIST__coll__graph.
pdf Graphic file (type pdf)
<use structmavlink_1_1common_1_1msg_1_1PARAM__EXT__REQUEST__LIST__coll__graph.p
df>
Package pdftex.def Info: structmavlink_1_1common_1_1msg_1_1PARAM__EXT__REQUEST_
_LIST__coll__graph.pdf  used on input line 27.
(pdftex.def)             Requested size: 238.0pt x 166.99916pt.
 [546] [547])
(./structmavlink_1_1common_1_1msg_1_1PARAM__EXT__REQUEST__READ.tex <./structmav
link_1_1common_1_1msg_1_1PARAM__EXT__REQUEST__READ__inherit__graph.pdf

pdfTeX warning: pdflatex (file ./structmavlink_1_1common_1_1msg_1_1PARAM__EXT__
REQUEST__READ__inherit__graph.pdf): PDF inclusion: multiple pdfs with page grou
p included in a single page
>
<structmavlink_1_1common_1_1msg_1_1PARAM__EXT__REQUEST__READ__inherit__graph.pd
f, id=26461, 244.915pt x 167.62625pt>
File: structmavlink_1_1common_1_1msg_1_1PARAM__EXT__REQUEST__READ__inherit__gra
ph.pdf Graphic file (type pdf)
<use structmavlink_1_1common_1_1msg_1_1PARAM__EXT__REQUEST__READ__inherit__grap
h.pdf>
Package pdftex.def Info: structmavlink_1_1common_1_1msg_1_1PARAM__EXT__REQUEST_
_READ__inherit__graph.pdf  used on input line 18.
(pdftex.def)             Requested size: 244.0pt x 167.00427pt.
 <./structmavlink_1_1common_1_1msg_1_1PARAM__EXT__REQUEST__READ__coll__graph.pd
f

pdfTeX warning: pdflatex (file ./structmavlink_1_1common_1_1msg_1_1PARAM__EXT__
REQUEST__READ__coll__graph.pdf): PDF inclusion: multiple pdfs with page group i
ncluded in a single page
>
<structmavlink_1_1common_1_1msg_1_1PARAM__EXT__REQUEST__READ__coll__graph.pdf, 
id=26469, 244.915pt x 167.62625pt>
File: structmavlink_1_1common_1_1msg_1_1PARAM__EXT__REQUEST__READ__coll__graph.
pdf Graphic file (type pdf)
<use structmavlink_1_1common_1_1msg_1_1PARAM__EXT__REQUEST__READ__coll__graph.p
df>
Package pdftex.def Info: structmavlink_1_1common_1_1msg_1_1PARAM__EXT__REQUEST_
_READ__coll__graph.pdf  used on input line 27.
(pdftex.def)             Requested size: 244.0pt x 167.00427pt.
 [548] [549]) (./structmavlink_1_1common_1_1msg_1_1PARAM__EXT__SET.tex
[550] <./structmavlink_1_1common_1_1msg_1_1PARAM__EXT__SET__inherit__graph.pdf

pdfTeX warning: pdflatex (file ./structmavlink_1_1common_1_1msg_1_1PARAM__EXT__
SET__inherit__graph.pdf): PDF inclusion: multiple pdfs with page group included
 in a single page
>
<structmavlink_1_1common_1_1msg_1_1PARAM__EXT__SET__inherit__graph.pdf, id=2652
6, 212.795pt x 167.62625pt>
File: structmavlink_1_1common_1_1msg_1_1PARAM__EXT__SET__inherit__graph.pdf Gra
phic file (type pdf)
<use structmavlink_1_1common_1_1msg_1_1PARAM__EXT__SET__inherit__graph.pdf>
Package pdftex.def Info: structmavlink_1_1common_1_1msg_1_1PARAM__EXT__SET__inh
erit__graph.pdf  used on input line 18.
(pdftex.def)             Requested size: 212.0pt x 167.0094pt.
 <./structmavlink_1_1common_1_1msg_1_1PARAM__EXT__SET__coll__graph.pdf

pdfTeX warning: pdflatex (file ./structmavlink_1_1common_1_1msg_1_1PARAM__EXT__
SET__coll__graph.pdf): PDF inclusion: multiple pdfs with page group included in
 a single page
>
<structmavlink_1_1common_1_1msg_1_1PARAM__EXT__SET__coll__graph.pdf, id=26534, 
212.795pt x 167.62625pt>
File: structmavlink_1_1common_1_1msg_1_1PARAM__EXT__SET__coll__graph.pdf Graphi
c file (type pdf)
<use structmavlink_1_1common_1_1msg_1_1PARAM__EXT__SET__coll__graph.pdf>
Package pdftex.def Info: structmavlink_1_1common_1_1msg_1_1PARAM__EXT__SET__col
l__graph.pdf  used on input line 27.
(pdftex.def)             Requested size: 212.0pt x 167.0094pt.
 [551] [552]) (./structmavlink_1_1common_1_1msg_1_1PARAM__EXT__VALUE.tex <./str
uctmavlink_1_1common_1_1msg_1_1PARAM__EXT__VALUE__inherit__graph.pdf

pdfTeX warning: pdflatex (file ./structmavlink_1_1common_1_1msg_1_1PARAM__EXT__
VALUE__inherit__graph.pdf): PDF inclusion: multiple pdfs with page group includ
ed in a single page
>
<structmavlink_1_1common_1_1msg_1_1PARAM__EXT__VALUE__inherit__graph.pdf, id=26
586, 212.795pt x 167.62625pt>
File: structmavlink_1_1common_1_1msg_1_1PARAM__EXT__VALUE__inherit__graph.pdf G
raphic file (type pdf)
<use structmavlink_1_1common_1_1msg_1_1PARAM__EXT__VALUE__inherit__graph.pdf>
Package pdftex.def Info: structmavlink_1_1common_1_1msg_1_1PARAM__EXT__VALUE__i
nherit__graph.pdf  used on input line 18.
(pdftex.def)             Requested size: 212.0pt x 167.0094pt.
 <./structmavlink_1_1common_1_1msg_1_1PARAM__EXT__VALUE__coll__graph.pdf

pdfTeX warning: pdflatex (file ./structmavlink_1_1common_1_1msg_1_1PARAM__EXT__
VALUE__coll__graph.pdf): PDF inclusion: multiple pdfs with page group included 
in a single page
>
<structmavlink_1_1common_1_1msg_1_1PARAM__EXT__VALUE__coll__graph.pdf, id=26594
, 212.795pt x 167.62625pt>
File: structmavlink_1_1common_1_1msg_1_1PARAM__EXT__VALUE__coll__graph.pdf Grap
hic file (type pdf)
<use structmavlink_1_1common_1_1msg_1_1PARAM__EXT__VALUE__coll__graph.pdf>
Package pdftex.def Info: structmavlink_1_1common_1_1msg_1_1PARAM__EXT__VALUE__c
oll__graph.pdf  used on input line 27.
(pdftex.def)             Requested size: 212.0pt x 167.0094pt.
 [553] [554]) (./structmavlink_1_1common_1_1msg_1_1PARAM__MAP__RC.tex [555] <./
structmavlink_1_1common_1_1msg_1_1PARAM__MAP__RC__inherit__graph.pdf

pdfTeX warning: pdflatex (file ./structmavlink_1_1common_1_1msg_1_1PARAM__MAP__
RC__inherit__graph.pdf): PDF inclusion: multiple pdfs with page group included 
in a single page
>
<structmavlink_1_1common_1_1msg_1_1PARAM__MAP__RC__inherit__graph.pdf, id=26652
, 212.795pt x 167.62625pt>
File: structmavlink_1_1common_1_1msg_1_1PARAM__MAP__RC__inherit__graph.pdf Grap
hic file (type pdf)
<use structmavlink_1_1common_1_1msg_1_1PARAM__MAP__RC__inherit__graph.pdf>
Package pdftex.def Info: structmavlink_1_1common_1_1msg_1_1PARAM__MAP__RC__inhe
rit__graph.pdf  used on input line 18.
(pdftex.def)             Requested size: 212.0pt x 167.0094pt.
 <./structmavlink_1_1common_1_1msg_1_1PARAM__MAP__RC__coll__graph.pdf

pdfTeX warning: pdflatex (file ./structmavlink_1_1common_1_1msg_1_1PARAM__MAP__
RC__coll__graph.pdf): PDF inclusion: multiple pdfs with page group included in 
a single page
>
<structmavlink_1_1common_1_1msg_1_1PARAM__MAP__RC__coll__graph.pdf, id=26661, 2
12.795pt x 167.62625pt>
File: structmavlink_1_1common_1_1msg_1_1PARAM__MAP__RC__coll__graph.pdf Graphic
 file (type pdf)
<use structmavlink_1_1common_1_1msg_1_1PARAM__MAP__RC__coll__graph.pdf>
Package pdftex.def Info: structmavlink_1_1common_1_1msg_1_1PARAM__MAP__RC__coll
__graph.pdf  used on input line 27.
(pdftex.def)             Requested size: 212.0pt x 167.0094pt.
 [556] [557]) (./structmavlink_1_1common_1_1msg_1_1PARAM__REQUEST__LIST.tex <./
structmavlink_1_1common_1_1msg_1_1PARAM__REQUEST__LIST__inherit__graph.pdf

pdfTeX warning: pdflatex (file ./structmavlink_1_1common_1_1msg_1_1PARAM__REQUE
ST__LIST__inherit__graph.pdf): PDF inclusion: multiple pdfs with page group inc
luded in a single page
>
<structmavlink_1_1common_1_1msg_1_1PARAM__REQUEST__LIST__inherit__graph.pdf, id
=26715, 214.8025pt x 167.62625pt>
File: structmavlink_1_1common_1_1msg_1_1PARAM__REQUEST__LIST__inherit__graph.pd
f Graphic file (type pdf)
<use structmavlink_1_1common_1_1msg_1_1PARAM__REQUEST__LIST__inherit__graph.pdf
>
Package pdftex.def Info: structmavlink_1_1common_1_1msg_1_1PARAM__REQUEST__LIST
__inherit__graph.pdf  used on input line 18.
(pdftex.def)             Requested size: 214.0pt x 167.00172pt.
 <./structmavlink_1_1common_1_1msg_1_1PARAM__REQUEST__LIST__coll__graph.pdf

pdfTeX warning: pdflatex (file ./structmavlink_1_1common_1_1msg_1_1PARAM__REQUE
ST__LIST__coll__graph.pdf): PDF inclusion: multiple pdfs with page group includ
ed in a single page
>
<structmavlink_1_1common_1_1msg_1_1PARAM__REQUEST__LIST__coll__graph.pdf, id=26
723, 214.8025pt x 167.62625pt>
File: structmavlink_1_1common_1_1msg_1_1PARAM__REQUEST__LIST__coll__graph.pdf G
raphic file (type pdf)
<use structmavlink_1_1common_1_1msg_1_1PARAM__REQUEST__LIST__coll__graph.pdf>
Package pdftex.def Info: structmavlink_1_1common_1_1msg_1_1PARAM__REQUEST__LIST
__coll__graph.pdf  used on input line 27.
(pdftex.def)             Requested size: 214.0pt x 167.00172pt.
 [558] [559]) (./structmavlink_1_1common_1_1msg_1_1PARAM__REQUEST__READ.tex
[560] <./structmavlink_1_1common_1_1msg_1_1PARAM__REQUEST__READ__inherit__graph
.pdf

pdfTeX warning: pdflatex (file ./structmavlink_1_1common_1_1msg_1_1PARAM__REQUE
ST__READ__inherit__graph.pdf): PDF inclusion: multiple pdfs with page group inc
luded in a single page
>
<structmavlink_1_1common_1_1msg_1_1PARAM__REQUEST__READ__inherit__graph.pdf, id
=26780, 220.825pt x 167.62625pt>
File: structmavlink_1_1common_1_1msg_1_1PARAM__REQUEST__READ__inherit__graph.pd
f Graphic file (type pdf)
<use structmavlink_1_1common_1_1msg_1_1PARAM__REQUEST__READ__inherit__graph.pdf
>
Package pdftex.def Info: structmavlink_1_1common_1_1msg_1_1PARAM__REQUEST__READ
__inherit__graph.pdf  used on input line 18.
(pdftex.def)             Requested size: 220.0pt x 167.00684pt.
 <./structmavlink_1_1common_1_1msg_1_1PARAM__REQUEST__READ__coll__graph.pdf

pdfTeX warning: pdflatex (file ./structmavlink_1_1common_1_1msg_1_1PARAM__REQUE
ST__READ__coll__graph.pdf): PDF inclusion: multiple pdfs with page group includ
ed in a single page
>
<structmavlink_1_1common_1_1msg_1_1PARAM__REQUEST__READ__coll__graph.pdf, id=26
788, 220.825pt x 167.62625pt>
File: structmavlink_1_1common_1_1msg_1_1PARAM__REQUEST__READ__coll__graph.pdf G
raphic file (type pdf)
<use structmavlink_1_1common_1_1msg_1_1PARAM__REQUEST__READ__coll__graph.pdf>
Package pdftex.def Info: structmavlink_1_1common_1_1msg_1_1PARAM__REQUEST__READ
__coll__graph.pdf  used on input line 27.
(pdftex.def)             Requested size: 220.0pt x 167.00684pt.
 [561] [562]) (./structmavlink_1_1common_1_1msg_1_1PARAM__SET.tex <./structmavl
ink_1_1common_1_1msg_1_1PARAM__SET__inherit__graph.pdf

pdfTeX warning: pdflatex (file ./structmavlink_1_1common_1_1msg_1_1PARAM__SET__
inherit__graph.pdf): PDF inclusion: multiple pdfs with page group included in a
 single page
>
<structmavlink_1_1common_1_1msg_1_1PARAM__SET__inherit__graph.pdf, id=26838, 21
2.795pt x 167.62625pt>
File: structmavlink_1_1common_1_1msg_1_1PARAM__SET__inherit__graph.pdf Graphic 
file (type pdf)
<use structmavlink_1_1common_1_1msg_1_1PARAM__SET__inherit__graph.pdf>
Package pdftex.def Info: structmavlink_1_1common_1_1msg_1_1PARAM__SET__inherit_
_graph.pdf  used on input line 18.
(pdftex.def)             Requested size: 212.0pt x 167.0094pt.
 <./structmavlink_1_1common_1_1msg_1_1PARAM__SET__coll__graph.pdf

pdfTeX warning: pdflatex (file ./structmavlink_1_1common_1_1msg_1_1PARAM__SET__
coll__graph.pdf): PDF inclusion: multiple pdfs with page group included in a si
ngle page
>
<structmavlink_1_1common_1_1msg_1_1PARAM__SET__coll__graph.pdf, id=26846, 212.7
95pt x 167.62625pt>
File: structmavlink_1_1common_1_1msg_1_1PARAM__SET__coll__graph.pdf Graphic fil
e (type pdf)
<use structmavlink_1_1common_1_1msg_1_1PARAM__SET__coll__graph.pdf>
Package pdftex.def Info: structmavlink_1_1common_1_1msg_1_1PARAM__SET__coll__gr
aph.pdf  used on input line 27.
(pdftex.def)             Requested size: 212.0pt x 167.0094pt.
 [563] [564] [565]) (./structmavlink_1_1common_1_1msg_1_1PARAM__VALUE.tex <./st
ructmavlink_1_1common_1_1msg_1_1PARAM__VALUE__inherit__graph.pdf

pdfTeX warning: pdflatex (file ./structmavlink_1_1common_1_1msg_1_1PARAM__VALUE
__inherit__graph.pdf): PDF inclusion: multiple pdfs with page group included in
 a single page
>
<structmavlink_1_1common_1_1msg_1_1PARAM__VALUE__inherit__graph.pdf, id=26909, 
212.795pt x 167.62625pt>
File: structmavlink_1_1common_1_1msg_1_1PARAM__VALUE__inherit__graph.pdf Graphi
c file (type pdf)
<use structmavlink_1_1common_1_1msg_1_1PARAM__VALUE__inherit__graph.pdf>
Package pdftex.def Info: structmavlink_1_1common_1_1msg_1_1PARAM__VALUE__inheri
t__graph.pdf  used on input line 18.
(pdftex.def)             Requested size: 212.0pt x 167.0094pt.
 <./structmavlink_1_1common_1_1msg_1_1PARAM__VALUE__coll__graph.pdf

pdfTeX warning: pdflatex (file ./structmavlink_1_1common_1_1msg_1_1PARAM__VALUE
__coll__graph.pdf): PDF inclusion: multiple pdfs with page group included in a 
single page
>
<structmavlink_1_1common_1_1msg_1_1PARAM__VALUE__coll__graph.pdf, id=26917, 212
.795pt x 167.62625pt>
File: structmavlink_1_1common_1_1msg_1_1PARAM__VALUE__coll__graph.pdf Graphic f
ile (type pdf)
<use structmavlink_1_1common_1_1msg_1_1PARAM__VALUE__coll__graph.pdf>
Package pdftex.def Info: structmavlink_1_1common_1_1msg_1_1PARAM__VALUE__coll__
graph.pdf  used on input line 27.
(pdftex.def)             Requested size: 212.0pt x 167.0094pt.
 [566]
Underfull \hbox (badness 905) in paragraph at lines 86--87
\T1/phv/m/n/10 al-lows the re-cip-i-ent to keep track of re-ceived pa-ram-e-ter
s and al-lows him to re-request miss-ing pa-ram-e-
 []


Underfull \hbox (badness 1275) in paragraph at lines 86--87
\T1/phv/m/n/10 ters af-ter a loss or time-out. The pa-ram-e-ter mi-croser-vice 
is doc-u-mented at [][] \T1/pcr/m/n/10 https[]://mavlink.[]
 []

[567]) (./structmavlink_1_1common_1_1msg_1_1PING.tex <./structmavlink_1_1common
_1_1msg_1_1PING__inherit__graph.pdf

pdfTeX warning: pdflatex (file ./structmavlink_1_1common_1_1msg_1_1PING__inheri
t__graph.pdf): PDF inclusion: multiple pdfs with page group included in a singl
e page
>
<structmavlink_1_1common_1_1msg_1_1PING__inherit__graph.pdf, id=26970, 212.795p
t x 167.62625pt>
File: structmavlink_1_1common_1_1msg_1_1PING__inherit__graph.pdf Graphic file (
type pdf)
<use structmavlink_1_1common_1_1msg_1_1PING__inherit__graph.pdf>
Package pdftex.def Info: structmavlink_1_1common_1_1msg_1_1PING__inherit__graph
.pdf  used on input line 18.
(pdftex.def)             Requested size: 212.0pt x 167.0094pt.
 [568] <./structmavlink_1_1common_1_1msg_1_1PING__coll__graph.pdf

pdfTeX warning: pdflatex (file ./structmavlink_1_1common_1_1msg_1_1PING__coll__
graph.pdf): PDF inclusion: multiple pdfs with page group included in a single p
age
>
<structmavlink_1_1common_1_1msg_1_1PING__coll__graph.pdf, id=26984, 212.795pt x
 167.62625pt>
File: structmavlink_1_1common_1_1msg_1_1PING__coll__graph.pdf Graphic file (typ
e pdf)
<use structmavlink_1_1common_1_1msg_1_1PING__coll__graph.pdf>
Package pdftex.def Info: structmavlink_1_1common_1_1msg_1_1PING__coll__graph.pd
f  used on input line 27.
(pdftex.def)             Requested size: 212.0pt x 167.0094pt.
 [569] [570] [571]) (./structmavlink_1_1common_1_1msg_1_1PLAY__TUNE.tex <./stru
ctmavlink_1_1common_1_1msg_1_1PLAY__TUNE__inherit__graph.pdf

pdfTeX warning: pdflatex (file ./structmavlink_1_1common_1_1msg_1_1PLAY__TUNE__
inherit__graph.pdf): PDF inclusion: multiple pdfs with page group included in a
 single page
>
<structmavlink_1_1common_1_1msg_1_1PLAY__TUNE__inherit__graph.pdf, id=27040, 21
2.795pt x 167.62625pt>
File: structmavlink_1_1common_1_1msg_1_1PLAY__TUNE__inherit__graph.pdf Graphic 
file (type pdf)
<use structmavlink_1_1common_1_1msg_1_1PLAY__TUNE__inherit__graph.pdf>
Package pdftex.def Info: structmavlink_1_1common_1_1msg_1_1PLAY__TUNE__inherit_
_graph.pdf  used on input line 18.
(pdftex.def)             Requested size: 212.0pt x 167.0094pt.
 <./structmavlink_1_1common_1_1msg_1_1PLAY__TUNE__coll__graph.pdf

pdfTeX warning: pdflatex (file ./structmavlink_1_1common_1_1msg_1_1PLAY__TUNE__
coll__graph.pdf): PDF inclusion: multiple pdfs with page group included in a si
ngle page
>
<structmavlink_1_1common_1_1msg_1_1PLAY__TUNE__coll__graph.pdf, id=27048, 212.7
95pt x 167.62625pt>
File: structmavlink_1_1common_1_1msg_1_1PLAY__TUNE__coll__graph.pdf Graphic fil
e (type pdf)
<use structmavlink_1_1common_1_1msg_1_1PLAY__TUNE__coll__graph.pdf>
Package pdftex.def Info: structmavlink_1_1common_1_1msg_1_1PLAY__TUNE__coll__gr
aph.pdf  used on input line 27.
(pdftex.def)             Requested size: 212.0pt x 167.0094pt.
 [572] [573]) (./structmavlink_1_1common_1_1msg_1_1PLAY__TUNE__V2.tex <./struct
mavlink_1_1common_1_1msg_1_1PLAY__TUNE__V2__inherit__graph.pdf

pdfTeX warning: pdflatex (file ./structmavlink_1_1common_1_1msg_1_1PLAY__TUNE__
V2__inherit__graph.pdf): PDF inclusion: multiple pdfs with page group included 
in a single page
>
<structmavlink_1_1common_1_1msg_1_1PLAY__TUNE__V2__inherit__graph.pdf, id=27098
, 212.795pt x 167.62625pt>
File: structmavlink_1_1common_1_1msg_1_1PLAY__TUNE__V2__inherit__graph.pdf Grap
hic file (type pdf)
<use structmavlink_1_1common_1_1msg_1_1PLAY__TUNE__V2__inherit__graph.pdf>
Package pdftex.def Info: structmavlink_1_1common_1_1msg_1_1PLAY__TUNE__V2__inhe
rit__graph.pdf  used on input line 18.
(pdftex.def)             Requested size: 212.0pt x 167.0094pt.
 [574] <./structmavlink_1_1common_1_1msg_1_1PLAY__TUNE__V2__coll__graph.pdf

pdfTeX warning: pdflatex (file ./structmavlink_1_1common_1_1msg_1_1PLAY__TUNE__
V2__coll__graph.pdf): PDF inclusion: multiple pdfs with page group included in 
a single page
>
<structmavlink_1_1common_1_1msg_1_1PLAY__TUNE__V2__coll__graph.pdf, id=27112, 2
12.795pt x 167.62625pt>
File: structmavlink_1_1common_1_1msg_1_1PLAY__TUNE__V2__coll__graph.pdf Graphic
 file (type pdf)
<use structmavlink_1_1common_1_1msg_1_1PLAY__TUNE__V2__coll__graph.pdf>
Package pdftex.def Info: structmavlink_1_1common_1_1msg_1_1PLAY__TUNE__V2__coll
__graph.pdf  used on input line 27.
(pdftex.def)             Requested size: 212.0pt x 167.0094pt.
 [575] [576])
(./structmavlink_1_1common_1_1msg_1_1POSITION__TARGET__GLOBAL__INT.tex <./struc
tmavlink_1_1common_1_1msg_1_1POSITION__TARGET__GLOBAL__INT__inherit__graph.pdf

pdfTeX warning: pdflatex (file ./structmavlink_1_1common_1_1msg_1_1POSITION__TA
RGET__GLOBAL__INT__inherit__graph.pdf): PDF inclusion: multiple pdfs with page 
group included in a single page
>
<structmavlink_1_1common_1_1msg_1_1POSITION__TARGET__GLOBAL__INT__inherit__grap
h.pdf, id=27162, 259.97125pt x 167.62625pt>
File: structmavlink_1_1common_1_1msg_1_1POSITION__TARGET__GLOBAL__INT__inherit_
_graph.pdf Graphic file (type pdf)
<use structmavlink_1_1common_1_1msg_1_1POSITION__TARGET__GLOBAL__INT__inherit__
graph.pdf>
Package pdftex.def Info: structmavlink_1_1common_1_1msg_1_1POSITION__TARGET__GL
OBAL__INT__inherit__graph.pdf  used on input line 18.
(pdftex.def)             Requested size: 259.0pt x 166.99916pt.
 <./structmavlink_1_1common_1_1msg_1_1POSITION__TARGET__GLOBAL__INT__coll__grap
h.pdf

pdfTeX warning: pdflatex (file ./structmavlink_1_1common_1_1msg_1_1POSITION__TA
RGET__GLOBAL__INT__coll__graph.pdf): PDF inclusion: multiple pdfs with page gro
up included in a single page
>
<structmavlink_1_1common_1_1msg_1_1POSITION__TARGET__GLOBAL__INT__coll__graph.p
df, id=27171, 259.97125pt x 167.62625pt>
File: structmavlink_1_1common_1_1msg_1_1POSITION__TARGET__GLOBAL__INT__coll__gr
aph.pdf Graphic file (type pdf)
<use structmavlink_1_1common_1_1msg_1_1POSITION__TARGET__GLOBAL__INT__coll__gra
ph.pdf>
Package pdftex.def Info: structmavlink_1_1common_1_1msg_1_1POSITION__TARGET__GL
OBAL__INT__coll__graph.pdf  used on input line 27.
(pdftex.def)             Requested size: 259.0pt x 166.99916pt.
 [577] [578])
(./structmavlink_1_1common_1_1msg_1_1POSITION__TARGET__LOCAL__NED.tex <./struct
mavlink_1_1common_1_1msg_1_1POSITION__TARGET__LOCAL__NED__inherit__graph.pdf

pdfTeX warning: pdflatex (file ./structmavlink_1_1common_1_1msg_1_1POSITION__TA
RGET__LOCAL__NED__inherit__graph.pdf): PDF inclusion: multiple pdfs with page g
roup included in a single page
>
<structmavlink_1_1common_1_1msg_1_1POSITION__TARGET__LOCAL__NED__inherit__graph
.pdf, id=27232, 256.96pt x 167.62625pt>
File: structmavlink_1_1common_1_1msg_1_1POSITION__TARGET__LOCAL__NED__inherit__
graph.pdf Graphic file (type pdf)
<use structmavlink_1_1common_1_1msg_1_1POSITION__TARGET__LOCAL__NED__inherit__g
raph.pdf>
Package pdftex.def Info: structmavlink_1_1common_1_1msg_1_1POSITION__TARGET__LO
CAL__NED__inherit__graph.pdf  used on input line 18.
(pdftex.def)             Requested size: 256.0pt x 167.01195pt.
 [579] <./structmavlink_1_1common_1_1msg_1_1POSITION__TARGET__LOCAL__NED__coll_
_graph.pdf

pdfTeX warning: pdflatex (file ./structmavlink_1_1common_1_1msg_1_1POSITION__TA
RGET__LOCAL__NED__coll__graph.pdf): PDF inclusion: multiple pdfs with page grou
p included in a single page
>
<structmavlink_1_1common_1_1msg_1_1POSITION__TARGET__LOCAL__NED__coll__graph.pd
f, id=27246, 256.96pt x 167.62625pt>
File: structmavlink_1_1common_1_1msg_1_1POSITION__TARGET__LOCAL__NED__coll__gra
ph.pdf Graphic file (type pdf)
<use structmavlink_1_1common_1_1msg_1_1POSITION__TARGET__LOCAL__NED__coll__grap
h.pdf>
Package pdftex.def Info: structmavlink_1_1common_1_1msg_1_1POSITION__TARGET__LO
CAL__NED__coll__graph.pdf  used on input line 27.
(pdftex.def)             Requested size: 256.0pt x 167.01195pt.
 [580] [581]) (./structmavlink_1_1common_1_1msg_1_1POWER__STATUS.tex <./structm
avlink_1_1common_1_1msg_1_1POWER__STATUS__inherit__graph.pdf

pdfTeX warning: pdflatex (file ./structmavlink_1_1common_1_1msg_1_1POWER__STATU
S__inherit__graph.pdf): PDF inclusion: multiple pdfs with page group included i
n a single page
>
<structmavlink_1_1common_1_1msg_1_1POWER__STATUS__inherit__graph.pdf, id=27307,
 212.795pt x 167.62625pt>
File: structmavlink_1_1common_1_1msg_1_1POWER__STATUS__inherit__graph.pdf Graph
ic file (type pdf)
<use structmavlink_1_1common_1_1msg_1_1POWER__STATUS__inherit__graph.pdf>
Package pdftex.def Info: structmavlink_1_1common_1_1msg_1_1POWER__STATUS__inher
it__graph.pdf  used on input line 18.
(pdftex.def)             Requested size: 212.0pt x 167.0094pt.
 <./structmavlink_1_1common_1_1msg_1_1POWER__STATUS__coll__graph.pdf

pdfTeX warning: pdflatex (file ./structmavlink_1_1common_1_1msg_1_1POWER__STATU
S__coll__graph.pdf): PDF inclusion: multiple pdfs with page group included in a
 single page
>
<structmavlink_1_1common_1_1msg_1_1POWER__STATUS__coll__graph.pdf, id=27315, 21
2.795pt x 167.62625pt>
File: structmavlink_1_1common_1_1msg_1_1POWER__STATUS__coll__graph.pdf Graphic 
file (type pdf)
<use structmavlink_1_1common_1_1msg_1_1POWER__STATUS__coll__graph.pdf>
Package pdftex.def Info: structmavlink_1_1common_1_1msg_1_1POWER__STATUS__coll_
_graph.pdf  used on input line 27.
(pdftex.def)             Requested size: 212.0pt x 167.0094pt.
 [582] [583]) (./structmavlink_1_1common_1_1msg_1_1PROTOCOL__VERSION.tex
[584] <./structmavlink_1_1common_1_1msg_1_1PROTOCOL__VERSION__inherit__graph.pd
f

pdfTeX warning: pdflatex (file ./structmavlink_1_1common_1_1msg_1_1PROTOCOL__VE
RSION__inherit__graph.pdf): PDF inclusion: multiple pdfs with page group includ
ed in a single page
>
<structmavlink_1_1common_1_1msg_1_1PROTOCOL__VERSION__inherit__graph.pdf, id=27
372, 212.795pt x 167.62625pt>
File: structmavlink_1_1common_1_1msg_1_1PROTOCOL__VERSION__inherit__graph.pdf G
raphic file (type pdf)
<use structmavlink_1_1common_1_1msg_1_1PROTOCOL__VERSION__inherit__graph.pdf>
Package pdftex.def Info: structmavlink_1_1common_1_1msg_1_1PROTOCOL__VERSION__i
nherit__graph.pdf  used on input line 18.
(pdftex.def)             Requested size: 212.0pt x 167.0094pt.
 <./structmavlink_1_1common_1_1msg_1_1PROTOCOL__VERSION__coll__graph.pdf

pdfTeX warning: pdflatex (file ./structmavlink_1_1common_1_1msg_1_1PROTOCOL__VE
RSION__coll__graph.pdf): PDF inclusion: multiple pdfs with page group included 
in a single page
>
<structmavlink_1_1common_1_1msg_1_1PROTOCOL__VERSION__coll__graph.pdf, id=27380
, 212.795pt x 167.62625pt>
File: structmavlink_1_1common_1_1msg_1_1PROTOCOL__VERSION__coll__graph.pdf Grap
hic file (type pdf)
<use structmavlink_1_1common_1_1msg_1_1PROTOCOL__VERSION__coll__graph.pdf>
Package pdftex.def Info: structmavlink_1_1common_1_1msg_1_1PROTOCOL__VERSION__c
oll__graph.pdf  used on input line 27.
(pdftex.def)             Requested size: 212.0pt x 167.0094pt.
 [585] [586]) (./structmavlink_1_1common_1_1msg_1_1RADIO__STATUS.tex <./structm
avlink_1_1common_1_1msg_1_1RADIO__STATUS__inherit__graph.pdf

pdfTeX warning: pdflatex (file ./structmavlink_1_1common_1_1msg_1_1RADIO__STATU
S__inherit__graph.pdf): PDF inclusion: multiple pdfs with page group included i
n a single page
>
<structmavlink_1_1common_1_1msg_1_1RADIO__STATUS__inherit__graph.pdf, id=27431,
 212.795pt x 167.62625pt>
File: structmavlink_1_1common_1_1msg_1_1RADIO__STATUS__inherit__graph.pdf Graph
ic file (type pdf)
<use structmavlink_1_1common_1_1msg_1_1RADIO__STATUS__inherit__graph.pdf>
Package pdftex.def Info: structmavlink_1_1common_1_1msg_1_1RADIO__STATUS__inher
it__graph.pdf  used on input line 18.
(pdftex.def)             Requested size: 212.0pt x 167.0094pt.
 <./structmavlink_1_1common_1_1msg_1_1RADIO__STATUS__coll__graph.pdf

pdfTeX warning: pdflatex (file ./structmavlink_1_1common_1_1msg_1_1RADIO__STATU
S__coll__graph.pdf): PDF inclusion: multiple pdfs with page group included in a
 single page
>
<structmavlink_1_1common_1_1msg_1_1RADIO__STATUS__coll__graph.pdf, id=27439, 21
2.795pt x 167.62625pt>
File: structmavlink_1_1common_1_1msg_1_1RADIO__STATUS__coll__graph.pdf Graphic 
file (type pdf)
<use structmavlink_1_1common_1_1msg_1_1RADIO__STATUS__coll__graph.pdf>
Package pdftex.def Info: structmavlink_1_1common_1_1msg_1_1RADIO__STATUS__coll_
_graph.pdf  used on input line 27.
(pdftex.def)             Requested size: 212.0pt x 167.0094pt.
 [587] [588] [589]) (./structmavlink_1_1common_1_1msg_1_1RAW__IMU.tex <./struct
mavlink_1_1common_1_1msg_1_1RAW__IMU__inherit__graph.pdf

pdfTeX warning: pdflatex (file ./structmavlink_1_1common_1_1msg_1_1RAW__IMU__in
herit__graph.pdf): PDF inclusion: multiple pdfs with page group included in a s
ingle page
>
<structmavlink_1_1common_1_1msg_1_1RAW__IMU__inherit__graph.pdf, id=27500, 212.
795pt x 167.62625pt>
File: structmavlink_1_1common_1_1msg_1_1RAW__IMU__inherit__graph.pdf Graphic fi
le (type pdf)
<use structmavlink_1_1common_1_1msg_1_1RAW__IMU__inherit__graph.pdf>
Package pdftex.def Info: structmavlink_1_1common_1_1msg_1_1RAW__IMU__inherit__g
raph.pdf  used on input line 18.
(pdftex.def)             Requested size: 212.0pt x 167.0094pt.
 <./structmavlink_1_1common_1_1msg_1_1RAW__IMU__coll__graph.pdf

pdfTeX warning: pdflatex (file ./structmavlink_1_1common_1_1msg_1_1RAW__IMU__co
ll__graph.pdf): PDF inclusion: multiple pdfs with page group included in a sing
le page
>
<structmavlink_1_1common_1_1msg_1_1RAW__IMU__coll__graph.pdf, id=27508, 212.795
pt x 167.62625pt>
File: structmavlink_1_1common_1_1msg_1_1RAW__IMU__coll__graph.pdf Graphic file 
(type pdf)
<use structmavlink_1_1common_1_1msg_1_1RAW__IMU__coll__graph.pdf>
Package pdftex.def Info: structmavlink_1_1common_1_1msg_1_1RAW__IMU__coll__grap
h.pdf  used on input line 27.
(pdftex.def)             Requested size: 212.0pt x 167.0094pt.
 [590] [591]) (./structmavlink_1_1common_1_1msg_1_1RAW__PRESSURE.tex <./structm
avlink_1_1common_1_1msg_1_1RAW__PRESSURE__inherit__graph.pdf

pdfTeX warning: pdflatex (file ./structmavlink_1_1common_1_1msg_1_1RAW__PRESSUR
E__inherit__graph.pdf): PDF inclusion: multiple pdfs with page group included i
n a single page
>
<structmavlink_1_1common_1_1msg_1_1RAW__PRESSURE__inherit__graph.pdf, id=27564,
 212.795pt x 167.62625pt>
File: structmavlink_1_1common_1_1msg_1_1RAW__PRESSURE__inherit__graph.pdf Graph
ic file (type pdf)
<use structmavlink_1_1common_1_1msg_1_1RAW__PRESSURE__inherit__graph.pdf>
Package pdftex.def Info: structmavlink_1_1common_1_1msg_1_1RAW__PRESSURE__inher
it__graph.pdf  used on input line 18.
(pdftex.def)             Requested size: 212.0pt x 167.0094pt.
 [592] <./structmavlink_1_1common_1_1msg_1_1RAW__PRESSURE__coll__graph.pdf

pdfTeX warning: pdflatex (file ./structmavlink_1_1common_1_1msg_1_1RAW__PRESSUR
E__coll__graph.pdf): PDF inclusion: multiple pdfs with page group included in a
 single page
>
<structmavlink_1_1common_1_1msg_1_1RAW__PRESSURE__coll__graph.pdf, id=27579, 21
2.795pt x 167.62625pt>
File: structmavlink_1_1common_1_1msg_1_1RAW__PRESSURE__coll__graph.pdf Graphic 
file (type pdf)
<use structmavlink_1_1common_1_1msg_1_1RAW__PRESSURE__coll__graph.pdf>
Package pdftex.def Info: structmavlink_1_1common_1_1msg_1_1RAW__PRESSURE__coll_
_graph.pdf  used on input line 27.
(pdftex.def)             Requested size: 212.0pt x 167.0094pt.
 [593] [594]) (./structmavlink_1_1common_1_1msg_1_1RAW__RPM.tex <./structmavlin
k_1_1common_1_1msg_1_1RAW__RPM__inherit__graph.pdf

pdfTeX warning: pdflatex (file ./structmavlink_1_1common_1_1msg_1_1RAW__RPM__in
herit__graph.pdf): PDF inclusion: multiple pdfs with page group included in a s
ingle page
>
<structmavlink_1_1common_1_1msg_1_1RAW__RPM__inherit__graph.pdf, id=27629, 212.
795pt x 167.62625pt>
File: structmavlink_1_1common_1_1msg_1_1RAW__RPM__inherit__graph.pdf Graphic fi
le (type pdf)
<use structmavlink_1_1common_1_1msg_1_1RAW__RPM__inherit__graph.pdf>
Package pdftex.def Info: structmavlink_1_1common_1_1msg_1_1RAW__RPM__inherit__g
raph.pdf  used on input line 18.
(pdftex.def)             Requested size: 212.0pt x 167.0094pt.
 <./structmavlink_1_1common_1_1msg_1_1RAW__RPM__coll__graph.pdf

pdfTeX warning: pdflatex (file ./structmavlink_1_1common_1_1msg_1_1RAW__RPM__co
ll__graph.pdf): PDF inclusion: multiple pdfs with page group included in a sing
le page
>
<structmavlink_1_1common_1_1msg_1_1RAW__RPM__coll__graph.pdf, id=27637, 212.795
pt x 167.62625pt>
File: structmavlink_1_1common_1_1msg_1_1RAW__RPM__coll__graph.pdf Graphic file 
(type pdf)
<use structmavlink_1_1common_1_1msg_1_1RAW__RPM__coll__graph.pdf>
Package pdftex.def Info: structmavlink_1_1common_1_1msg_1_1RAW__RPM__coll__grap
h.pdf  used on input line 27.
(pdftex.def)             Requested size: 212.0pt x 167.0094pt.
 [595] [596]) (./structmavlink_1_1common_1_1msg_1_1RC__CHANNELS.tex <./structma
vlink_1_1common_1_1msg_1_1RC__CHANNELS__inherit__graph.pdf

pdfTeX warning: pdflatex (file ./structmavlink_1_1common_1_1msg_1_1RC__CHANNELS
__inherit__graph.pdf): PDF inclusion: multiple pdfs with page group included in
 a single page
>
<structmavlink_1_1common_1_1msg_1_1RC__CHANNELS__inherit__graph.pdf, id=27687, 
212.795pt x 167.62625pt>
File: structmavlink_1_1common_1_1msg_1_1RC__CHANNELS__inherit__graph.pdf Graphi
c file (type pdf)
<use structmavlink_1_1common_1_1msg_1_1RC__CHANNELS__inherit__graph.pdf>
Package pdftex.def Info: structmavlink_1_1common_1_1msg_1_1RC__CHANNELS__inheri
t__graph.pdf  used on input line 18.
(pdftex.def)             Requested size: 212.0pt x 167.0094pt.
 [597] <./structmavlink_1_1common_1_1msg_1_1RC__CHANNELS__coll__graph.pdf

pdfTeX warning: pdflatex (file ./structmavlink_1_1common_1_1msg_1_1RC__CHANNELS
__coll__graph.pdf): PDF inclusion: multiple pdfs with page group included in a 
single page
>
<structmavlink_1_1common_1_1msg_1_1RC__CHANNELS__coll__graph.pdf, id=27700, 212
.795pt x 167.62625pt>
File: structmavlink_1_1common_1_1msg_1_1RC__CHANNELS__coll__graph.pdf Graphic f
ile (type pdf)
<use structmavlink_1_1common_1_1msg_1_1RC__CHANNELS__coll__graph.pdf>
Package pdftex.def Info: structmavlink_1_1common_1_1msg_1_1RC__CHANNELS__coll__
graph.pdf  used on input line 27.
(pdftex.def)             Requested size: 212.0pt x 167.0094pt.
 [598] [599]) (./structmavlink_1_1common_1_1msg_1_1RC__CHANNELS__OVERRIDE.tex <
./structmavlink_1_1common_1_1msg_1_1RC__CHANNELS__OVERRIDE__inherit__graph.pdf

pdfTeX warning: pdflatex (file ./structmavlink_1_1common_1_1msg_1_1RC__CHANNELS
__OVERRIDE__inherit__graph.pdf): PDF inclusion: multiple pdfs with page group i
ncluded in a single page
>
<structmavlink_1_1common_1_1msg_1_1RC__CHANNELS__OVERRIDE__inherit__graph.pdf, 
id=27765, 230.8625pt x 167.62625pt>
File: structmavlink_1_1common_1_1msg_1_1RC__CHANNELS__OVERRIDE__inherit__graph.
pdf Graphic file (type pdf)
<use structmavlink_1_1common_1_1msg_1_1RC__CHANNELS__OVERRIDE__inherit__graph.p
df>
Package pdftex.def Info: structmavlink_1_1common_1_1msg_1_1RC__CHANNELS__OVERRI
DE__inherit__graph.pdf  used on input line 18.
(pdftex.def)             Requested size: 230.0pt x 167.00172pt.
 [600] <./structmavlink_1_1common_1_1msg_1_1RC__CHANNELS__OVERRIDE__coll__graph
.pdf

pdfTeX warning: pdflatex (file ./structmavlink_1_1common_1_1msg_1_1RC__CHANNELS
__OVERRIDE__coll__graph.pdf): PDF inclusion: multiple pdfs with page group incl
uded in a single page
>
<structmavlink_1_1common_1_1msg_1_1RC__CHANNELS__OVERRIDE__coll__graph.pdf, id=
27780, 230.8625pt x 167.62625pt>
File: structmavlink_1_1common_1_1msg_1_1RC__CHANNELS__OVERRIDE__coll__graph.pdf
 Graphic file (type pdf)
<use structmavlink_1_1common_1_1msg_1_1RC__CHANNELS__OVERRIDE__coll__graph.pdf>

Package pdftex.def Info: structmavlink_1_1common_1_1msg_1_1RC__CHANNELS__OVERRI
DE__coll__graph.pdf  used on input line 27.
(pdftex.def)             Requested size: 230.0pt x 167.00172pt.
 [601] [602]) (./structmavlink_1_1common_1_1msg_1_1RC__CHANNELS__RAW.tex <./str
uctmavlink_1_1common_1_1msg_1_1RC__CHANNELS__RAW__inherit__graph.pdf

pdfTeX warning: pdflatex (file ./structmavlink_1_1common_1_1msg_1_1RC__CHANNELS
__RAW__inherit__graph.pdf): PDF inclusion: multiple pdfs with page group includ
ed in a single page
>
<structmavlink_1_1common_1_1msg_1_1RC__CHANNELS__RAW__inherit__graph.pdf, id=27
845, 212.795pt x 167.62625pt>
File: structmavlink_1_1common_1_1msg_1_1RC__CHANNELS__RAW__inherit__graph.pdf G
raphic file (type pdf)
<use structmavlink_1_1common_1_1msg_1_1RC__CHANNELS__RAW__inherit__graph.pdf>
Package pdftex.def Info: structmavlink_1_1common_1_1msg_1_1RC__CHANNELS__RAW__i
nherit__graph.pdf  used on input line 18.
(pdftex.def)             Requested size: 212.0pt x 167.0094pt.
 [603] <./structmavlink_1_1common_1_1msg_1_1RC__CHANNELS__RAW__coll__graph.pdf

pdfTeX warning: pdflatex (file ./structmavlink_1_1common_1_1msg_1_1RC__CHANNELS
__RAW__coll__graph.pdf): PDF inclusion: multiple pdfs with page group included 
in a single page
>
<structmavlink_1_1common_1_1msg_1_1RC__CHANNELS__RAW__coll__graph.pdf, id=27859
, 212.795pt x 167.62625pt>
File: structmavlink_1_1common_1_1msg_1_1RC__CHANNELS__RAW__coll__graph.pdf Grap
hic file (type pdf)
<use structmavlink_1_1common_1_1msg_1_1RC__CHANNELS__RAW__coll__graph.pdf>
Package pdftex.def Info: structmavlink_1_1common_1_1msg_1_1RC__CHANNELS__RAW__c
oll__graph.pdf  used on input line 27.
(pdftex.def)             Requested size: 212.0pt x 167.0094pt.
 [604] [605]) (./structmavlink_1_1common_1_1msg_1_1RC__CHANNELS__SCALED.tex <./
structmavlink_1_1common_1_1msg_1_1RC__CHANNELS__SCALED__inherit__graph.pdf

pdfTeX warning: pdflatex (file ./structmavlink_1_1common_1_1msg_1_1RC__CHANNELS
__SCALED__inherit__graph.pdf): PDF inclusion: multiple pdfs with page group inc
luded in a single page
>
<structmavlink_1_1common_1_1msg_1_1RC__CHANNELS__SCALED__inherit__graph.pdf, id
=27916, 218.8175pt x 167.62625pt>
File: structmavlink_1_1common_1_1msg_1_1RC__CHANNELS__SCALED__inherit__graph.pd
f Graphic file (type pdf)
<use structmavlink_1_1common_1_1msg_1_1RC__CHANNELS__SCALED__inherit__graph.pdf
>
Package pdftex.def Info: structmavlink_1_1common_1_1msg_1_1RC__CHANNELS__SCALED
__inherit__graph.pdf  used on input line 18.
(pdftex.def)             Requested size: 218.0pt x 167.00172pt.
 <./structmavlink_1_1common_1_1msg_1_1RC__CHANNELS__SCALED__coll__graph.pdf

pdfTeX warning: pdflatex (file ./structmavlink_1_1common_1_1msg_1_1RC__CHANNELS
__SCALED__coll__graph.pdf): PDF inclusion: multiple pdfs with page group includ
ed in a single page
>
<structmavlink_1_1common_1_1msg_1_1RC__CHANNELS__SCALED__coll__graph.pdf, id=27
924, 218.8175pt x 167.62625pt>
File: structmavlink_1_1common_1_1msg_1_1RC__CHANNELS__SCALED__coll__graph.pdf G
raphic file (type pdf)
<use structmavlink_1_1common_1_1msg_1_1RC__CHANNELS__SCALED__coll__graph.pdf>
Package pdftex.def Info: structmavlink_1_1common_1_1msg_1_1RC__CHANNELS__SCALED
__coll__graph.pdf  used on input line 27.
(pdftex.def)             Requested size: 218.0pt x 167.00172pt.
 [606] [607] [608]) (./structmavlink_1_1common_1_1msg_1_1RELAY__STATUS.tex <./s
tructmavlink_1_1common_1_1msg_1_1RELAY__STATUS__inherit__graph.pdf

pdfTeX warning: pdflatex (file ./structmavlink_1_1common_1_1msg_1_1RELAY__STATU
S__inherit__graph.pdf): PDF inclusion: multiple pdfs with page group included i
n a single page
>
<structmavlink_1_1common_1_1msg_1_1RELAY__STATUS__inherit__graph.pdf, id=27988,
 212.795pt x 167.62625pt>
File: structmavlink_1_1common_1_1msg_1_1RELAY__STATUS__inherit__graph.pdf Graph
ic file (type pdf)
<use structmavlink_1_1common_1_1msg_1_1RELAY__STATUS__inherit__graph.pdf>
Package pdftex.def Info: structmavlink_1_1common_1_1msg_1_1RELAY__STATUS__inher
it__graph.pdf  used on input line 18.
(pdftex.def)             Requested size: 212.0pt x 167.0094pt.
 <./structmavlink_1_1common_1_1msg_1_1RELAY__STATUS__coll__graph.pdf

pdfTeX warning: pdflatex (file ./structmavlink_1_1common_1_1msg_1_1RELAY__STATU
S__coll__graph.pdf): PDF inclusion: multiple pdfs with page group included in a
 single page
>
<structmavlink_1_1common_1_1msg_1_1RELAY__STATUS__coll__graph.pdf, id=27996, 21
2.795pt x 167.62625pt>
File: structmavlink_1_1common_1_1msg_1_1RELAY__STATUS__coll__graph.pdf Graphic 
file (type pdf)
<use structmavlink_1_1common_1_1msg_1_1RELAY__STATUS__coll__graph.pdf>
Package pdftex.def Info: structmavlink_1_1common_1_1msg_1_1RELAY__STATUS__coll_
_graph.pdf  used on input line 27.
(pdftex.def)             Requested size: 212.0pt x 167.0094pt.
 [609] [610]) (./structmavlink_1_1common_1_1msg_1_1REQUEST__DATA__STREAM.tex <.
/structmavlink_1_1common_1_1msg_1_1REQUEST__DATA__STREAM__inherit__graph.pdf

pdfTeX warning: pdflatex (file ./structmavlink_1_1common_1_1msg_1_1REQUEST__DAT
A__STREAM__inherit__graph.pdf): PDF inclusion: multiple pdfs with page group in
cluded in a single page
>
<structmavlink_1_1common_1_1msg_1_1REQUEST__DATA__STREAM__inherit__graph.pdf, i
d=28045, 225.84375pt x 167.62625pt>
File: structmavlink_1_1common_1_1msg_1_1REQUEST__DATA__STREAM__inherit__graph.p
df Graphic file (type pdf)
<use structmavlink_1_1common_1_1msg_1_1REQUEST__DATA__STREAM__inherit__graph.pd
f>
Package pdftex.def Info: structmavlink_1_1common_1_1msg_1_1REQUEST__DATA__STREA
M__inherit__graph.pdf  used on input line 18.
(pdftex.def)             Requested size: 225.0pt x 167.0094pt.
 [611] <./structmavlink_1_1common_1_1msg_1_1REQUEST__DATA__STREAM__coll__graph.
pdf

pdfTeX warning: pdflatex (file ./structmavlink_1_1common_1_1msg_1_1REQUEST__DAT
A__STREAM__coll__graph.pdf): PDF inclusion: multiple pdfs with page group inclu
ded in a single page
>
<structmavlink_1_1common_1_1msg_1_1REQUEST__DATA__STREAM__coll__graph.pdf, id=2
8059, 225.84375pt x 167.62625pt>
File: structmavlink_1_1common_1_1msg_1_1REQUEST__DATA__STREAM__coll__graph.pdf 
Graphic file (type pdf)
<use structmavlink_1_1common_1_1msg_1_1REQUEST__DATA__STREAM__coll__graph.pdf>
Package pdftex.def Info: structmavlink_1_1common_1_1msg_1_1REQUEST__DATA__STREA
M__coll__graph.pdf  used on input line 27.
(pdftex.def)             Requested size: 225.0pt x 167.0094pt.
 [612] [613]) (./structmavlink_1_1common_1_1msg_1_1REQUEST__EVENT.tex <./struct
mavlink_1_1common_1_1msg_1_1REQUEST__EVENT__inherit__graph.pdf

pdfTeX warning: pdflatex (file ./structmavlink_1_1common_1_1msg_1_1REQUEST__EVE
NT__inherit__graph.pdf): PDF inclusion: multiple pdfs with page group included 
in a single page
>
<structmavlink_1_1common_1_1msg_1_1REQUEST__EVENT__inherit__graph.pdf, id=28111
, 212.795pt x 167.62625pt>
File: structmavlink_1_1common_1_1msg_1_1REQUEST__EVENT__inherit__graph.pdf Grap
hic file (type pdf)
<use structmavlink_1_1common_1_1msg_1_1REQUEST__EVENT__inherit__graph.pdf>
Package pdftex.def Info: structmavlink_1_1common_1_1msg_1_1REQUEST__EVENT__inhe
rit__graph.pdf  used on input line 18.
(pdftex.def)             Requested size: 212.0pt x 167.0094pt.
 <./structmavlink_1_1common_1_1msg_1_1REQUEST__EVENT__coll__graph.pdf

pdfTeX warning: pdflatex (file ./structmavlink_1_1common_1_1msg_1_1REQUEST__EVE
NT__coll__graph.pdf): PDF inclusion: multiple pdfs with page group included in 
a single page
>
<structmavlink_1_1common_1_1msg_1_1REQUEST__EVENT__coll__graph.pdf, id=28119, 2
12.795pt x 167.62625pt>
File: structmavlink_1_1common_1_1msg_1_1REQUEST__EVENT__coll__graph.pdf Graphic
 file (type pdf)
<use structmavlink_1_1common_1_1msg_1_1REQUEST__EVENT__coll__graph.pdf>
Package pdftex.def Info: structmavlink_1_1common_1_1msg_1_1REQUEST__EVENT__coll
__graph.pdf  used on input line 27.
(pdftex.def)             Requested size: 212.0pt x 167.0094pt.
 [614] [615]) (./structmavlink_1_1common_1_1msg_1_1RESOURCE__REQUEST.tex <./str
uctmavlink_1_1common_1_1msg_1_1RESOURCE__REQUEST__inherit__graph.pdf

pdfTeX warning: pdflatex (file ./structmavlink_1_1common_1_1msg_1_1RESOURCE__RE
QUEST__inherit__graph.pdf): PDF inclusion: multiple pdfs with page group includ
ed in a single page
>
<structmavlink_1_1common_1_1msg_1_1RESOURCE__REQUEST__inherit__graph.pdf, id=28
169, 212.795pt x 167.62625pt>
File: structmavlink_1_1common_1_1msg_1_1RESOURCE__REQUEST__inherit__graph.pdf G
raphic file (type pdf)
<use structmavlink_1_1common_1_1msg_1_1RESOURCE__REQUEST__inherit__graph.pdf>
Package pdftex.def Info: structmavlink_1_1common_1_1msg_1_1RESOURCE__REQUEST__i
nherit__graph.pdf  used on input line 18.
(pdftex.def)             Requested size: 212.0pt x 167.0094pt.
 [616] <./structmavlink_1_1common_1_1msg_1_1RESOURCE__REQUEST__coll__graph.pdf

pdfTeX warning: pdflatex (file ./structmavlink_1_1common_1_1msg_1_1RESOURCE__RE
QUEST__coll__graph.pdf): PDF inclusion: multiple pdfs with page group included 
in a single page
>
<structmavlink_1_1common_1_1msg_1_1RESOURCE__REQUEST__coll__graph.pdf, id=28184
, 212.795pt x 167.62625pt>
File: structmavlink_1_1common_1_1msg_1_1RESOURCE__REQUEST__coll__graph.pdf Grap
hic file (type pdf)
<use structmavlink_1_1common_1_1msg_1_1RESOURCE__REQUEST__coll__graph.pdf>
Package pdftex.def Info: structmavlink_1_1common_1_1msg_1_1RESOURCE__REQUEST__c
oll__graph.pdf  used on input line 27.
(pdftex.def)             Requested size: 212.0pt x 167.0094pt.
 [617] [618]) (./structmavlink_1_1common_1_1msg_1_1RESPONSE__EVENT__ERROR.tex <
./structmavlink_1_1common_1_1msg_1_1RESPONSE__EVENT__ERROR__inherit__graph.pdf

pdfTeX warning: pdflatex (file ./structmavlink_1_1common_1_1msg_1_1RESPONSE__EV
ENT__ERROR__inherit__graph.pdf): PDF inclusion: multiple pdfs with page group i
ncluded in a single page
>
<structmavlink_1_1common_1_1msg_1_1RESPONSE__EVENT__ERROR__inherit__graph.pdf, 
id=28234, 231.86626pt x 167.62625pt>
File: structmavlink_1_1common_1_1msg_1_1RESPONSE__EVENT__ERROR__inherit__graph.
pdf Graphic file (type pdf)
<use structmavlink_1_1common_1_1msg_1_1RESPONSE__EVENT__ERROR__inherit__graph.p
df>
Package pdftex.def Info: structmavlink_1_1common_1_1msg_1_1RESPONSE__EVENT__ERR
OR__inherit__graph.pdf  used on input line 18.
(pdftex.def)             Requested size: 231.0pt x 167.00427pt.
 <./structmavlink_1_1common_1_1msg_1_1RESPONSE__EVENT__ERROR__coll__graph.pdf

pdfTeX warning: pdflatex (file ./structmavlink_1_1common_1_1msg_1_1RESPONSE__EV
ENT__ERROR__coll__graph.pdf): PDF inclusion: multiple pdfs with page group incl
uded in a single page
>
<structmavlink_1_1common_1_1msg_1_1RESPONSE__EVENT__ERROR__coll__graph.pdf, id=
28242, 231.86626pt x 167.62625pt>
File: structmavlink_1_1common_1_1msg_1_1RESPONSE__EVENT__ERROR__coll__graph.pdf
 Graphic file (type pdf)
<use structmavlink_1_1common_1_1msg_1_1RESPONSE__EVENT__ERROR__coll__graph.pdf>

Package pdftex.def Info: structmavlink_1_1common_1_1msg_1_1RESPONSE__EVENT__ERR
OR__coll__graph.pdf  used on input line 27.
(pdftex.def)             Requested size: 231.0pt x 167.00427pt.
 [619] [620]) (./structmavlink_1_1common_1_1msg_1_1SAFETY__ALLOWED__AREA.tex <.
/structmavlink_1_1common_1_1msg_1_1SAFETY__ALLOWED__AREA__inherit__graph.pdf

pdfTeX warning: pdflatex (file ./structmavlink_1_1common_1_1msg_1_1SAFETY__ALLO
WED__AREA__inherit__graph.pdf): PDF inclusion: multiple pdfs with page group in
cluded in a single page
>
<structmavlink_1_1common_1_1msg_1_1SAFETY__ALLOWED__AREA__inherit__graph.pdf, i
d=28295, 225.84375pt x 167.62625pt>
File: structmavlink_1_1common_1_1msg_1_1SAFETY__ALLOWED__AREA__inherit__graph.p
df Graphic file (type pdf)
<use structmavlink_1_1common_1_1msg_1_1SAFETY__ALLOWED__AREA__inherit__graph.pd
f>
Package pdftex.def Info: structmavlink_1_1common_1_1msg_1_1SAFETY__ALLOWED__ARE
A__inherit__graph.pdf  used on input line 18.
(pdftex.def)             Requested size: 225.0pt x 167.0094pt.
 [621] <./structmavlink_1_1common_1_1msg_1_1SAFETY__ALLOWED__AREA__coll__graph.
pdf

pdfTeX warning: pdflatex (file ./structmavlink_1_1common_1_1msg_1_1SAFETY__ALLO
WED__AREA__coll__graph.pdf): PDF inclusion: multiple pdfs with page group inclu
ded in a single page
>
<structmavlink_1_1common_1_1msg_1_1SAFETY__ALLOWED__AREA__coll__graph.pdf, id=2
8309, 225.84375pt x 167.62625pt>
File: structmavlink_1_1common_1_1msg_1_1SAFETY__ALLOWED__AREA__coll__graph.pdf 
Graphic file (type pdf)
<use structmavlink_1_1common_1_1msg_1_1SAFETY__ALLOWED__AREA__coll__graph.pdf>
Package pdftex.def Info: structmavlink_1_1common_1_1msg_1_1SAFETY__ALLOWED__ARE
A__coll__graph.pdf  used on input line 27.
(pdftex.def)             Requested size: 225.0pt x 167.0094pt.
 [622] [623])
(./structmavlink_1_1common_1_1msg_1_1SAFETY__SET__ALLOWED__AREA.tex <./structma
vlink_1_1common_1_1msg_1_1SAFETY__SET__ALLOWED__AREA__inherit__graph.pdf

pdfTeX warning: pdflatex (file ./structmavlink_1_1common_1_1msg_1_1SAFETY__SET_
_ALLOWED__AREA__inherit__graph.pdf): PDF inclusion: multiple pdfs with page gro
up included in a single page
>
<structmavlink_1_1common_1_1msg_1_1SAFETY__SET__ALLOWED__AREA__inherit__graph.p
df, id=28361, 248.93pt x 167.62625pt>
File: structmavlink_1_1common_1_1msg_1_1SAFETY__SET__ALLOWED__AREA__inherit__gr
aph.pdf Graphic file (type pdf)
<use structmavlink_1_1common_1_1msg_1_1SAFETY__SET__ALLOWED__AREA__inherit__gra
ph.pdf>
Package pdftex.def Info: structmavlink_1_1common_1_1msg_1_1SAFETY__SET__ALLOWED
__AREA__inherit__graph.pdf  used on input line 18.
(pdftex.def)             Requested size: 248.0pt x 167.00427pt.
 <./structmavlink_1_1common_1_1msg_1_1SAFETY__SET__ALLOWED__AREA__coll__graph.p
df

pdfTeX warning: pdflatex (file ./structmavlink_1_1common_1_1msg_1_1SAFETY__SET_
_ALLOWED__AREA__coll__graph.pdf): PDF inclusion: multiple pdfs with page group 
included in a single page
>
<structmavlink_1_1common_1_1msg_1_1SAFETY__SET__ALLOWED__AREA__coll__graph.pdf,
 id=28369, 248.93pt x 167.62625pt>
File: structmavlink_1_1common_1_1msg_1_1SAFETY__SET__ALLOWED__AREA__coll__graph
.pdf Graphic file (type pdf)
<use structmavlink_1_1common_1_1msg_1_1SAFETY__SET__ALLOWED__AREA__coll__graph.
pdf>
Package pdftex.def Info: structmavlink_1_1common_1_1msg_1_1SAFETY__SET__ALLOWED
__AREA__coll__graph.pdf  used on input line 27.
(pdftex.def)             Requested size: 248.0pt x 167.00427pt.
 [624] [625] [626]) (./structmavlink_1_1common_1_1msg_1_1SCALED__IMU.tex <./str
uctmavlink_1_1common_1_1msg_1_1SCALED__IMU__inherit__graph.pdf

pdfTeX warning: pdflatex (file ./structmavlink_1_1common_1_1msg_1_1SCALED__IMU_
_inherit__graph.pdf): PDF inclusion: multiple pdfs with page group included in 
a single page
>
<structmavlink_1_1common_1_1msg_1_1SCALED__IMU__inherit__graph.pdf, id=28431, 2
12.795pt x 167.62625pt>
File: structmavlink_1_1common_1_1msg_1_1SCALED__IMU__inherit__graph.pdf Graphic
 file (type pdf)
<use structmavlink_1_1common_1_1msg_1_1SCALED__IMU__inherit__graph.pdf>
Package pdftex.def Info: structmavlink_1_1common_1_1msg_1_1SCALED__IMU__inherit
__graph.pdf  used on input line 18.
(pdftex.def)             Requested size: 212.0pt x 167.0094pt.
 <./structmavlink_1_1common_1_1msg_1_1SCALED__IMU__coll__graph.pdf

pdfTeX warning: pdflatex (file ./structmavlink_1_1common_1_1msg_1_1SCALED__IMU_
_coll__graph.pdf): PDF inclusion: multiple pdfs with page group included in a s
ingle page
>
<structmavlink_1_1common_1_1msg_1_1SCALED__IMU__coll__graph.pdf, id=28439, 212.
795pt x 167.62625pt>
File: structmavlink_1_1common_1_1msg_1_1SCALED__IMU__coll__graph.pdf Graphic fi
le (type pdf)
<use structmavlink_1_1common_1_1msg_1_1SCALED__IMU__coll__graph.pdf>
Package pdftex.def Info: structmavlink_1_1common_1_1msg_1_1SCALED__IMU__coll__g
raph.pdf  used on input line 27.
(pdftex.def)             Requested size: 212.0pt x 167.0094pt.
 [627] [628]) (./structmavlink_1_1common_1_1msg_1_1SCALED__IMU2.tex <./structma
vlink_1_1common_1_1msg_1_1SCALED__IMU2__inherit__graph.pdf

pdfTeX warning: pdflatex (file ./structmavlink_1_1common_1_1msg_1_1SCALED__IMU2
__inherit__graph.pdf): PDF inclusion: multiple pdfs with page group included in
 a single page
>
<structmavlink_1_1common_1_1msg_1_1SCALED__IMU2__inherit__graph.pdf, id=28496, 
212.795pt x 167.62625pt>
File: structmavlink_1_1common_1_1msg_1_1SCALED__IMU2__inherit__graph.pdf Graphi
c file (type pdf)
<use structmavlink_1_1common_1_1msg_1_1SCALED__IMU2__inherit__graph.pdf>
Package pdftex.def Info: structmavlink_1_1common_1_1msg_1_1SCALED__IMU2__inheri
t__graph.pdf  used on input line 18.
(pdftex.def)             Requested size: 212.0pt x 167.0094pt.
 [629] <./structmavlink_1_1common_1_1msg_1_1SCALED__IMU2__coll__graph.pdf

pdfTeX warning: pdflatex (file ./structmavlink_1_1common_1_1msg_1_1SCALED__IMU2
__coll__graph.pdf): PDF inclusion: multiple pdfs with page group included in a 
single page
>
<structmavlink_1_1common_1_1msg_1_1SCALED__IMU2__coll__graph.pdf, id=28510, 212
.795pt x 167.62625pt>
File: structmavlink_1_1common_1_1msg_1_1SCALED__IMU2__coll__graph.pdf Graphic f
ile (type pdf)
<use structmavlink_1_1common_1_1msg_1_1SCALED__IMU2__coll__graph.pdf>
Package pdftex.def Info: structmavlink_1_1common_1_1msg_1_1SCALED__IMU2__coll__
graph.pdf  used on input line 27.
(pdftex.def)             Requested size: 212.0pt x 167.0094pt.
 [630] [631]) (./structmavlink_1_1common_1_1msg_1_1SCALED__IMU3.tex <./structma
vlink_1_1common_1_1msg_1_1SCALED__IMU3__inherit__graph.pdf

pdfTeX warning: pdflatex (file ./structmavlink_1_1common_1_1msg_1_1SCALED__IMU3
__inherit__graph.pdf): PDF inclusion: multiple pdfs with page group included in
 a single page
>
<structmavlink_1_1common_1_1msg_1_1SCALED__IMU3__inherit__graph.pdf, id=28567, 
212.795pt x 167.62625pt>
File: structmavlink_1_1common_1_1msg_1_1SCALED__IMU3__inherit__graph.pdf Graphi
c file (type pdf)
<use structmavlink_1_1common_1_1msg_1_1SCALED__IMU3__inherit__graph.pdf>
Package pdftex.def Info: structmavlink_1_1common_1_1msg_1_1SCALED__IMU3__inheri
t__graph.pdf  used on input line 18.
(pdftex.def)             Requested size: 212.0pt x 167.0094pt.
 <./structmavlink_1_1common_1_1msg_1_1SCALED__IMU3__coll__graph.pdf

pdfTeX warning: pdflatex (file ./structmavlink_1_1common_1_1msg_1_1SCALED__IMU3
__coll__graph.pdf): PDF inclusion: multiple pdfs with page group included in a 
single page
>
<structmavlink_1_1common_1_1msg_1_1SCALED__IMU3__coll__graph.pdf, id=28575, 212
.795pt x 167.62625pt>
File: structmavlink_1_1common_1_1msg_1_1SCALED__IMU3__coll__graph.pdf Graphic f
ile (type pdf)
<use structmavlink_1_1common_1_1msg_1_1SCALED__IMU3__coll__graph.pdf>
Package pdftex.def Info: structmavlink_1_1common_1_1msg_1_1SCALED__IMU3__coll__
graph.pdf  used on input line 27.
(pdftex.def)             Requested size: 212.0pt x 167.0094pt.
 [632] [633] [634]) (./structmavlink_1_1common_1_1msg_1_1SCALED__PRESSURE.tex <
./structmavlink_1_1common_1_1msg_1_1SCALED__PRESSURE__inherit__graph.pdf

pdfTeX warning: pdflatex (file ./structmavlink_1_1common_1_1msg_1_1SCALED__PRES
SURE__inherit__graph.pdf): PDF inclusion: multiple pdfs with page group include
d in a single page
>
<structmavlink_1_1common_1_1msg_1_1SCALED__PRESSURE__inherit__graph.pdf, id=286
38, 212.795pt x 167.62625pt>
File: structmavlink_1_1common_1_1msg_1_1SCALED__PRESSURE__inherit__graph.pdf Gr
aphic file (type pdf)
<use structmavlink_1_1common_1_1msg_1_1SCALED__PRESSURE__inherit__graph.pdf>
Package pdftex.def Info: structmavlink_1_1common_1_1msg_1_1SCALED__PRESSURE__in
herit__graph.pdf  used on input line 18.
(pdftex.def)             Requested size: 212.0pt x 167.0094pt.
 <./structmavlink_1_1common_1_1msg_1_1SCALED__PRESSURE__coll__graph.pdf

pdfTeX warning: pdflatex (file ./structmavlink_1_1common_1_1msg_1_1SCALED__PRES
SURE__coll__graph.pdf): PDF inclusion: multiple pdfs with page group included i
n a single page
>
<structmavlink_1_1common_1_1msg_1_1SCALED__PRESSURE__coll__graph.pdf, id=28646,
 212.795pt x 167.62625pt>
File: structmavlink_1_1common_1_1msg_1_1SCALED__PRESSURE__coll__graph.pdf Graph
ic file (type pdf)
<use structmavlink_1_1common_1_1msg_1_1SCALED__PRESSURE__coll__graph.pdf>
Package pdftex.def Info: structmavlink_1_1common_1_1msg_1_1SCALED__PRESSURE__co
ll__graph.pdf  used on input line 27.
(pdftex.def)             Requested size: 212.0pt x 167.0094pt.
 [635] [636]) (./structmavlink_1_1common_1_1msg_1_1SCALED__PRESSURE2.tex <./str
uctmavlink_1_1common_1_1msg_1_1SCALED__PRESSURE2__inherit__graph.pdf

pdfTeX warning: pdflatex (file ./structmavlink_1_1common_1_1msg_1_1SCALED__PRES
SURE2__inherit__graph.pdf): PDF inclusion: multiple pdfs with page group includ
ed in a single page
>
<structmavlink_1_1common_1_1msg_1_1SCALED__PRESSURE2__inherit__graph.pdf, id=28
697, 212.795pt x 167.62625pt>
File: structmavlink_1_1common_1_1msg_1_1SCALED__PRESSURE2__inherit__graph.pdf G
raphic file (type pdf)
<use structmavlink_1_1common_1_1msg_1_1SCALED__PRESSURE2__inherit__graph.pdf>
Package pdftex.def Info: structmavlink_1_1common_1_1msg_1_1SCALED__PRESSURE2__i
nherit__graph.pdf  used on input line 18.
(pdftex.def)             Requested size: 212.0pt x 167.0094pt.
 [637] <./structmavlink_1_1common_1_1msg_1_1SCALED__PRESSURE2__coll__graph.pdf

pdfTeX warning: pdflatex (file ./structmavlink_1_1common_1_1msg_1_1SCALED__PRES
SURE2__coll__graph.pdf): PDF inclusion: multiple pdfs with page group included 
in a single page
>
<structmavlink_1_1common_1_1msg_1_1SCALED__PRESSURE2__coll__graph.pdf, id=28712
, 212.795pt x 167.62625pt>
File: structmavlink_1_1common_1_1msg_1_1SCALED__PRESSURE2__coll__graph.pdf Grap
hic file (type pdf)
<use structmavlink_1_1common_1_1msg_1_1SCALED__PRESSURE2__coll__graph.pdf>
Package pdftex.def Info: structmavlink_1_1common_1_1msg_1_1SCALED__PRESSURE2__c
oll__graph.pdf  used on input line 27.
(pdftex.def)             Requested size: 212.0pt x 167.0094pt.
 [638] [639]) (./structmavlink_1_1common_1_1msg_1_1SCALED__PRESSURE3.tex <./str
uctmavlink_1_1common_1_1msg_1_1SCALED__PRESSURE3__inherit__graph.pdf

pdfTeX warning: pdflatex (file ./structmavlink_1_1common_1_1msg_1_1SCALED__PRES
SURE3__inherit__graph.pdf): PDF inclusion: multiple pdfs with page group includ
ed in a single page
>
<structmavlink_1_1common_1_1msg_1_1SCALED__PRESSURE3__inherit__graph.pdf, id=28
762, 212.795pt x 167.62625pt>
File: structmavlink_1_1common_1_1msg_1_1SCALED__PRESSURE3__inherit__graph.pdf G
raphic file (type pdf)
<use structmavlink_1_1common_1_1msg_1_1SCALED__PRESSURE3__inherit__graph.pdf>
Package pdftex.def Info: structmavlink_1_1common_1_1msg_1_1SCALED__PRESSURE3__i
nherit__graph.pdf  used on input line 18.
(pdftex.def)             Requested size: 212.0pt x 167.0094pt.
 <./structmavlink_1_1common_1_1msg_1_1SCALED__PRESSURE3__coll__graph.pdf

pdfTeX warning: pdflatex (file ./structmavlink_1_1common_1_1msg_1_1SCALED__PRES
SURE3__coll__graph.pdf): PDF inclusion: multiple pdfs with page group included 
in a single page
>
<structmavlink_1_1common_1_1msg_1_1SCALED__PRESSURE3__coll__graph.pdf, id=28770
, 212.795pt x 167.62625pt>
File: structmavlink_1_1common_1_1msg_1_1SCALED__PRESSURE3__coll__graph.pdf Grap
hic file (type pdf)
<use structmavlink_1_1common_1_1msg_1_1SCALED__PRESSURE3__coll__graph.pdf>
Package pdftex.def Info: structmavlink_1_1common_1_1msg_1_1SCALED__PRESSURE3__c
oll__graph.pdf  used on input line 27.
(pdftex.def)             Requested size: 212.0pt x 167.0094pt.
 [640] [641]) (./structmavlink_1_1common_1_1msg_1_1SERIAL__CONTROL.tex <./struc
tmavlink_1_1common_1_1msg_1_1SERIAL__CONTROL__inherit__graph.pdf

pdfTeX warning: pdflatex (file ./structmavlink_1_1common_1_1msg_1_1SERIAL__CONT
ROL__inherit__graph.pdf): PDF inclusion: multiple pdfs with page group included
 in a single page
>
<structmavlink_1_1common_1_1msg_1_1SERIAL__CONTROL__inherit__graph.pdf, id=2882
1, 212.795pt x 167.62625pt>
File: structmavlink_1_1common_1_1msg_1_1SERIAL__CONTROL__inherit__graph.pdf Gra
phic file (type pdf)
<use structmavlink_1_1common_1_1msg_1_1SERIAL__CONTROL__inherit__graph.pdf>
Package pdftex.def Info: structmavlink_1_1common_1_1msg_1_1SERIAL__CONTROL__inh
erit__graph.pdf  used on input line 18.
(pdftex.def)             Requested size: 212.0pt x 167.0094pt.
 [642] <./structmavlink_1_1common_1_1msg_1_1SERIAL__CONTROL__coll__graph.pdf

pdfTeX warning: pdflatex (file ./structmavlink_1_1common_1_1msg_1_1SERIAL__CONT
ROL__coll__graph.pdf): PDF inclusion: multiple pdfs with page group included in
 a single page
>
<structmavlink_1_1common_1_1msg_1_1SERIAL__CONTROL__coll__graph.pdf, id=28835, 
212.795pt x 167.62625pt>
File: structmavlink_1_1common_1_1msg_1_1SERIAL__CONTROL__coll__graph.pdf Graphi
c file (type pdf)
<use structmavlink_1_1common_1_1msg_1_1SERIAL__CONTROL__coll__graph.pdf>
Package pdftex.def Info: structmavlink_1_1common_1_1msg_1_1SERIAL__CONTROL__col
l__graph.pdf  used on input line 27.
(pdftex.def)             Requested size: 212.0pt x 167.0094pt.
 [643] [644]) (./structmavlink_1_1common_1_1msg_1_1SERVO__OUTPUT__RAW.tex <./st
ructmavlink_1_1common_1_1msg_1_1SERVO__OUTPUT__RAW__inherit__graph.pdf

pdfTeX warning: pdflatex (file ./structmavlink_1_1common_1_1msg_1_1SERVO__OUTPU
T__RAW__inherit__graph.pdf): PDF inclusion: multiple pdfs with page group inclu
ded in a single page
>
<structmavlink_1_1common_1_1msg_1_1SERVO__OUTPUT__RAW__inherit__graph.pdf, id=2
8889, 212.795pt x 167.62625pt>
File: structmavlink_1_1common_1_1msg_1_1SERVO__OUTPUT__RAW__inherit__graph.pdf 
Graphic file (type pdf)
<use structmavlink_1_1common_1_1msg_1_1SERVO__OUTPUT__RAW__inherit__graph.pdf>
Package pdftex.def Info: structmavlink_1_1common_1_1msg_1_1SERVO__OUTPUT__RAW__
inherit__graph.pdf  used on input line 18.
(pdftex.def)             Requested size: 212.0pt x 167.0094pt.
 <./structmavlink_1_1common_1_1msg_1_1SERVO__OUTPUT__RAW__coll__graph.pdf

pdfTeX warning: pdflatex (file ./structmavlink_1_1common_1_1msg_1_1SERVO__OUTPU
T__RAW__coll__graph.pdf): PDF inclusion: multiple pdfs with page group included
 in a single page
>
<structmavlink_1_1common_1_1msg_1_1SERVO__OUTPUT__RAW__coll__graph.pdf, id=2889
8, 212.795pt x 167.62625pt>
File: structmavlink_1_1common_1_1msg_1_1SERVO__OUTPUT__RAW__coll__graph.pdf Gra
phic file (type pdf)
<use structmavlink_1_1common_1_1msg_1_1SERVO__OUTPUT__RAW__coll__graph.pdf>
Package pdftex.def Info: structmavlink_1_1common_1_1msg_1_1SERVO__OUTPUT__RAW__
coll__graph.pdf  used on input line 27.
(pdftex.def)             Requested size: 212.0pt x 167.0094pt.
 [645] [646] [647] [648])
(./structmavlink_1_1common_1_1msg_1_1SET__ACTUATOR__CONTROL__TARGET.tex <./stru
ctmavlink_1_1common_1_1msg_1_1SET__ACTUATOR__CONTROL__TARGET__inherit__graph.pd
f

pdfTeX warning: pdflatex (file ./structmavlink_1_1common_1_1msg_1_1SET__ACTUATO
R__CONTROL__TARGET__inherit__graph.pdf): PDF inclusion: multiple pdfs with page
 group included in a single page
>
<structmavlink_1_1common_1_1msg_1_1SET__ACTUATOR__CONTROL__TARGET__inherit__gra
ph.pdf, id=28973, 232.87pt x 178.6675pt>
File: structmavlink_1_1common_1_1msg_1_1SET__ACTUATOR__CONTROL__TARGET__inherit
__graph.pdf Graphic file (type pdf)
<use structmavlink_1_1common_1_1msg_1_1SET__ACTUATOR__CONTROL__TARGET__inherit_
_graph.pdf>
Package pdftex.def Info: structmavlink_1_1common_1_1msg_1_1SET__ACTUATOR__CONTR
OL__TARGET__inherit__graph.pdf  used on input line 18.
(pdftex.def)             Requested size: 232.0pt x 178.0073pt.
 <./structmavlink_1_1common_1_1msg_1_1SET__ACTUATOR__CONTROL__TARGET__coll__gra
ph.pdf

pdfTeX warning: pdflatex (file ./structmavlink_1_1common_1_1msg_1_1SET__ACTUATO
R__CONTROL__TARGET__coll__graph.pdf): PDF inclusion: multiple pdfs with page gr
oup included in a single page
>
<structmavlink_1_1common_1_1msg_1_1SET__ACTUATOR__CONTROL__TARGET__coll__graph.
pdf, id=28981, 232.87pt x 178.6675pt>
File: structmavlink_1_1common_1_1msg_1_1SET__ACTUATOR__CONTROL__TARGET__coll__g
raph.pdf Graphic file (type pdf)
<use structmavlink_1_1common_1_1msg_1_1SET__ACTUATOR__CONTROL__TARGET__coll__gr
aph.pdf>
Package pdftex.def Info: structmavlink_1_1common_1_1msg_1_1SET__ACTUATOR__CONTR
OL__TARGET__coll__graph.pdf  used on input line 27.
(pdftex.def)             Requested size: 232.0pt x 178.0073pt.
 [649] [650]) (./structmavlink_1_1common_1_1msg_1_1SET__ATTITUDE__TARGET.tex <.
/structmavlink_1_1common_1_1msg_1_1SET__ATTITUDE__TARGET__inherit__graph.pdf

pdfTeX warning: pdflatex (file ./structmavlink_1_1common_1_1msg_1_1SET__ATTITUD
E__TARGET__inherit__graph.pdf): PDF inclusion: multiple pdfs with page group in
cluded in a single page
>
<structmavlink_1_1common_1_1msg_1_1SET__ATTITUDE__TARGET__inherit__graph.pdf, i
d=29033, 217.81375pt x 167.62625pt>
File: structmavlink_1_1common_1_1msg_1_1SET__ATTITUDE__TARGET__inherit__graph.p
df Graphic file (type pdf)
<use structmavlink_1_1common_1_1msg_1_1SET__ATTITUDE__TARGET__inherit__graph.pd
f>
Package pdftex.def Info: structmavlink_1_1common_1_1msg_1_1SET__ATTITUDE__TARGE
T__inherit__graph.pdf  used on input line 18.
(pdftex.def)             Requested size: 217.0pt x 166.99916pt.
 [651] <./structmavlink_1_1common_1_1msg_1_1SET__ATTITUDE__TARGET__coll__graph.
pdf

pdfTeX warning: pdflatex (file ./structmavlink_1_1common_1_1msg_1_1SET__ATTITUD
E__TARGET__coll__graph.pdf): PDF inclusion: multiple pdfs with page group inclu
ded in a single page
>
<structmavlink_1_1common_1_1msg_1_1SET__ATTITUDE__TARGET__coll__graph.pdf, id=2
9047, 217.81375pt x 167.62625pt>
File: structmavlink_1_1common_1_1msg_1_1SET__ATTITUDE__TARGET__coll__graph.pdf 
Graphic file (type pdf)
<use structmavlink_1_1common_1_1msg_1_1SET__ATTITUDE__TARGET__coll__graph.pdf>
Package pdftex.def Info: structmavlink_1_1common_1_1msg_1_1SET__ATTITUDE__TARGE
T__coll__graph.pdf  used on input line 27.
(pdftex.def)             Requested size: 217.0pt x 166.99916pt.
 [652] [653])
(./structmavlink_1_1common_1_1msg_1_1SET__GPS__GLOBAL__ORIGIN.tex <./structmavl
ink_1_1common_1_1msg_1_1SET__GPS__GLOBAL__ORIGIN__inherit__graph.pdf

pdfTeX warning: pdflatex (file ./structmavlink_1_1common_1_1msg_1_1SET__GPS__GL
OBAL__ORIGIN__inherit__graph.pdf): PDF inclusion: multiple pdfs with page group
 included in a single page
>
<structmavlink_1_1common_1_1msg_1_1SET__GPS__GLOBAL__ORIGIN__inherit__graph.pdf
, id=29103, 230.8625pt x 167.62625pt>
File: structmavlink_1_1common_1_1msg_1_1SET__GPS__GLOBAL__ORIGIN__inherit__grap
h.pdf Graphic file (type pdf)
<use structmavlink_1_1common_1_1msg_1_1SET__GPS__GLOBAL__ORIGIN__inherit__graph
.pdf>
Package pdftex.def Info: structmavlink_1_1common_1_1msg_1_1SET__GPS__GLOBAL__OR
IGIN__inherit__graph.pdf  used on input line 18.
(pdftex.def)             Requested size: 230.0pt x 167.00172pt.
 <./structmavlink_1_1common_1_1msg_1_1SET__GPS__GLOBAL__ORIGIN__coll__graph.pdf


pdfTeX warning: pdflatex (file ./structmavlink_1_1common_1_1msg_1_1SET__GPS__GL
OBAL__ORIGIN__coll__graph.pdf): PDF inclusion: multiple pdfs with page group in
cluded in a single page
>
<structmavlink_1_1common_1_1msg_1_1SET__GPS__GLOBAL__ORIGIN__coll__graph.pdf, i
d=29111, 230.8625pt x 167.62625pt>
File: structmavlink_1_1common_1_1msg_1_1SET__GPS__GLOBAL__ORIGIN__coll__graph.p
df Graphic file (type pdf)
<use structmavlink_1_1common_1_1msg_1_1SET__GPS__GLOBAL__ORIGIN__coll__graph.pd
f>
Package pdftex.def Info: structmavlink_1_1common_1_1msg_1_1SET__GPS__GLOBAL__OR
IGIN__coll__graph.pdf  used on input line 27.
(pdftex.def)             Requested size: 230.0pt x 167.00172pt.
 [654] [655]) (./structmavlink_1_1common_1_1msg_1_1SET__HOME__POSITION.tex
[656] <./structmavlink_1_1common_1_1msg_1_1SET__HOME__POSITION__inherit__graph.
pdf

pdfTeX warning: pdflatex (file ./structmavlink_1_1common_1_1msg_1_1SET__HOME__P
OSITION__inherit__graph.pdf): PDF inclusion: multiple pdfs with page group incl
uded in a single page
>
<structmavlink_1_1common_1_1msg_1_1SET__HOME__POSITION__inherit__graph.pdf, id=
29170, 212.795pt x 167.62625pt>
File: structmavlink_1_1common_1_1msg_1_1SET__HOME__POSITION__inherit__graph.pdf
 Graphic file (type pdf)
<use structmavlink_1_1common_1_1msg_1_1SET__HOME__POSITION__inherit__graph.pdf>

Package pdftex.def Info: structmavlink_1_1common_1_1msg_1_1SET__HOME__POSITION_
_inherit__graph.pdf  used on input line 18.
(pdftex.def)             Requested size: 212.0pt x 167.0094pt.
 <./structmavlink_1_1common_1_1msg_1_1SET__HOME__POSITION__coll__graph.pdf

pdfTeX warning: pdflatex (file ./structmavlink_1_1common_1_1msg_1_1SET__HOME__P
OSITION__coll__graph.pdf): PDF inclusion: multiple pdfs with page group include
d in a single page
>
<structmavlink_1_1common_1_1msg_1_1SET__HOME__POSITION__coll__graph.pdf, id=291
78, 212.795pt x 167.62625pt>
File: structmavlink_1_1common_1_1msg_1_1SET__HOME__POSITION__coll__graph.pdf Gr
aphic file (type pdf)
<use structmavlink_1_1common_1_1msg_1_1SET__HOME__POSITION__coll__graph.pdf>
Package pdftex.def Info: structmavlink_1_1common_1_1msg_1_1SET__HOME__POSITION_
_coll__graph.pdf  used on input line 27.
(pdftex.def)             Requested size: 212.0pt x 167.0094pt.
 [657]
Overfull \hbox (67.95622pt too wide) in paragraph at lines 109--109
[] \T1/pcr/m/n/8 The position is set automatically by the system during the tak
eoff (and may also be set using this message).[] 
 []


Overfull \hbox (264.75635pt too wide) in paragraph at lines 110--110
[] \T1/pcr/m/n/8 The global and local positions encode the position in the resp
ective coordinate frames, while the q parameter encodes the orientation of the 
surface.[] 
 []


Overfull \hbox (149.55627pt too wide) in paragraph at lines 111--111
[] \T1/pcr/m/n/8 Under normal conditions it describes the heading and terrain s
lope, which can be used by the aircraft to adjust the approach.[] 
 []


Overfull \hbox (264.75635pt too wide) in paragraph at lines 112--112
[] \T1/pcr/m/n/8 The approach 3D vector describes the point to which the system
 should fly in normal flight mode and then perform a landing sequence along the
 vector.[] 
 []


Overfull \hbox (187.9563pt too wide) in paragraph at lines 113--113
[] \T1/pcr/m/n/8 Note: the current home position may be emitted in a HOME_POSIT
ION message on request (using MAV_CMD_REQUEST_MESSAGE with param1=242).[] 
 []

[658]) (./structmavlink_1_1common_1_1msg_1_1SET__MODE.tex <./structmavlink_1_1c
ommon_1_1msg_1_1SET__MODE__inherit__graph.pdf

pdfTeX warning: pdflatex (file ./structmavlink_1_1common_1_1msg_1_1SET__MODE__i
nherit__graph.pdf): PDF inclusion: multiple pdfs with page group included in a 
single page
>
<structmavlink_1_1common_1_1msg_1_1SET__MODE__inherit__graph.pdf, id=29236, 212
.795pt x 167.62625pt>
File: structmavlink_1_1common_1_1msg_1_1SET__MODE__inherit__graph.pdf Graphic f
ile (type pdf)
<use structmavlink_1_1common_1_1msg_1_1SET__MODE__inherit__graph.pdf>
Package pdftex.def Info: structmavlink_1_1common_1_1msg_1_1SET__MODE__inherit__
graph.pdf  used on input line 18.
(pdftex.def)             Requested size: 212.0pt x 167.0094pt.
 [659] <./structmavlink_1_1common_1_1msg_1_1SET__MODE__coll__graph.pdf

pdfTeX warning: pdflatex (file ./structmavlink_1_1common_1_1msg_1_1SET__MODE__c
oll__graph.pdf): PDF inclusion: multiple pdfs with page group included in a sin
gle page
>
<structmavlink_1_1common_1_1msg_1_1SET__MODE__coll__graph.pdf, id=29249, 212.79
5pt x 167.62625pt>
File: structmavlink_1_1common_1_1msg_1_1SET__MODE__coll__graph.pdf Graphic file
 (type pdf)
<use structmavlink_1_1common_1_1msg_1_1SET__MODE__coll__graph.pdf>
Package pdftex.def Info: structmavlink_1_1common_1_1msg_1_1SET__MODE__coll__gra
ph.pdf  used on input line 27.
(pdftex.def)             Requested size: 212.0pt x 167.0094pt.
 [660] [661])
(./structmavlink_1_1common_1_1msg_1_1SET__POSITION__TARGET__GLOBAL__INT.tex <./
structmavlink_1_1common_1_1msg_1_1SET__POSITION__TARGET__GLOBAL__INT__inherit__
graph.pdf

pdfTeX warning: pdflatex (file ./structmavlink_1_1common_1_1msg_1_1SET__POSITIO
N__TARGET__GLOBAL__INT__inherit__graph.pdf): PDF inclusion: multiple pdfs with 
page group included in a single page
>
<structmavlink_1_1common_1_1msg_1_1SET__POSITION__TARGET__GLOBAL__INT__inherit_
_graph.pdf, id=29299, 216.81pt x 178.6675pt>
File: structmavlink_1_1common_1_1msg_1_1SET__POSITION__TARGET__GLOBAL__INT__inh
erit__graph.pdf Graphic file (type pdf)
<use structmavlink_1_1common_1_1msg_1_1SET__POSITION__TARGET__GLOBAL__INT__inhe
rit__graph.pdf>
Package pdftex.def Info: structmavlink_1_1common_1_1msg_1_1SET__POSITION__TARGE
T__GLOBAL__INT__inherit__graph.pdf  used on input line 18.
(pdftex.def)             Requested size: 216.0pt x 178.01003pt.
 <./structmavlink_1_1common_1_1msg_1_1SET__POSITION__TARGET__GLOBAL__INT__coll_
_graph.pdf

pdfTeX warning: pdflatex (file ./structmavlink_1_1common_1_1msg_1_1SET__POSITIO
N__TARGET__GLOBAL__INT__coll__graph.pdf): PDF inclusion: multiple pdfs with pag
e group included in a single page
>
<structmavlink_1_1common_1_1msg_1_1SET__POSITION__TARGET__GLOBAL__INT__coll__gr
aph.pdf, id=29307, 216.81pt x 178.6675pt>
File: structmavlink_1_1common_1_1msg_1_1SET__POSITION__TARGET__GLOBAL__INT__col
l__graph.pdf Graphic file (type pdf)
<use structmavlink_1_1common_1_1msg_1_1SET__POSITION__TARGET__GLOBAL__INT__coll
__graph.pdf>
Package pdftex.def Info: structmavlink_1_1common_1_1msg_1_1SET__POSITION__TARGE
T__GLOBAL__INT__coll__graph.pdf  used on input line 27.
(pdftex.def)             Requested size: 216.0pt x 178.01003pt.
 [662] [663] [664])
(./structmavlink_1_1common_1_1msg_1_1SET__POSITION__TARGET__LOCAL__NED.tex <./s
tructmavlink_1_1common_1_1msg_1_1SET__POSITION__TARGET__LOCAL__NED__inherit__gr
aph.pdf

pdfTeX warning: pdflatex (file ./structmavlink_1_1common_1_1msg_1_1SET__POSITIO
N__TARGET__LOCAL__NED__inherit__graph.pdf): PDF inclusion: multiple pdfs with p
age group included in a single page
>
<structmavlink_1_1common_1_1msg_1_1SET__POSITION__TARGET__LOCAL__NED__inherit__
graph.pdf, id=29372, 216.81pt x 178.6675pt>
File: structmavlink_1_1common_1_1msg_1_1SET__POSITION__TARGET__LOCAL__NED__inhe
rit__graph.pdf Graphic file (type pdf)
<use structmavlink_1_1common_1_1msg_1_1SET__POSITION__TARGET__LOCAL__NED__inher
it__graph.pdf>
Package pdftex.def Info: structmavlink_1_1common_1_1msg_1_1SET__POSITION__TARGE
T__LOCAL__NED__inherit__graph.pdf  used on input line 18.
(pdftex.def)             Requested size: 216.0pt x 178.01003pt.
 [665] <./structmavlink_1_1common_1_1msg_1_1SET__POSITION__TARGET__LOCAL__NED__
coll__graph.pdf

pdfTeX warning: pdflatex (file ./structmavlink_1_1common_1_1msg_1_1SET__POSITIO
N__TARGET__LOCAL__NED__coll__graph.pdf): PDF inclusion: multiple pdfs with page
 group included in a single page
>
<structmavlink_1_1common_1_1msg_1_1SET__POSITION__TARGET__LOCAL__NED__coll__gra
ph.pdf, id=29386, 216.81pt x 178.6675pt>
File: structmavlink_1_1common_1_1msg_1_1SET__POSITION__TARGET__LOCAL__NED__coll
__graph.pdf Graphic file (type pdf)
<use structmavlink_1_1common_1_1msg_1_1SET__POSITION__TARGET__LOCAL__NED__coll_
_graph.pdf>
Package pdftex.def Info: structmavlink_1_1common_1_1msg_1_1SET__POSITION__TARGE
T__LOCAL__NED__coll__graph.pdf  used on input line 27.
(pdftex.def)             Requested size: 216.0pt x 178.01003pt.
 [666] [667]) (./structmavlink_1_1common_1_1msg_1_1SETUP__SIGNING.tex <./struct
mavlink_1_1common_1_1msg_1_1SETUP__SIGNING__inherit__graph.pdf

pdfTeX warning: pdflatex (file ./structmavlink_1_1common_1_1msg_1_1SETUP__SIGNI
NG__inherit__graph.pdf): PDF inclusion: multiple pdfs with page group included 
in a single page
>
<structmavlink_1_1common_1_1msg_1_1SETUP__SIGNING__inherit__graph.pdf, id=29449
, 212.795pt x 167.62625pt>
File: structmavlink_1_1common_1_1msg_1_1SETUP__SIGNING__inherit__graph.pdf Grap
hic file (type pdf)
<use structmavlink_1_1common_1_1msg_1_1SETUP__SIGNING__inherit__graph.pdf>
Package pdftex.def Info: structmavlink_1_1common_1_1msg_1_1SETUP__SIGNING__inhe
rit__graph.pdf  used on input line 18.
(pdftex.def)             Requested size: 212.0pt x 167.0094pt.
 [668] <./structmavlink_1_1common_1_1msg_1_1SETUP__SIGNING__coll__graph.pdf

pdfTeX warning: pdflatex (file ./structmavlink_1_1common_1_1msg_1_1SETUP__SIGNI
NG__coll__graph.pdf): PDF inclusion: multiple pdfs with page group included in 
a single page
>
<structmavlink_1_1common_1_1msg_1_1SETUP__SIGNING__coll__graph.pdf, id=29462, 2
12.795pt x 167.62625pt>
File: structmavlink_1_1common_1_1msg_1_1SETUP__SIGNING__coll__graph.pdf Graphic
 file (type pdf)
<use structmavlink_1_1common_1_1msg_1_1SETUP__SIGNING__coll__graph.pdf>
Package pdftex.def Info: structmavlink_1_1common_1_1msg_1_1SETUP__SIGNING__coll
__graph.pdf  used on input line 27.
(pdftex.def)             Requested size: 212.0pt x 167.0094pt.
 [669] [670]) (./structmavlink_1_1common_1_1msg_1_1SIM__STATE.tex <./structmavl
ink_1_1common_1_1msg_1_1SIM__STATE__inherit__graph.pdf

pdfTeX warning: pdflatex (file ./structmavlink_1_1common_1_1msg_1_1SIM__STATE__
inherit__graph.pdf): PDF inclusion: multiple pdfs with page group included in a
 single page
>
<structmavlink_1_1common_1_1msg_1_1SIM__STATE__inherit__graph.pdf, id=29512, 21
2.795pt x 167.62625pt>
File: structmavlink_1_1common_1_1msg_1_1SIM__STATE__inherit__graph.pdf Graphic 
file (type pdf)
<use structmavlink_1_1common_1_1msg_1_1SIM__STATE__inherit__graph.pdf>
Package pdftex.def Info: structmavlink_1_1common_1_1msg_1_1SIM__STATE__inherit_
_graph.pdf  used on input line 18.
(pdftex.def)             Requested size: 212.0pt x 167.0094pt.
 <./structmavlink_1_1common_1_1msg_1_1SIM__STATE__coll__graph.pdf

pdfTeX warning: pdflatex (file ./structmavlink_1_1common_1_1msg_1_1SIM__STATE__
coll__graph.pdf): PDF inclusion: multiple pdfs with page group included in a si
ngle page
>
<structmavlink_1_1common_1_1msg_1_1SIM__STATE__coll__graph.pdf, id=29520, 212.7
95pt x 167.62625pt>
File: structmavlink_1_1common_1_1msg_1_1SIM__STATE__coll__graph.pdf Graphic fil
e (type pdf)
<use structmavlink_1_1common_1_1msg_1_1SIM__STATE__coll__graph.pdf>
Package pdftex.def Info: structmavlink_1_1common_1_1msg_1_1SIM__STATE__coll__gr
aph.pdf  used on input line 27.
(pdftex.def)             Requested size: 212.0pt x 167.0094pt.
 [671] [672]) (./structmavlink_1_1common_1_1msg_1_1SMART__BATTERY__INFO.tex
[673] <./structmavlink_1_1common_1_1msg_1_1SMART__BATTERY__INFO__inherit__graph
.pdf

pdfTeX warning: pdflatex (file ./structmavlink_1_1common_1_1msg_1_1SMART__BATTE
RY__INFO__inherit__graph.pdf): PDF inclusion: multiple pdfs with page group inc
luded in a single page
>
<structmavlink_1_1common_1_1msg_1_1SMART__BATTERY__INFO__inherit__graph.pdf, id
=29595, 214.8025pt x 167.62625pt>
File: structmavlink_1_1common_1_1msg_1_1SMART__BATTERY__INFO__inherit__graph.pd
f Graphic file (type pdf)
<use structmavlink_1_1common_1_1msg_1_1SMART__BATTERY__INFO__inherit__graph.pdf
>
Package pdftex.def Info: structmavlink_1_1common_1_1msg_1_1SMART__BATTERY__INFO
__inherit__graph.pdf  used on input line 18.
(pdftex.def)             Requested size: 214.0pt x 167.00172pt.
 <./structmavlink_1_1common_1_1msg_1_1SMART__BATTERY__INFO__coll__graph.pdf

pdfTeX warning: pdflatex (file ./structmavlink_1_1common_1_1msg_1_1SMART__BATTE
RY__INFO__coll__graph.pdf): PDF inclusion: multiple pdfs with page group includ
ed in a single page
>
<structmavlink_1_1common_1_1msg_1_1SMART__BATTERY__INFO__coll__graph.pdf, id=29
604, 214.8025pt x 167.62625pt>
File: structmavlink_1_1common_1_1msg_1_1SMART__BATTERY__INFO__coll__graph.pdf G
raphic file (type pdf)
<use structmavlink_1_1common_1_1msg_1_1SMART__BATTERY__INFO__coll__graph.pdf>
Package pdftex.def Info: structmavlink_1_1common_1_1msg_1_1SMART__BATTERY__INFO
__coll__graph.pdf  used on input line 27.
(pdftex.def)             Requested size: 214.0pt x 167.00172pt.
 [674] [675]) (./structmavlink_1_1common_1_1msg_1_1STATUSTEXT.tex <./structmavl
ink_1_1common_1_1msg_1_1STATUSTEXT__inherit__graph.pdf

pdfTeX warning: pdflatex (file ./structmavlink_1_1common_1_1msg_1_1STATUSTEXT__
inherit__graph.pdf): PDF inclusion: multiple pdfs with page group included in a
 single page
>
<structmavlink_1_1common_1_1msg_1_1STATUSTEXT__inherit__graph.pdf, id=29667, 21
2.795pt x 167.62625pt>
File: structmavlink_1_1common_1_1msg_1_1STATUSTEXT__inherit__graph.pdf Graphic 
file (type pdf)
<use structmavlink_1_1common_1_1msg_1_1STATUSTEXT__inherit__graph.pdf>
Package pdftex.def Info: structmavlink_1_1common_1_1msg_1_1STATUSTEXT__inherit_
_graph.pdf  used on input line 18.
(pdftex.def)             Requested size: 212.0pt x 167.0094pt.
 [676] <./structmavlink_1_1common_1_1msg_1_1STATUSTEXT__coll__graph.pdf

pdfTeX warning: pdflatex (file ./structmavlink_1_1common_1_1msg_1_1STATUSTEXT__
coll__graph.pdf): PDF inclusion: multiple pdfs with page group included in a si
ngle page
>
<structmavlink_1_1common_1_1msg_1_1STATUSTEXT__coll__graph.pdf, id=29680, 212.7
95pt x 167.62625pt>
File: structmavlink_1_1common_1_1msg_1_1STATUSTEXT__coll__graph.pdf Graphic fil
e (type pdf)
<use structmavlink_1_1common_1_1msg_1_1STATUSTEXT__coll__graph.pdf>
Package pdftex.def Info: structmavlink_1_1common_1_1msg_1_1STATUSTEXT__coll__gr
aph.pdf  used on input line 27.
(pdftex.def)             Requested size: 212.0pt x 167.0094pt.
 [677] [678] [679])
(./structmavlink_1_1common_1_1msg_1_1STORAGE__INFORMATION.tex <./structmavlink_
1_1common_1_1msg_1_1STORAGE__INFORMATION__inherit__graph.pdf

pdfTeX warning: pdflatex (file ./structmavlink_1_1common_1_1msg_1_1STORAGE__INF
ORMATION__inherit__graph.pdf): PDF inclusion: multiple pdfs with page group inc
luded in a single page
>
<structmavlink_1_1common_1_1msg_1_1STORAGE__INFORMATION__inherit__graph.pdf, id
=29735, 224.84pt x 167.62625pt>
File: structmavlink_1_1common_1_1msg_1_1STORAGE__INFORMATION__inherit__graph.pd
f Graphic file (type pdf)
<use structmavlink_1_1common_1_1msg_1_1STORAGE__INFORMATION__inherit__graph.pdf
>
Package pdftex.def Info: structmavlink_1_1common_1_1msg_1_1STORAGE__INFORMATION
__inherit__graph.pdf  used on input line 18.
(pdftex.def)             Requested size: 224.0pt x 167.00684pt.
 <./structmavlink_1_1common_1_1msg_1_1STORAGE__INFORMATION__coll__graph.pdf

pdfTeX warning: pdflatex (file ./structmavlink_1_1common_1_1msg_1_1STORAGE__INF
ORMATION__coll__graph.pdf): PDF inclusion: multiple pdfs with page group includ
ed in a single page
>
<structmavlink_1_1common_1_1msg_1_1STORAGE__INFORMATION__coll__graph.pdf, id=29
743, 224.84pt x 167.62625pt>
File: structmavlink_1_1common_1_1msg_1_1STORAGE__INFORMATION__coll__graph.pdf G
raphic file (type pdf)
<use structmavlink_1_1common_1_1msg_1_1STORAGE__INFORMATION__coll__graph.pdf>
Package pdftex.def Info: structmavlink_1_1common_1_1msg_1_1STORAGE__INFORMATION
__coll__graph.pdf  used on input line 27.
(pdftex.def)             Requested size: 224.0pt x 167.00684pt.
 [680] [681]) (./structmavlink_1_1common_1_1msg_1_1SUPPORTED__TUNES.tex <./stru
ctmavlink_1_1common_1_1msg_1_1SUPPORTED__TUNES__inherit__graph.pdf

pdfTeX warning: pdflatex (file ./structmavlink_1_1common_1_1msg_1_1SUPPORTED__T
UNES__inherit__graph.pdf): PDF inclusion: multiple pdfs with page group include
d in a single page
>
<structmavlink_1_1common_1_1msg_1_1SUPPORTED__TUNES__inherit__graph.pdf, id=298
00, 212.795pt x 167.62625pt>
File: structmavlink_1_1common_1_1msg_1_1SUPPORTED__TUNES__inherit__graph.pdf Gr
aphic file (type pdf)
<use structmavlink_1_1common_1_1msg_1_1SUPPORTED__TUNES__inherit__graph.pdf>
Package pdftex.def Info: structmavlink_1_1common_1_1msg_1_1SUPPORTED__TUNES__in
herit__graph.pdf  used on input line 18.
(pdftex.def)             Requested size: 212.0pt x 167.0094pt.
 [682] <./structmavlink_1_1common_1_1msg_1_1SUPPORTED__TUNES__coll__graph.pdf

pdfTeX warning: pdflatex (file ./structmavlink_1_1common_1_1msg_1_1SUPPORTED__T
UNES__coll__graph.pdf): PDF inclusion: multiple pdfs with page group included i
n a single page
>
<structmavlink_1_1common_1_1msg_1_1SUPPORTED__TUNES__coll__graph.pdf, id=29815,
 212.795pt x 167.62625pt>
File: structmavlink_1_1common_1_1msg_1_1SUPPORTED__TUNES__coll__graph.pdf Graph
ic file (type pdf)
<use structmavlink_1_1common_1_1msg_1_1SUPPORTED__TUNES__coll__graph.pdf>
Package pdftex.def Info: structmavlink_1_1common_1_1msg_1_1SUPPORTED__TUNES__co
ll__graph.pdf  used on input line 27.
(pdftex.def)             Requested size: 212.0pt x 167.0094pt.
 [683] [684]) (./structmavlink_1_1common_1_1msg_1_1SYS__STATUS.tex <./structmav
link_1_1common_1_1msg_1_1SYS__STATUS__inherit__graph.pdf

pdfTeX warning: pdflatex (file ./structmavlink_1_1common_1_1msg_1_1SYS__STATUS_
_inherit__graph.pdf): PDF inclusion: multiple pdfs with page group included in 
a single page
>
<structmavlink_1_1common_1_1msg_1_1SYS__STATUS__inherit__graph.pdf, id=29863, 2
12.795pt x 167.62625pt>
File: structmavlink_1_1common_1_1msg_1_1SYS__STATUS__inherit__graph.pdf Graphic
 file (type pdf)
<use structmavlink_1_1common_1_1msg_1_1SYS__STATUS__inherit__graph.pdf>
Package pdftex.def Info: structmavlink_1_1common_1_1msg_1_1SYS__STATUS__inherit
__graph.pdf  used on input line 18.
(pdftex.def)             Requested size: 212.0pt x 167.0094pt.
 <./structmavlink_1_1common_1_1msg_1_1SYS__STATUS__coll__graph.pdf

pdfTeX warning: pdflatex (file ./structmavlink_1_1common_1_1msg_1_1SYS__STATUS_
_coll__graph.pdf): PDF inclusion: multiple pdfs with page group included in a s
ingle page
>
<structmavlink_1_1common_1_1msg_1_1SYS__STATUS__coll__graph.pdf, id=29871, 212.
795pt x 167.62625pt>
File: structmavlink_1_1common_1_1msg_1_1SYS__STATUS__coll__graph.pdf Graphic fi
le (type pdf)
<use structmavlink_1_1common_1_1msg_1_1SYS__STATUS__coll__graph.pdf>
Package pdftex.def Info: structmavlink_1_1common_1_1msg_1_1SYS__STATUS__coll__g
raph.pdf  used on input line 27.
(pdftex.def)             Requested size: 212.0pt x 167.0094pt.
 [685] [686] [687]) (./structmavlink_1_1common_1_1msg_1_1SYSTEM__TIME.tex <./st
ructmavlink_1_1common_1_1msg_1_1SYSTEM__TIME__inherit__graph.pdf

pdfTeX warning: pdflatex (file ./structmavlink_1_1common_1_1msg_1_1SYSTEM__TIME
__inherit__graph.pdf): PDF inclusion: multiple pdfs with page group included in
 a single page
>
<structmavlink_1_1common_1_1msg_1_1SYSTEM__TIME__inherit__graph.pdf, id=29938, 
212.795pt x 167.62625pt>
File: structmavlink_1_1common_1_1msg_1_1SYSTEM__TIME__inherit__graph.pdf Graphi
c file (type pdf)
<use structmavlink_1_1common_1_1msg_1_1SYSTEM__TIME__inherit__graph.pdf>
Package pdftex.def Info: structmavlink_1_1common_1_1msg_1_1SYSTEM__TIME__inheri
t__graph.pdf  used on input line 18.
(pdftex.def)             Requested size: 212.0pt x 167.0094pt.
 [688] <./structmavlink_1_1common_1_1msg_1_1SYSTEM__TIME__coll__graph.pdf

pdfTeX warning: pdflatex (file ./structmavlink_1_1common_1_1msg_1_1SYSTEM__TIME
__coll__graph.pdf): PDF inclusion: multiple pdfs with page group included in a 
single page
>
<structmavlink_1_1common_1_1msg_1_1SYSTEM__TIME__coll__graph.pdf, id=29952, 212
.795pt x 167.62625pt>
File: structmavlink_1_1common_1_1msg_1_1SYSTEM__TIME__coll__graph.pdf Graphic f
ile (type pdf)
<use structmavlink_1_1common_1_1msg_1_1SYSTEM__TIME__coll__graph.pdf>
Package pdftex.def Info: structmavlink_1_1common_1_1msg_1_1SYSTEM__TIME__coll__
graph.pdf  used on input line 27.
(pdftex.def)             Requested size: 212.0pt x 167.0094pt.
 [689] [690]) (./structmavlink_1_1common_1_1msg_1_1TERRAIN__CHECK.tex <./struct
mavlink_1_1common_1_1msg_1_1TERRAIN__CHECK__inherit__graph.pdf

pdfTeX warning: pdflatex (file ./structmavlink_1_1common_1_1msg_1_1TERRAIN__CHE
CK__inherit__graph.pdf): PDF inclusion: multiple pdfs with page group included 
in a single page
>
<structmavlink_1_1common_1_1msg_1_1TERRAIN__CHECK__inherit__graph.pdf, id=30000
, 212.795pt x 167.62625pt>
File: structmavlink_1_1common_1_1msg_1_1TERRAIN__CHECK__inherit__graph.pdf Grap
hic file (type pdf)
<use structmavlink_1_1common_1_1msg_1_1TERRAIN__CHECK__inherit__graph.pdf>
Package pdftex.def Info: structmavlink_1_1common_1_1msg_1_1TERRAIN__CHECK__inhe
rit__graph.pdf  used on input line 18.
(pdftex.def)             Requested size: 212.0pt x 167.0094pt.
 <./structmavlink_1_1common_1_1msg_1_1TERRAIN__CHECK__coll__graph.pdf

pdfTeX warning: pdflatex (file ./structmavlink_1_1common_1_1msg_1_1TERRAIN__CHE
CK__coll__graph.pdf): PDF inclusion: multiple pdfs with page group included in 
a single page
>
<structmavlink_1_1common_1_1msg_1_1TERRAIN__CHECK__coll__graph.pdf, id=30008, 2
12.795pt x 167.62625pt>
File: structmavlink_1_1common_1_1msg_1_1TERRAIN__CHECK__coll__graph.pdf Graphic
 file (type pdf)
<use structmavlink_1_1common_1_1msg_1_1TERRAIN__CHECK__coll__graph.pdf>
Package pdftex.def Info: structmavlink_1_1common_1_1msg_1_1TERRAIN__CHECK__coll
__graph.pdf  used on input line 27.
(pdftex.def)             Requested size: 212.0pt x 167.0094pt.
 [691] [692]) (./structmavlink_1_1common_1_1msg_1_1TERRAIN__DATA.tex <./structm
avlink_1_1common_1_1msg_1_1TERRAIN__DATA__inherit__graph.pdf

pdfTeX warning: pdflatex (file ./structmavlink_1_1common_1_1msg_1_1TERRAIN__DAT
A__inherit__graph.pdf): PDF inclusion: multiple pdfs with page group included i
n a single page
>
<structmavlink_1_1common_1_1msg_1_1TERRAIN__DATA__inherit__graph.pdf, id=30059,
 212.795pt x 167.62625pt>
File: structmavlink_1_1common_1_1msg_1_1TERRAIN__DATA__inherit__graph.pdf Graph
ic file (type pdf)
<use structmavlink_1_1common_1_1msg_1_1TERRAIN__DATA__inherit__graph.pdf>
Package pdftex.def Info: structmavlink_1_1common_1_1msg_1_1TERRAIN__DATA__inher
it__graph.pdf  used on input line 18.
(pdftex.def)             Requested size: 212.0pt x 167.0094pt.
 [693] <./structmavlink_1_1common_1_1msg_1_1TERRAIN__DATA__coll__graph.pdf

pdfTeX warning: pdflatex (file ./structmavlink_1_1common_1_1msg_1_1TERRAIN__DAT
A__coll__graph.pdf): PDF inclusion: multiple pdfs with page group included in a
 single page
>
<structmavlink_1_1common_1_1msg_1_1TERRAIN__DATA__coll__graph.pdf, id=30072, 21
2.795pt x 167.62625pt>
File: structmavlink_1_1common_1_1msg_1_1TERRAIN__DATA__coll__graph.pdf Graphic 
file (type pdf)
<use structmavlink_1_1common_1_1msg_1_1TERRAIN__DATA__coll__graph.pdf>
Package pdftex.def Info: structmavlink_1_1common_1_1msg_1_1TERRAIN__DATA__coll_
_graph.pdf  used on input line 27.
(pdftex.def)             Requested size: 212.0pt x 167.0094pt.
 [694] [695]) (./structmavlink_1_1common_1_1msg_1_1TERRAIN__REPORT.tex <./struc
tmavlink_1_1common_1_1msg_1_1TERRAIN__REPORT__inherit__graph.pdf

pdfTeX warning: pdflatex (file ./structmavlink_1_1common_1_1msg_1_1TERRAIN__REP
ORT__inherit__graph.pdf): PDF inclusion: multiple pdfs with page group included
 in a single page
>
<structmavlink_1_1common_1_1msg_1_1TERRAIN__REPORT__inherit__graph.pdf, id=3012
5, 212.795pt x 167.62625pt>
File: structmavlink_1_1common_1_1msg_1_1TERRAIN__REPORT__inherit__graph.pdf Gra
phic file (type pdf)
<use structmavlink_1_1common_1_1msg_1_1TERRAIN__REPORT__inherit__graph.pdf>
Package pdftex.def Info: structmavlink_1_1common_1_1msg_1_1TERRAIN__REPORT__inh
erit__graph.pdf  used on input line 18.
(pdftex.def)             Requested size: 212.0pt x 167.0094pt.
 <./structmavlink_1_1common_1_1msg_1_1TERRAIN__REPORT__coll__graph.pdf

pdfTeX warning: pdflatex (file ./structmavlink_1_1common_1_1msg_1_1TERRAIN__REP
ORT__coll__graph.pdf): PDF inclusion: multiple pdfs with page group included in
 a single page
>
<structmavlink_1_1common_1_1msg_1_1TERRAIN__REPORT__coll__graph.pdf, id=30133, 
212.795pt x 167.62625pt>
File: structmavlink_1_1common_1_1msg_1_1TERRAIN__REPORT__coll__graph.pdf Graphi
c file (type pdf)
<use structmavlink_1_1common_1_1msg_1_1TERRAIN__REPORT__coll__graph.pdf>
Package pdftex.def Info: structmavlink_1_1common_1_1msg_1_1TERRAIN__REPORT__col
l__graph.pdf  used on input line 27.
(pdftex.def)             Requested size: 212.0pt x 167.0094pt.
 [696]
Underfull \hbox (badness 812) in paragraph at lines 92--93
\T1/phv/m/n/10 as a re-sponse to a [] re-quest. See ter-rain pro-to-col docs[]:
 [][] \T1/pcr/m/n/10 https[]://mavlink.[]
 []

[697]) (./structmavlink_1_1common_1_1msg_1_1TERRAIN__REQUEST.tex <./structmavli
nk_1_1common_1_1msg_1_1TERRAIN__REQUEST__inherit__graph.pdf

pdfTeX warning: pdflatex (file ./structmavlink_1_1common_1_1msg_1_1TERRAIN__REQ
UEST__inherit__graph.pdf): PDF inclusion: multiple pdfs with page group include
d in a single page
>
<structmavlink_1_1common_1_1msg_1_1TERRAIN__REQUEST__inherit__graph.pdf, id=301
90, 212.795pt x 167.62625pt>
File: structmavlink_1_1common_1_1msg_1_1TERRAIN__REQUEST__inherit__graph.pdf Gr
aphic file (type pdf)
<use structmavlink_1_1common_1_1msg_1_1TERRAIN__REQUEST__inherit__graph.pdf>
Package pdftex.def Info: structmavlink_1_1common_1_1msg_1_1TERRAIN__REQUEST__in
herit__graph.pdf  used on input line 18.
(pdftex.def)             Requested size: 212.0pt x 167.0094pt.
 [698] <./structmavlink_1_1common_1_1msg_1_1TERRAIN__REQUEST__coll__graph.pdf

pdfTeX warning: pdflatex (file ./structmavlink_1_1common_1_1msg_1_1TERRAIN__REQ
UEST__coll__graph.pdf): PDF inclusion: multiple pdfs with page group included i
n a single page
>
<structmavlink_1_1common_1_1msg_1_1TERRAIN__REQUEST__coll__graph.pdf, id=30204,
 212.795pt x 167.62625pt>
File: structmavlink_1_1common_1_1msg_1_1TERRAIN__REQUEST__coll__graph.pdf Graph
ic file (type pdf)
<use structmavlink_1_1common_1_1msg_1_1TERRAIN__REQUEST__coll__graph.pdf>
Package pdftex.def Info: structmavlink_1_1common_1_1msg_1_1TERRAIN__REQUEST__co
ll__graph.pdf  used on input line 27.
(pdftex.def)             Requested size: 212.0pt x 167.0094pt.
 [699]
Underfull \hbox (badness 2486) in paragraph at lines 83--84
[]\T1/phv/m/n/10 Request for ter-rain data and ter-rain sta-tus. See ter-rain p
ro-to-col docs[]: [][] \T1/pcr/m/n/10 https[]://mavlink.[]
 []

[700]) (./structthumbstickControl.tex)
(./structmavlink_1_1common_1_1msg_1_1TIME__ESTIMATE__TO__TARGET.tex <./structma
vlink_1_1common_1_1msg_1_1TIME__ESTIMATE__TO__TARGET__inherit__graph.pdf

pdfTeX warning: pdflatex (file ./structmavlink_1_1common_1_1msg_1_1TIME__ESTIMA
TE__TO__TARGET__inherit__graph.pdf): PDF inclusion: multiple pdfs with page gro
up included in a single page
>
<structmavlink_1_1common_1_1msg_1_1TIME__ESTIMATE__TO__TARGET__inherit__graph.p
df, id=30257, 242.9075pt x 167.62625pt>
File: structmavlink_1_1common_1_1msg_1_1TIME__ESTIMATE__TO__TARGET__inherit__gr
aph.pdf Graphic file (type pdf)
<use structmavlink_1_1common_1_1msg_1_1TIME__ESTIMATE__TO__TARGET__inherit__gra
ph.pdf>
Package pdftex.def Info: structmavlink_1_1common_1_1msg_1_1TIME__ESTIMATE__TO__
TARGET__inherit__graph.pdf  used on input line 18.
(pdftex.def)             Requested size: 242.0pt x 166.99916pt.
 <./structmavlink_1_1common_1_1msg_1_1TIME__ESTIMATE__TO__TARGET__coll__graph.p
df

pdfTeX warning: pdflatex (file ./structmavlink_1_1common_1_1msg_1_1TIME__ESTIMA
TE__TO__TARGET__coll__graph.pdf): PDF inclusion: multiple pdfs with page group 
included in a single page
>
<structmavlink_1_1common_1_1msg_1_1TIME__ESTIMATE__TO__TARGET__coll__graph.pdf,
 id=30265, 242.9075pt x 167.62625pt>
File: structmavlink_1_1common_1_1msg_1_1TIME__ESTIMATE__TO__TARGET__coll__graph
.pdf Graphic file (type pdf)
<use structmavlink_1_1common_1_1msg_1_1TIME__ESTIMATE__TO__TARGET__coll__graph.
pdf>
Package pdftex.def Info: structmavlink_1_1common_1_1msg_1_1TIME__ESTIMATE__TO__
TARGET__coll__graph.pdf  used on input line 27.
(pdftex.def)             Requested size: 242.0pt x 166.99916pt.
 [701] [702]) (./structmavlink_1_1common_1_1msg_1_1TIMESYNC.tex [703] <./struct
mavlink_1_1common_1_1msg_1_1TIMESYNC__inherit__graph.pdf

pdfTeX warning: pdflatex (file ./structmavlink_1_1common_1_1msg_1_1TIMESYNC__in
herit__graph.pdf): PDF inclusion: multiple pdfs with page group included in a s
ingle page
>
<structmavlink_1_1common_1_1msg_1_1TIMESYNC__inherit__graph.pdf, id=30327, 212.
795pt x 167.62625pt>
File: structmavlink_1_1common_1_1msg_1_1TIMESYNC__inherit__graph.pdf Graphic fi
le (type pdf)
<use structmavlink_1_1common_1_1msg_1_1TIMESYNC__inherit__graph.pdf>
Package pdftex.def Info: structmavlink_1_1common_1_1msg_1_1TIMESYNC__inherit__g
raph.pdf  used on input line 18.
(pdftex.def)             Requested size: 212.0pt x 167.0094pt.
 <./structmavlink_1_1common_1_1msg_1_1TIMESYNC__coll__graph.pdf

pdfTeX warning: pdflatex (file ./structmavlink_1_1common_1_1msg_1_1TIMESYNC__co
ll__graph.pdf): PDF inclusion: multiple pdfs with page group included in a sing
le page
>
<structmavlink_1_1common_1_1msg_1_1TIMESYNC__coll__graph.pdf, id=30335, 212.795
pt x 167.62625pt>
File: structmavlink_1_1common_1_1msg_1_1TIMESYNC__coll__graph.pdf Graphic file 
(type pdf)
<use structmavlink_1_1common_1_1msg_1_1TIMESYNC__coll__graph.pdf>
Package pdftex.def Info: structmavlink_1_1common_1_1msg_1_1TIMESYNC__coll__grap
h.pdf  used on input line 27.
(pdftex.def)             Requested size: 212.0pt x 167.0094pt.
 [704]
Overfull \hbox (202.35631pt too wide) in paragraph at lines 85--85
[] \T1/pcr/m/n/8 The request is sent with `ts1=syncing component timestamp` and
 `tc1=0`, and may be broadcast or targeted to a specific system/component.[] 
 []


Overfull \hbox (557.55653pt too wide) in paragraph at lines 86--86
[] \T1/pcr/m/n/8 The response is sent with `ts1=syncing component timestamp` (m
irror back unchanged), and `tc1=responding component timestamp`, with the `targ
et_system` and `target_component` set to ids of the original request.[] 
 []


Overfull \hbox (437.55646pt too wide) in paragraph at lines 88--88
[] \T1/pcr/m/n/8 If the response has `target_system==target_component==0` the r
emote system has not been updated to use the component IDs and cannot reliably 
timesync; the requester may report an error.[] 
 []


Overfull \hbox (562.35654pt too wide) in paragraph at lines 89--89
[] \T1/pcr/m/n/8 Timestamps are UNIX Epoch time or time since system boot in na
noseconds (the timestamp format can be inferred by checking for the magnitude o
f the number; generally it doesn't matter as only the offset is used).[] 
 []


Overfull \hbox (67.95622pt too wide) in paragraph at lines 90--90
[] \T1/pcr/m/n/8 The message sequence is repeated numerous times with results b
eing filtered/averaged to estimate the offset.[] 
 []

[705])
(./structmavlink_1_1common_1_1msg_1_1TRAJECTORY__REPRESENTATION__BEZIER.tex <./
structmavlink_1_1common_1_1msg_1_1TRAJECTORY__REPRESENTATION__BEZIER__inherit__
graph.pdf

pdfTeX warning: pdflatex (file ./structmavlink_1_1common_1_1msg_1_1TRAJECTORY__
REPRESENTATION__BEZIER__inherit__graph.pdf): PDF inclusion: multiple pdfs with 
page group included in a single page
>
<structmavlink_1_1common_1_1msg_1_1TRAJECTORY__REPRESENTATION__BEZIER__inherit_
_graph.pdf, id=30384, 255.95625pt x 178.6675pt>
File: structmavlink_1_1common_1_1msg_1_1TRAJECTORY__REPRESENTATION__BEZIER__inh
erit__graph.pdf Graphic file (type pdf)
<use structmavlink_1_1common_1_1msg_1_1TRAJECTORY__REPRESENTATION__BEZIER__inhe
rit__graph.pdf>
Package pdftex.def Info: structmavlink_1_1common_1_1msg_1_1TRAJECTORY__REPRESEN
TATION__BEZIER__inherit__graph.pdf  used on input line 18.
(pdftex.def)             Requested size: 255.0pt x 177.99911pt.
 <./structmavlink_1_1common_1_1msg_1_1TRAJECTORY__REPRESENTATION__BEZIER__coll_
_graph.pdf

pdfTeX warning: pdflatex (file ./structmavlink_1_1common_1_1msg_1_1TRAJECTORY__
REPRESENTATION__BEZIER__coll__graph.pdf): PDF inclusion: multiple pdfs with pag
e group included in a single page
>
<structmavlink_1_1common_1_1msg_1_1TRAJECTORY__REPRESENTATION__BEZIER__coll__gr
aph.pdf, id=30392, 255.95625pt x 178.6675pt>
File: structmavlink_1_1common_1_1msg_1_1TRAJECTORY__REPRESENTATION__BEZIER__col
l__graph.pdf Graphic file (type pdf)
<use structmavlink_1_1common_1_1msg_1_1TRAJECTORY__REPRESENTATION__BEZIER__coll
__graph.pdf>
Package pdftex.def Info: structmavlink_1_1common_1_1msg_1_1TRAJECTORY__REPRESEN
TATION__BEZIER__coll__graph.pdf  used on input line 27.
(pdftex.def)             Requested size: 255.0pt x 177.99911pt.
 [706] [707] [708])
(./structmavlink_1_1common_1_1msg_1_1TRAJECTORY__REPRESENTATION__WAYPOINTS.tex 
<./structmavlink_1_1common_1_1msg_1_1TRAJECTORY__REPRESENTATION__WAYPOINTS__inh
erit__graph.pdf

pdfTeX warning: pdflatex (file ./structmavlink_1_1common_1_1msg_1_1TRAJECTORY__
REPRESENTATION__WAYPOINTS__inherit__graph.pdf): PDF inclusion: multiple pdfs wi
th page group included in a single page
>
<structmavlink_1_1common_1_1msg_1_1TRAJECTORY__REPRESENTATION__WAYPOINTS__inher
it__graph.pdf, id=30452, 255.95625pt x 178.6675pt>
File: structmavlink_1_1common_1_1msg_1_1TRAJECTORY__REPRESENTATION__WAYPOINTS__
inherit__graph.pdf Graphic file (type pdf)
<use structmavlink_1_1common_1_1msg_1_1TRAJECTORY__REPRESENTATION__WAYPOINTS__i
nherit__graph.pdf>
Package pdftex.def Info: structmavlink_1_1common_1_1msg_1_1TRAJECTORY__REPRESEN
TATION__WAYPOINTS__inherit__graph.pdf  used on input line 18.
(pdftex.def)             Requested size: 255.0pt x 177.99911pt.
 <./structmavlink_1_1common_1_1msg_1_1TRAJECTORY__REPRESENTATION__WAYPOINTS__co
ll__graph.pdf

pdfTeX warning: pdflatex (file ./structmavlink_1_1common_1_1msg_1_1TRAJECTORY__
REPRESENTATION__WAYPOINTS__coll__graph.pdf): PDF inclusion: multiple pdfs with 
page group included in a single page
>
<structmavlink_1_1common_1_1msg_1_1TRAJECTORY__REPRESENTATION__WAYPOINTS__coll_
_graph.pdf, id=30460, 255.95625pt x 178.6675pt>
File: structmavlink_1_1common_1_1msg_1_1TRAJECTORY__REPRESENTATION__WAYPOINTS__
coll__graph.pdf Graphic file (type pdf)
<use structmavlink_1_1common_1_1msg_1_1TRAJECTORY__REPRESENTATION__WAYPOINTS__c
oll__graph.pdf>
Package pdftex.def Info: structmavlink_1_1common_1_1msg_1_1TRAJECTORY__REPRESEN
TATION__WAYPOINTS__coll__graph.pdf  used on input line 27.
(pdftex.def)             Requested size: 255.0pt x 177.99911pt.
 [709] [710]) (./structmavlink_1_1common_1_1msg_1_1TUNNEL.tex <./structmavlink_
1_1common_1_1msg_1_1TUNNEL__inherit__graph.pdf

pdfTeX warning: pdflatex (file ./structmavlink_1_1common_1_1msg_1_1TUNNEL__inhe
rit__graph.pdf): PDF inclusion: multiple pdfs with page group included in a sin
gle page
>
<structmavlink_1_1common_1_1msg_1_1TUNNEL__inherit__graph.pdf, id=30520, 212.79
5pt x 167.62625pt>
File: structmavlink_1_1common_1_1msg_1_1TUNNEL__inherit__graph.pdf Graphic file
 (type pdf)
<use structmavlink_1_1common_1_1msg_1_1TUNNEL__inherit__graph.pdf>
Package pdftex.def Info: structmavlink_1_1common_1_1msg_1_1TUNNEL__inherit__gra
ph.pdf  used on input line 18.
(pdftex.def)             Requested size: 212.0pt x 167.0094pt.
 [711] <./structmavlink_1_1common_1_1msg_1_1TUNNEL__coll__graph.pdf

pdfTeX warning: pdflatex (file ./structmavlink_1_1common_1_1msg_1_1TUNNEL__coll
__graph.pdf): PDF inclusion: multiple pdfs with page group included in a single
 page
>
<structmavlink_1_1common_1_1msg_1_1TUNNEL__coll__graph.pdf, id=30534, 212.795pt
 x 167.62625pt>
File: structmavlink_1_1common_1_1msg_1_1TUNNEL__coll__graph.pdf Graphic file (t
ype pdf)
<use structmavlink_1_1common_1_1msg_1_1TUNNEL__coll__graph.pdf>
Package pdftex.def Info: structmavlink_1_1common_1_1msg_1_1TUNNEL__coll__graph.
pdf  used on input line 27.
(pdftex.def)             Requested size: 212.0pt x 167.0094pt.
 [712] [713] [714])
(./structmavlink_1_1common_1_1msg_1_1UAVCAN__NODE__INFO.tex <./structmavlink_1_
1common_1_1msg_1_1UAVCAN__NODE__INFO__inherit__graph.pdf

pdfTeX warning: pdflatex (file ./structmavlink_1_1common_1_1msg_1_1UAVCAN__NODE
__INFO__inherit__graph.pdf): PDF inclusion: multiple pdfs with page group inclu
ded in a single page
>
<structmavlink_1_1common_1_1msg_1_1UAVCAN__NODE__INFO__inherit__graph.pdf, id=3
0589, 212.795pt x 167.62625pt>
File: structmavlink_1_1common_1_1msg_1_1UAVCAN__NODE__INFO__inherit__graph.pdf 
Graphic file (type pdf)
<use structmavlink_1_1common_1_1msg_1_1UAVCAN__NODE__INFO__inherit__graph.pdf>
Package pdftex.def Info: structmavlink_1_1common_1_1msg_1_1UAVCAN__NODE__INFO__
inherit__graph.pdf  used on input line 18.
(pdftex.def)             Requested size: 212.0pt x 167.0094pt.
 <./structmavlink_1_1common_1_1msg_1_1UAVCAN__NODE__INFO__coll__graph.pdf

pdfTeX warning: pdflatex (file ./structmavlink_1_1common_1_1msg_1_1UAVCAN__NODE
__INFO__coll__graph.pdf): PDF inclusion: multiple pdfs with page group included
 in a single page
>
<structmavlink_1_1common_1_1msg_1_1UAVCAN__NODE__INFO__coll__graph.pdf, id=3059
7, 212.795pt x 167.62625pt>
File: structmavlink_1_1common_1_1msg_1_1UAVCAN__NODE__INFO__coll__graph.pdf Gra
phic file (type pdf)
<use structmavlink_1_1common_1_1msg_1_1UAVCAN__NODE__INFO__coll__graph.pdf>
Package pdftex.def Info: structmavlink_1_1common_1_1msg_1_1UAVCAN__NODE__INFO__
coll__graph.pdf  used on input line 27.
(pdftex.def)             Requested size: 212.0pt x 167.0094pt.
 [715] [716]) (./structmavlink_1_1common_1_1msg_1_1UAVCAN__NODE__STATUS.tex <./
structmavlink_1_1common_1_1msg_1_1UAVCAN__NODE__STATUS__inherit__graph.pdf

pdfTeX warning: pdflatex (file ./structmavlink_1_1common_1_1msg_1_1UAVCAN__NODE
__STATUS__inherit__graph.pdf): PDF inclusion: multiple pdfs with page group inc
luded in a single page
>
<structmavlink_1_1common_1_1msg_1_1UAVCAN__NODE__STATUS__inherit__graph.pdf, id
=30655, 220.825pt x 167.62625pt>
File: structmavlink_1_1common_1_1msg_1_1UAVCAN__NODE__STATUS__inherit__graph.pd
f Graphic file (type pdf)
<use structmavlink_1_1common_1_1msg_1_1UAVCAN__NODE__STATUS__inherit__graph.pdf
>
Package pdftex.def Info: structmavlink_1_1common_1_1msg_1_1UAVCAN__NODE__STATUS
__inherit__graph.pdf  used on input line 18.
(pdftex.def)             Requested size: 220.0pt x 167.00684pt.
 [717] <./structmavlink_1_1common_1_1msg_1_1UAVCAN__NODE__STATUS__coll__graph.p
df

pdfTeX warning: pdflatex (file ./structmavlink_1_1common_1_1msg_1_1UAVCAN__NODE
__STATUS__coll__graph.pdf): PDF inclusion: multiple pdfs with page group includ
ed in a single page
>
<structmavlink_1_1common_1_1msg_1_1UAVCAN__NODE__STATUS__coll__graph.pdf, id=30
669, 220.825pt x 167.62625pt>
File: structmavlink_1_1common_1_1msg_1_1UAVCAN__NODE__STATUS__coll__graph.pdf G
raphic file (type pdf)
<use structmavlink_1_1common_1_1msg_1_1UAVCAN__NODE__STATUS__coll__graph.pdf>
Package pdftex.def Info: structmavlink_1_1common_1_1msg_1_1UAVCAN__NODE__STATUS
__coll__graph.pdf  used on input line 27.
(pdftex.def)             Requested size: 220.0pt x 167.00684pt.
 [718] [719] [720]) (./structmavlink_1_1impl_1_1UintBuffer.tex

Package hyperref Warning: Token not allowed in a PDF string (Unicode):
(hyperref)                removing `math shift' on input line 1.


Package hyperref Warning: Token not allowed in a PDF string (Unicode):
(hyperref)                removing `math shift' on input line 1.


Package hyperref Warning: Token not allowed in a PDF string (Unicode):
(hyperref)                removing `math shift' on input line 1.


Package hyperref Warning: Token not allowed in a PDF string (Unicode):
(hyperref)                removing `math shift' on input line 1.

) (./structmavlink_1_1impl_1_1UintBufferHelper.tex

Package hyperref Warning: Token not allowed in a PDF string (Unicode):
(hyperref)                removing `math shift' on input line 1.


Package hyperref Warning: Token not allowed in a PDF string (Unicode):
(hyperref)                removing `math shift' on input line 1.


Package hyperref Warning: Token not allowed in a PDF string (Unicode):
(hyperref)                removing `math shift' on input line 1.


Package hyperref Warning: Token not allowed in a PDF string (Unicode):
(hyperref)                removing `math shift' on input line 1.

) (./structmavlink_1_1impl_1_1UintBufferHelper_3_011_01_4.tex

Package hyperref Warning: Token not allowed in a PDF string (Unicode):
(hyperref)                removing `math shift' on input line 1.


Package hyperref Warning: Token not allowed in a PDF string (Unicode):
(hyperref)                removing `math shift' on input line 1.


Package hyperref Warning: Token not allowed in a PDF string (Unicode):
(hyperref)                removing `math shift' on input line 1.


Package hyperref Warning: Token not allowed in a PDF string (Unicode):
(hyperref)                removing `math shift' on input line 1.

) (./structmavlink_1_1impl_1_1UintBufferHelper_3_012_01_4.tex

Package hyperref Warning: Token not allowed in a PDF string (Unicode):
(hyperref)                removing `math shift' on input line 1.


Package hyperref Warning: Token not allowed in a PDF string (Unicode):
(hyperref)                removing `math shift' on input line 1.


Package hyperref Warning: Token not allowed in a PDF string (Unicode):
(hyperref)                removing `math shift' on input line 1.


Package hyperref Warning: Token not allowed in a PDF string (Unicode):
(hyperref)                removing `math shift' on input line 1.

) (./structmavlink_1_1impl_1_1UintBufferHelper_3_014_01_4.tex

Package hyperref Warning: Token not allowed in a PDF string (Unicode):
(hyperref)                removing `math shift' on input line 1.


Package hyperref Warning: Token not allowed in a PDF string (Unicode):
(hyperref)                removing `math shift' on input line 1.


Package hyperref Warning: Token not allowed in a PDF string (Unicode):
(hyperref)                removing `math shift' on input line 1.


Package hyperref Warning: Token not allowed in a PDF string (Unicode):
(hyperref)                removing `math shift' on input line 1.

) (./structmavlink_1_1impl_1_1UintBufferHelper_3_018_01_4.tex

Package hyperref Warning: Token not allowed in a PDF string (Unicode):
(hyperref)                removing `math shift' on input line 1.


Package hyperref Warning: Token not allowed in a PDF string (Unicode):
(hyperref)                removing `math shift' on input line 1.


Package hyperref Warning: Token not allowed in a PDF string (Unicode):
(hyperref)                removing `math shift' on input line 1.


Package hyperref Warning: Token not allowed in a PDF string (Unicode):
(hyperref)                removing `math shift' on input line 1.

[721]) (./structmavlink_1_1common_1_1msg_1_1UTM__GLOBAL__POSITION.tex <./struct
mavlink_1_1common_1_1msg_1_1UTM__GLOBAL__POSITION__inherit__graph.pdf

pdfTeX warning: pdflatex (file ./structmavlink_1_1common_1_1msg_1_1UTM__GLOBAL_
_POSITION__inherit__graph.pdf): PDF inclusion: multiple pdfs with page group in
cluded in a single page
>
<structmavlink_1_1common_1_1msg_1_1UTM__GLOBAL__POSITION__inherit__graph.pdf, i
d=30741, 221.82875pt x 167.62625pt>
File: structmavlink_1_1common_1_1msg_1_1UTM__GLOBAL__POSITION__inherit__graph.p
df Graphic file (type pdf)
<use structmavlink_1_1common_1_1msg_1_1UTM__GLOBAL__POSITION__inherit__graph.pd
f>
Package pdftex.def Info: structmavlink_1_1common_1_1msg_1_1UTM__GLOBAL__POSITIO
N__inherit__graph.pdf  used on input line 18.
(pdftex.def)             Requested size: 221.0pt x 166.99916pt.
 <./structmavlink_1_1common_1_1msg_1_1UTM__GLOBAL__POSITION__coll__graph.pdf

pdfTeX warning: pdflatex (file ./structmavlink_1_1common_1_1msg_1_1UTM__GLOBAL_
_POSITION__coll__graph.pdf): PDF inclusion: multiple pdfs with page group inclu
ded in a single page
>
<structmavlink_1_1common_1_1msg_1_1UTM__GLOBAL__POSITION__coll__graph.pdf, id=3
0749, 221.82875pt x 167.62625pt>
File: structmavlink_1_1common_1_1msg_1_1UTM__GLOBAL__POSITION__coll__graph.pdf 
Graphic file (type pdf)
<use structmavlink_1_1common_1_1msg_1_1UTM__GLOBAL__POSITION__coll__graph.pdf>
Package pdftex.def Info: structmavlink_1_1common_1_1msg_1_1UTM__GLOBAL__POSITIO
N__coll__graph.pdf  used on input line 27.
(pdftex.def)             Requested size: 221.0pt x 166.99916pt.
 [722] [723] [724]) (./structmavlink_1_1common_1_1msg_1_1V2__EXTENSION.tex <./s
tructmavlink_1_1common_1_1msg_1_1V2__EXTENSION__inherit__graph.pdf

pdfTeX warning: pdflatex (file ./structmavlink_1_1common_1_1msg_1_1V2__EXTENSIO
N__inherit__graph.pdf): PDF inclusion: multiple pdfs with page group included i
n a single page
>
<structmavlink_1_1common_1_1msg_1_1V2__EXTENSION__inherit__graph.pdf, id=30822,
 212.795pt x 167.62625pt>
File: structmavlink_1_1common_1_1msg_1_1V2__EXTENSION__inherit__graph.pdf Graph
ic file (type pdf)
<use structmavlink_1_1common_1_1msg_1_1V2__EXTENSION__inherit__graph.pdf>
Package pdftex.def Info: structmavlink_1_1common_1_1msg_1_1V2__EXTENSION__inher
it__graph.pdf  used on input line 18.
(pdftex.def)             Requested size: 212.0pt x 167.0094pt.
 <./structmavlink_1_1common_1_1msg_1_1V2__EXTENSION__coll__graph.pdf

pdfTeX warning: pdflatex (file ./structmavlink_1_1common_1_1msg_1_1V2__EXTENSIO
N__coll__graph.pdf): PDF inclusion: multiple pdfs with page group included in a
 single page
>
<structmavlink_1_1common_1_1msg_1_1V2__EXTENSION__coll__graph.pdf, id=30830, 21
2.795pt x 167.62625pt>
File: structmavlink_1_1common_1_1msg_1_1V2__EXTENSION__coll__graph.pdf Graphic 
file (type pdf)
<use structmavlink_1_1common_1_1msg_1_1V2__EXTENSION__coll__graph.pdf>
Package pdftex.def Info: structmavlink_1_1common_1_1msg_1_1V2__EXTENSION__coll_
_graph.pdf  used on input line 27.
(pdftex.def)             Requested size: 212.0pt x 167.0094pt.
 [725] [726]) (./structmavlink_1_1common_1_1msg_1_1VFR__HUD.tex <./structmavlin
k_1_1common_1_1msg_1_1VFR__HUD__inherit__graph.pdf

pdfTeX warning: pdflatex (file ./structmavlink_1_1common_1_1msg_1_1VFR__HUD__in
herit__graph.pdf): PDF inclusion: multiple pdfs with page group included in a s
ingle page
>
<structmavlink_1_1common_1_1msg_1_1VFR__HUD__inherit__graph.pdf, id=30881, 212.
795pt x 167.62625pt>
File: structmavlink_1_1common_1_1msg_1_1VFR__HUD__inherit__graph.pdf Graphic fi
le (type pdf)
<use structmavlink_1_1common_1_1msg_1_1VFR__HUD__inherit__graph.pdf>
Package pdftex.def Info: structmavlink_1_1common_1_1msg_1_1VFR__HUD__inherit__g
raph.pdf  used on input line 18.
(pdftex.def)             Requested size: 212.0pt x 167.0094pt.
 [727] <./structmavlink_1_1common_1_1msg_1_1VFR__HUD__coll__graph.pdf

pdfTeX warning: pdflatex (file ./structmavlink_1_1common_1_1msg_1_1VFR__HUD__co
ll__graph.pdf): PDF inclusion: multiple pdfs with page group included in a sing
le page
>
<structmavlink_1_1common_1_1msg_1_1VFR__HUD__coll__graph.pdf, id=30896, 212.795
pt x 167.62625pt>
File: structmavlink_1_1common_1_1msg_1_1VFR__HUD__coll__graph.pdf Graphic file 
(type pdf)
<use structmavlink_1_1common_1_1msg_1_1VFR__HUD__coll__graph.pdf>
Package pdftex.def Info: structmavlink_1_1common_1_1msg_1_1VFR__HUD__coll__grap
h.pdf  used on input line 27.
(pdftex.def)             Requested size: 212.0pt x 167.0094pt.
 [728] [729]) (./structmavlink_1_1common_1_1msg_1_1VIBRATION.tex <./structmavli
nk_1_1common_1_1msg_1_1VIBRATION__inherit__graph.pdf

pdfTeX warning: pdflatex (file ./structmavlink_1_1common_1_1msg_1_1VIBRATION__i
nherit__graph.pdf): PDF inclusion: multiple pdfs with page group included in a 
single page
>
<structmavlink_1_1common_1_1msg_1_1VIBRATION__inherit__graph.pdf, id=30948, 212
.795pt x 167.62625pt>
File: structmavlink_1_1common_1_1msg_1_1VIBRATION__inherit__graph.pdf Graphic f
ile (type pdf)
<use structmavlink_1_1common_1_1msg_1_1VIBRATION__inherit__graph.pdf>
Package pdftex.def Info: structmavlink_1_1common_1_1msg_1_1VIBRATION__inherit__
graph.pdf  used on input line 18.
(pdftex.def)             Requested size: 212.0pt x 167.0094pt.
 <./structmavlink_1_1common_1_1msg_1_1VIBRATION__coll__graph.pdf

pdfTeX warning: pdflatex (file ./structmavlink_1_1common_1_1msg_1_1VIBRATION__c
oll__graph.pdf): PDF inclusion: multiple pdfs with page group included in a sin
gle page
>
<structmavlink_1_1common_1_1msg_1_1VIBRATION__coll__graph.pdf, id=30956, 212.79
5pt x 167.62625pt>
File: structmavlink_1_1common_1_1msg_1_1VIBRATION__coll__graph.pdf Graphic file
 (type pdf)
<use structmavlink_1_1common_1_1msg_1_1VIBRATION__coll__graph.pdf>
Package pdftex.def Info: structmavlink_1_1common_1_1msg_1_1VIBRATION__coll__gra
ph.pdf  used on input line 27.
(pdftex.def)             Requested size: 212.0pt x 167.0094pt.
 [730] [731])
(./structmavlink_1_1common_1_1msg_1_1VICON__POSITION__ESTIMATE.tex <./structmav
link_1_1common_1_1msg_1_1VICON__POSITION__ESTIMATE__inherit__graph.pdf

pdfTeX warning: pdflatex (file ./structmavlink_1_1common_1_1msg_1_1VICON__POSIT
ION__ESTIMATE__inherit__graph.pdf): PDF inclusion: multiple pdfs with page grou
p included in a single page
>
<structmavlink_1_1common_1_1msg_1_1VICON__POSITION__ESTIMATE__inherit__graph.pd
f, id=31008, 239.89626pt x 167.62625pt>
File: structmavlink_1_1common_1_1msg_1_1VICON__POSITION__ESTIMATE__inherit__gra
ph.pdf Graphic file (type pdf)
<use structmavlink_1_1common_1_1msg_1_1VICON__POSITION__ESTIMATE__inherit__grap
h.pdf>
Package pdftex.def Info: structmavlink_1_1common_1_1msg_1_1VICON__POSITION__EST
IMATE__inherit__graph.pdf  used on input line 18.
(pdftex.def)             Requested size: 239.0pt x 167.00172pt.
 [732] <./structmavlink_1_1common_1_1msg_1_1VICON__POSITION__ESTIMATE__coll__gr
aph.pdf

pdfTeX warning: pdflatex (file ./structmavlink_1_1common_1_1msg_1_1VICON__POSIT
ION__ESTIMATE__coll__graph.pdf): PDF inclusion: multiple pdfs with page group i
ncluded in a single page
>
<structmavlink_1_1common_1_1msg_1_1VICON__POSITION__ESTIMATE__coll__graph.pdf, 
id=31023, 239.89626pt x 167.62625pt>
File: structmavlink_1_1common_1_1msg_1_1VICON__POSITION__ESTIMATE__coll__graph.
pdf Graphic file (type pdf)
<use structmavlink_1_1common_1_1msg_1_1VICON__POSITION__ESTIMATE__coll__graph.p
df>
Package pdftex.def Info: structmavlink_1_1common_1_1msg_1_1VICON__POSITION__EST
IMATE__coll__graph.pdf  used on input line 27.
(pdftex.def)             Requested size: 239.0pt x 167.00172pt.
 [733] [734])
(./structmavlink_1_1common_1_1msg_1_1VIDEO__STREAM__INFORMATION.tex <./structma
vlink_1_1common_1_1msg_1_1VIDEO__STREAM__INFORMATION__inherit__graph.pdf

pdfTeX warning: pdflatex (file ./structmavlink_1_1common_1_1msg_1_1VIDEO__STREA
M__INFORMATION__inherit__graph.pdf): PDF inclusion: multiple pdfs with page gro
up included in a single page
>
<structmavlink_1_1common_1_1msg_1_1VIDEO__STREAM__INFORMATION__inherit__graph.p
df, id=31077, 254.9525pt x 167.62625pt>
File: structmavlink_1_1common_1_1msg_1_1VIDEO__STREAM__INFORMATION__inherit__gr
aph.pdf Graphic file (type pdf)
<use structmavlink_1_1common_1_1msg_1_1VIDEO__STREAM__INFORMATION__inherit__gra
ph.pdf>
Package pdftex.def Info: structmavlink_1_1common_1_1msg_1_1VIDEO__STREAM__INFOR
MATION__inherit__graph.pdf  used on input line 18.
(pdftex.def)             Requested size: 254.0pt x 167.00684pt.
 <./structmavlink_1_1common_1_1msg_1_1VIDEO__STREAM__INFORMATION__coll__graph.p
df

pdfTeX warning: pdflatex (file ./structmavlink_1_1common_1_1msg_1_1VIDEO__STREA
M__INFORMATION__coll__graph.pdf): PDF inclusion: multiple pdfs with page group 
included in a single page
>
<structmavlink_1_1common_1_1msg_1_1VIDEO__STREAM__INFORMATION__coll__graph.pdf,
 id=31085, 254.9525pt x 167.62625pt>
File: structmavlink_1_1common_1_1msg_1_1VIDEO__STREAM__INFORMATION__coll__graph
.pdf Graphic file (type pdf)
<use structmavlink_1_1common_1_1msg_1_1VIDEO__STREAM__INFORMATION__coll__graph.
pdf>
Package pdftex.def Info: structmavlink_1_1common_1_1msg_1_1VIDEO__STREAM__INFOR
MATION__coll__graph.pdf  used on input line 27.
(pdftex.def)             Requested size: 254.0pt x 167.00684pt.
 [735] [736] [737])
(./structmavlink_1_1common_1_1msg_1_1VIDEO__STREAM__STATUS.tex <./structmavlink
_1_1common_1_1msg_1_1VIDEO__STREAM__STATUS__inherit__graph.pdf

pdfTeX warning: pdflatex (file ./structmavlink_1_1common_1_1msg_1_1VIDEO__STREA
M__STATUS__inherit__graph.pdf): PDF inclusion: multiple pdfs with page group in
cluded in a single page
>
<structmavlink_1_1common_1_1msg_1_1VIDEO__STREAM__STATUS__inherit__graph.pdf, i
d=31151, 221.82875pt x 167.62625pt>
File: structmavlink_1_1common_1_1msg_1_1VIDEO__STREAM__STATUS__inherit__graph.p
df Graphic file (type pdf)
<use structmavlink_1_1common_1_1msg_1_1VIDEO__STREAM__STATUS__inherit__graph.pd
f>
Package pdftex.def Info: structmavlink_1_1common_1_1msg_1_1VIDEO__STREAM__STATU
S__inherit__graph.pdf  used on input line 18.
(pdftex.def)             Requested size: 221.0pt x 166.99916pt.
 <./structmavlink_1_1common_1_1msg_1_1VIDEO__STREAM__STATUS__coll__graph.pdf

pdfTeX warning: pdflatex (file ./structmavlink_1_1common_1_1msg_1_1VIDEO__STREA
M__STATUS__coll__graph.pdf): PDF inclusion: multiple pdfs with page group inclu
ded in a single page
>
<structmavlink_1_1common_1_1msg_1_1VIDEO__STREAM__STATUS__coll__graph.pdf, id=3
1159, 221.82875pt x 167.62625pt>
File: structmavlink_1_1common_1_1msg_1_1VIDEO__STREAM__STATUS__coll__graph.pdf 
Graphic file (type pdf)
<use structmavlink_1_1common_1_1msg_1_1VIDEO__STREAM__STATUS__coll__graph.pdf>
Package pdftex.def Info: structmavlink_1_1common_1_1msg_1_1VIDEO__STREAM__STATU
S__coll__graph.pdf  used on input line 27.
(pdftex.def)             Requested size: 221.0pt x 166.99916pt.
 [738] [739])
(./structmavlink_1_1common_1_1msg_1_1VISION__POSITION__ESTIMATE.tex <./structma
vlink_1_1common_1_1msg_1_1VISION__POSITION__ESTIMATE__inherit__graph.pdf

pdfTeX warning: pdflatex (file ./structmavlink_1_1common_1_1msg_1_1VISION__POSI
TION__ESTIMATE__inherit__graph.pdf): PDF inclusion: multiple pdfs with page gro
up included in a single page
>
<structmavlink_1_1common_1_1msg_1_1VISION__POSITION__ESTIMATE__inherit__graph.p
df, id=31214, 241.90375pt x 167.62625pt>
File: structmavlink_1_1common_1_1msg_1_1VISION__POSITION__ESTIMATE__inherit__gr
aph.pdf Graphic file (type pdf)
<use structmavlink_1_1common_1_1msg_1_1VISION__POSITION__ESTIMATE__inherit__gra
ph.pdf>
Package pdftex.def Info: structmavlink_1_1common_1_1msg_1_1VISION__POSITION__ES
TIMATE__inherit__graph.pdf  used on input line 18.
(pdftex.def)             Requested size: 241.0pt x 167.00684pt.
 [740] <./structmavlink_1_1common_1_1msg_1_1VISION__POSITION__ESTIMATE__coll__g
raph.pdf

pdfTeX warning: pdflatex (file ./structmavlink_1_1common_1_1msg_1_1VISION__POSI
TION__ESTIMATE__coll__graph.pdf): PDF inclusion: multiple pdfs with page group 
included in a single page
>
<structmavlink_1_1common_1_1msg_1_1VISION__POSITION__ESTIMATE__coll__graph.pdf,
 id=31229, 241.90375pt x 167.62625pt>
File: structmavlink_1_1common_1_1msg_1_1VISION__POSITION__ESTIMATE__coll__graph
.pdf Graphic file (type pdf)
<use structmavlink_1_1common_1_1msg_1_1VISION__POSITION__ESTIMATE__coll__graph.
pdf>
Package pdftex.def Info: structmavlink_1_1common_1_1msg_1_1VISION__POSITION__ES
TIMATE__coll__graph.pdf  used on input line 27.
(pdftex.def)             Requested size: 241.0pt x 167.00684pt.
 [741] [742]) (./structmavlink_1_1common_1_1msg_1_1VISION__SPEED__ESTIMATE.tex 
<./structmavlink_1_1common_1_1msg_1_1VISION__SPEED__ESTIMATE__inherit__graph.pd
f

pdfTeX warning: pdflatex (file ./structmavlink_1_1common_1_1msg_1_1VISION__SPEE
D__ESTIMATE__inherit__graph.pdf): PDF inclusion: multiple pdfs with page group 
included in a single page
>
<structmavlink_1_1common_1_1msg_1_1VISION__SPEED__ESTIMATE__inherit__graph.pdf,
 id=31283, 226.8475pt x 167.62625pt>
File: structmavlink_1_1common_1_1msg_1_1VISION__SPEED__ESTIMATE__inherit__graph
.pdf Graphic file (type pdf)
<use structmavlink_1_1common_1_1msg_1_1VISION__SPEED__ESTIMATE__inherit__graph.
pdf>
Package pdftex.def Info: structmavlink_1_1common_1_1msg_1_1VISION__SPEED__ESTIM
ATE__inherit__graph.pdf  used on input line 18.
(pdftex.def)             Requested size: 226.0pt x 167.00172pt.
 <./structmavlink_1_1common_1_1msg_1_1VISION__SPEED__ESTIMATE__coll__graph.pdf

pdfTeX warning: pdflatex (file ./structmavlink_1_1common_1_1msg_1_1VISION__SPEE
D__ESTIMATE__coll__graph.pdf): PDF inclusion: multiple pdfs with page group inc
luded in a single page
>
<structmavlink_1_1common_1_1msg_1_1VISION__SPEED__ESTIMATE__coll__graph.pdf, id
=31291, 226.8475pt x 167.62625pt>
File: structmavlink_1_1common_1_1msg_1_1VISION__SPEED__ESTIMATE__coll__graph.pd
f Graphic file (type pdf)
<use structmavlink_1_1common_1_1msg_1_1VISION__SPEED__ESTIMATE__coll__graph.pdf
>
Package pdftex.def Info: structmavlink_1_1common_1_1msg_1_1VISION__SPEED__ESTIM
ATE__coll__graph.pdf  used on input line 27.
(pdftex.def)             Requested size: 226.0pt x 167.00172pt.
 [743] [744]) (./structmavlink_1_1common_1_1msg_1_1WHEEL__DISTANCE.tex
[745] <./structmavlink_1_1common_1_1msg_1_1WHEEL__DISTANCE__inherit__graph.pdf

pdfTeX warning: pdflatex (file ./structmavlink_1_1common_1_1msg_1_1WHEEL__DISTA
NCE__inherit__graph.pdf): PDF inclusion: multiple pdfs with page group included
 in a single page
>
<structmavlink_1_1common_1_1msg_1_1WHEEL__DISTANCE__inherit__graph.pdf, id=3135
1, 212.795pt x 167.62625pt>
File: structmavlink_1_1common_1_1msg_1_1WHEEL__DISTANCE__inherit__graph.pdf Gra
phic file (type pdf)
<use structmavlink_1_1common_1_1msg_1_1WHEEL__DISTANCE__inherit__graph.pdf>
Package pdftex.def Info: structmavlink_1_1common_1_1msg_1_1WHEEL__DISTANCE__inh
erit__graph.pdf  used on input line 18.
(pdftex.def)             Requested size: 212.0pt x 167.0094pt.
 <./structmavlink_1_1common_1_1msg_1_1WHEEL__DISTANCE__coll__graph.pdf

pdfTeX warning: pdflatex (file ./structmavlink_1_1common_1_1msg_1_1WHEEL__DISTA
NCE__coll__graph.pdf): PDF inclusion: multiple pdfs with page group included in
 a single page
>
<structmavlink_1_1common_1_1msg_1_1WHEEL__DISTANCE__coll__graph.pdf, id=31359, 
212.795pt x 167.62625pt>
File: structmavlink_1_1common_1_1msg_1_1WHEEL__DISTANCE__coll__graph.pdf Graphi
c file (type pdf)
<use structmavlink_1_1common_1_1msg_1_1WHEEL__DISTANCE__coll__graph.pdf>
Package pdftex.def Info: structmavlink_1_1common_1_1msg_1_1WHEEL__DISTANCE__col
l__graph.pdf  used on input line 27.
(pdftex.def)             Requested size: 212.0pt x 167.0094pt.
 [746] [747]) (./structmavlink_1_1common_1_1msg_1_1WIFI__CONFIG__AP.tex <./stru
ctmavlink_1_1common_1_1msg_1_1WIFI__CONFIG__AP__inherit__graph.pdf

pdfTeX warning: pdflatex (file ./structmavlink_1_1common_1_1msg_1_1WIFI__CONFIG
__AP__inherit__graph.pdf): PDF inclusion: multiple pdfs with page group include
d in a single page
>
<structmavlink_1_1common_1_1msg_1_1WIFI__CONFIG__AP__inherit__graph.pdf, id=314
07, 212.795pt x 167.62625pt>
File: structmavlink_1_1common_1_1msg_1_1WIFI__CONFIG__AP__inherit__graph.pdf Gr
aphic file (type pdf)
<use structmavlink_1_1common_1_1msg_1_1WIFI__CONFIG__AP__inherit__graph.pdf>
Package pdftex.def Info: structmavlink_1_1common_1_1msg_1_1WIFI__CONFIG__AP__in
herit__graph.pdf  used on input line 18.
(pdftex.def)             Requested size: 212.0pt x 167.0094pt.
 <./structmavlink_1_1common_1_1msg_1_1WIFI__CONFIG__AP__coll__graph.pdf

pdfTeX warning: pdflatex (file ./structmavlink_1_1common_1_1msg_1_1WIFI__CONFIG
__AP__coll__graph.pdf): PDF inclusion: multiple pdfs with page group included i
n a single page
>
<structmavlink_1_1common_1_1msg_1_1WIFI__CONFIG__AP__coll__graph.pdf, id=31415,
 212.795pt x 167.62625pt>
File: structmavlink_1_1common_1_1msg_1_1WIFI__CONFIG__AP__coll__graph.pdf Graph
ic file (type pdf)
<use structmavlink_1_1common_1_1msg_1_1WIFI__CONFIG__AP__coll__graph.pdf>
Package pdftex.def Info: structmavlink_1_1common_1_1msg_1_1WIFI__CONFIG__AP__co
ll__graph.pdf  used on input line 27.
(pdftex.def)             Requested size: 212.0pt x 167.0094pt.
 [748] [749]) (./structmavlink_1_1common_1_1msg_1_1WINCH__STATUS.tex <./structm
avlink_1_1common_1_1msg_1_1WINCH__STATUS__inherit__graph.pdf

pdfTeX warning: pdflatex (file ./structmavlink_1_1common_1_1msg_1_1WINCH__STATU
S__inherit__graph.pdf): PDF inclusion: multiple pdfs with page group included i
n a single page
>
<structmavlink_1_1common_1_1msg_1_1WINCH__STATUS__inherit__graph.pdf, id=31465,
 212.795pt x 167.62625pt>
File: structmavlink_1_1common_1_1msg_1_1WINCH__STATUS__inherit__graph.pdf Graph
ic file (type pdf)
<use structmavlink_1_1common_1_1msg_1_1WINCH__STATUS__inherit__graph.pdf>
Package pdftex.def Info: structmavlink_1_1common_1_1msg_1_1WINCH__STATUS__inher
it__graph.pdf  used on input line 18.
(pdftex.def)             Requested size: 212.0pt x 167.0094pt.
 [750] <./structmavlink_1_1common_1_1msg_1_1WINCH__STATUS__coll__graph.pdf

pdfTeX warning: pdflatex (file ./structmavlink_1_1common_1_1msg_1_1WINCH__STATU
S__coll__graph.pdf): PDF inclusion: multiple pdfs with page group included in a
 single page
>
<structmavlink_1_1common_1_1msg_1_1WINCH__STATUS__coll__graph.pdf, id=31479, 21
2.795pt x 167.62625pt>
File: structmavlink_1_1common_1_1msg_1_1WINCH__STATUS__coll__graph.pdf Graphic 
file (type pdf)
<use structmavlink_1_1common_1_1msg_1_1WINCH__STATUS__coll__graph.pdf>
Package pdftex.def Info: structmavlink_1_1common_1_1msg_1_1WINCH__STATUS__coll_
_graph.pdf  used on input line 27.
(pdftex.def)             Requested size: 212.0pt x 167.0094pt.
 [751] [752]) (./structmavlink_1_1common_1_1msg_1_1WIND__COV.tex <./structmavli
nk_1_1common_1_1msg_1_1WIND__COV__inherit__graph.pdf

pdfTeX warning: pdflatex (file ./structmavlink_1_1common_1_1msg_1_1WIND__COV__i
nherit__graph.pdf): PDF inclusion: multiple pdfs with page group included in a 
single page
>
<structmavlink_1_1common_1_1msg_1_1WIND__COV__inherit__graph.pdf, id=31534, 212
.795pt x 167.62625pt>
File: structmavlink_1_1common_1_1msg_1_1WIND__COV__inherit__graph.pdf Graphic f
ile (type pdf)
<use structmavlink_1_1common_1_1msg_1_1WIND__COV__inherit__graph.pdf>
Package pdftex.def Info: structmavlink_1_1common_1_1msg_1_1WIND__COV__inherit__
graph.pdf  used on input line 18.
(pdftex.def)             Requested size: 212.0pt x 167.0094pt.
 <./structmavlink_1_1common_1_1msg_1_1WIND__COV__coll__graph.pdf

pdfTeX warning: pdflatex (file ./structmavlink_1_1common_1_1msg_1_1WIND__COV__c
oll__graph.pdf): PDF inclusion: multiple pdfs with page group included in a sin
gle page
>
<structmavlink_1_1common_1_1msg_1_1WIND__COV__coll__graph.pdf, id=31542, 212.79
5pt x 167.62625pt>
File: structmavlink_1_1common_1_1msg_1_1WIND__COV__coll__graph.pdf Graphic file
 (type pdf)
<use structmavlink_1_1common_1_1msg_1_1WIND__COV__coll__graph.pdf>
Package pdftex.def Info: structmavlink_1_1common_1_1msg_1_1WIND__COV__coll__gra
ph.pdf  used on input line 27.
(pdftex.def)             Requested size: 212.0pt x 167.0094pt.
 [753] [754]) [755] [756

]
Chapter 6.
(./displayHandler_8cpp.tex <./displayHandler_8cpp__incl.pdf

pdfTeX warning: pdflatex (file ./displayHandler_8cpp__incl.pdf): PDF inclusion:
 multiple pdfs with page group included in a single page
>
<displayHandler_8cpp__incl.pdf, id=31605, 6235.295pt x 403.5075pt>
File: displayHandler_8cpp__incl.pdf Graphic file (type pdf)
<use displayHandler_8cpp__incl.pdf>
Package pdftex.def Info: displayHandler_8cpp__incl.pdf  used on input line 9.
(pdftex.def)             Requested size: 350.0pt x 22.64551pt.
 [757]
Underfull \hbox (badness 10000) detected at line 71
[][][]
 []


Underfull \hbox (badness 10000) detected at line 74
[][][]
 []


Underfull \hbox (badness 10000) detected at line 77
[][][]
 []

) (./definitions_8h.tex <./definitions_8h__incl.pdf>
<definitions_8h__incl.pdf, id=31656, 207.77625pt x 167.62625pt>
File: definitions_8h__incl.pdf Graphic file (type pdf)
<use definitions_8h__incl.pdf>
Package pdftex.def Info: definitions_8h__incl.pdf  used on input line 9.
(pdftex.def)             Requested size: 207.0pt x 167.00684pt.
 <./definitions_8h__dep__incl.pdf

pdfTeX warning: pdflatex (file ./definitions_8h__dep__incl.pdf): PDF inclusion:
 multiple pdfs with page group included in a single page
>
<definitions_8h__dep__incl.pdf, id=31671, 1201.48875pt x 582.175pt>
File: definitions_8h__dep__incl.pdf Graphic file (type pdf)
<use definitions_8h__dep__incl.pdf>
Package pdftex.def Info: definitions_8h__dep__incl.pdf  used on input line 17.
(pdftex.def)             Requested size: 350.0pt x 169.59038pt.
 [758] [759]
Overfull \hbox (426.07265pt too wide) in paragraph at lines 168--170
[][] \T1/phv/m/n/10 un-signed char const [] []32[] = {0x2d,0x3d,0x67,0xb6,0xa9,
0x92,0x1b,0x1a,0xb0,0x93,0x11,0x73,0xe2,0xda,0x1c,0xee,0x26,0x3,0x53,0x39,0x23,
0xb4,0x58,0x19,0xe4,0xa6,0x9c,0x92,0x5b,0x45,0x96,0x45} 
 []


Underfull \hbox (badness 10000) detected at line 174
[][][]
 []


Underfull \hbox (badness 10000) detected at line 177
[][][]
 []


Underfull \hbox (badness 10000) detected at line 180
[][][]
 []

) (./displayHandler_8hpp.tex <./displayHandler_8hpp__incl.pdf>
<displayHandler_8hpp__incl.pdf, id=31720, 6378.83125pt x 347.2975pt>
File: displayHandler_8hpp__incl.pdf Graphic file (type pdf)
<use displayHandler_8hpp__incl.pdf>
Package pdftex.def Info: displayHandler_8hpp__incl.pdf  used on input line 11.
(pdftex.def)             Requested size: 350.0pt x 19.05107pt.
 [760] <./displayHandler_8hpp__dep__incl.pdf

pdfTeX warning: pdflatex (file ./displayHandler_8hpp__dep__incl.pdf): PDF inclu
sion: multiple pdfs with page group included in a single page
>
<displayHandler_8hpp__dep__incl.pdf, id=31775, 685.56125pt x 447.6725pt>
File: displayHandler_8hpp__dep__incl.pdf Graphic file (type pdf)
<use displayHandler_8hpp__dep__incl.pdf>
Package pdftex.def Info: displayHandler_8hpp__dep__incl.pdf  used on input line
 19.
(pdftex.def)             Requested size: 350.0pt x 228.55586pt.
 [761]
Underfull \hbox (badness 10000) detected at line 68
[][][]
 []


Underfull \hbox (badness 10000) detected at line 71
[][][]
 []


Underfull \hbox (badness 10000) detected at line 74
[][][]
 []

) (./includes_8h.tex <./includes_8h__incl.pdf>
<includes_8h__incl.pdf, id=31818, 5179.35pt x 628.3475pt>
File: includes_8h__incl.pdf Graphic file (type pdf)
<use includes_8h__incl.pdf>
Package pdftex.def Info: includes_8h__incl.pdf  used on input line 17.
(pdftex.def)             Requested size: 350.0pt x 42.45476pt.
 [762]
Underfull \hbox (badness 10000) detected at line 23
[][][]
 []


Underfull \hbox (badness 10000) detected at line 26
[][][]
 []


Underfull \hbox (badness 10000) detected at line 29
[][][]
 []

) (./IOhandler_8hpp.tex <./IOhandler_8hpp__incl.pdf

pdfTeX warning: pdflatex (file ./IOhandler_8hpp__incl.pdf): PDF inclusion: mult
iple pdfs with page group included in a single page
>
<IOhandler_8hpp__incl.pdf, id=31845, 6712.07625pt x 291.0875pt>
File: IOhandler_8hpp__incl.pdf Graphic file (type pdf)
<use IOhandler_8hpp__incl.pdf>
Package pdftex.def Info: IOhandler_8hpp__incl.pdf  used on input line 10.
(pdftex.def)             Requested size: 350.0pt x 15.17705pt.
 <./IOhandler_8hpp__dep__incl.pdf

pdfTeX warning: pdflatex (file ./IOhandler_8hpp__dep__incl.pdf): PDF inclusion:
 multiple pdfs with page group included in a single page
>
<IOhandler_8hpp__dep__incl.pdf, id=31860, 996.72375pt x 514.92375pt>
File: IOhandler_8hpp__dep__incl.pdf Graphic file (type pdf)
<use IOhandler_8hpp__dep__incl.pdf>
Package pdftex.def Info: IOhandler_8hpp__dep__incl.pdf  used on input line 18.
(pdftex.def)             Requested size: 350.0pt x 180.81529pt.
 [763]
Underfull \hbox (badness 10000) detected at line 39
[][][]
 []


Underfull \hbox (badness 10000) detected at line 42
[][][]
 []


Underfull \hbox (badness 10000) detected at line 45
[][][]
 []

[764] [765]) (./common_8h.tex <./common_8h__dep__incl.pdf

pdfTeX warning: pdflatex (file ./common_8h__dep__incl.pdf): PDF inclusion: mult
iple pdfs with page group included in a single page
>
<common_8h__dep__incl.pdf, id=31899, 1122.1925pt x 671.50874pt>
File: common_8h__dep__incl.pdf Graphic file (type pdf)
<use common_8h__dep__incl.pdf>
Package pdftex.def Info: common_8h__dep__incl.pdf  used on input line 245.
(pdftex.def)             Requested size: 350.0pt x 209.43611pt.
 [766] [767] [768] [769] [770] [771]
Underfull \hbox (badness 10000) in paragraph at lines 284--285

 []


Underfull \hbox (badness 10000) in paragraph at lines 288--289

 []

[772]
Underfull \hbox (badness 1769) in paragraph at lines 359--359
[]\T1/phv/m/sl/9 Actions for read-ing/writing pa-ram-e-ters be-tween per-sis-te
nt and volatile stor-age when us-ing MAV[]_[][]CMD[]_[][]
 []

[773]
Underfull \hbox (badness 10000) in paragraph at lines 460--461

 []

[774]
Underfull \hbox (badness 10000) in paragraph at lines 521--522

 []

[775]
Underfull \hbox (badness 10000) in paragraph at lines 557--558

 []


Underfull \hbox (badness 10000) in paragraph at lines 561--562

 []


Underfull \hbox (badness 10000) in paragraph at lines 565--566

 []


Underfull \hbox (badness 10000) in paragraph at lines 569--570

 []


Underfull \hbox (badness 10000) in paragraph at lines 573--574

 []


Underfull \hbox (badness 10000) in paragraph at lines 577--578

 []


Underfull \hbox (badness 10000) in paragraph at lines 581--582

 []


Underfull \hbox (badness 10000) in paragraph at lines 585--586

 []


Underfull \hbox (badness 10000) in paragraph at lines 589--590

 []


Underfull \hbox (badness 10000) in paragraph at lines 593--594

 []


Underfull \hbox (badness 10000) in paragraph at lines 597--598

 []


Underfull \hbox (badness 10000) in paragraph at lines 601--602

 []


Underfull \hbox (badness 10000) in paragraph at lines 605--606

 []


Underfull \hbox (badness 10000) in paragraph at lines 609--610

 []


Underfull \hbox (badness 10000) in paragraph at lines 613--614

 []

[776]
Underfull \hbox (badness 10000) in paragraph at lines 617--618

 []


Underfull \hbox (badness 10000) in paragraph at lines 621--622

 []

LaTeX Font Info:    Font shape `T1/pcr/m/it' in size <9> not available
(Font)              Font shape `T1/pcr/m/sl' tried instead on input line 628.

Underfull \hbox (badness 10000) in paragraph at lines 642--643

 []


Underfull \hbox (badness 10000) in paragraph at lines 649--650

 []


Underfull \hbox (badness 10000) in paragraph at lines 665--666

 []

[777] [778] [779]
Underfull \hbox (badness 1297) in paragraph at lines 1140--1162
\T1/phv/b/n/10 HL[]_[][]FAILURE[]_[][]FLAG[]_[]3[]D[]_[][]GYRO \T1/phv/m/n/10 =
16 , \T1/phv/b/n/10 HL[]_[][]FAILURE[]_[][]FLAG[]_[]3[]D[]_[][]MAG \T1/phv/m/n/
10 =32 , \T1/phv/b/n/10 HL[]_[][]FAILURE[]_[][]FLAG[]_[][]
 []


Underfull \hbox (badness 1603) in paragraph at lines 1140--1162
\T1/phv/b/n/10 HL[]_[][]FAILURE[]_[][]FLAG[]_[][]RC[]_[][]RECEIVER \T1/phv/m/n/
10 =256 , \T1/phv/b/n/10 HL[]_[][]FAILURE[]_[][]FLAG[]_[][]OFFBOARD[]_[][]LINK 
\T1/phv/m/n/10 =512 , \T1/phv/b/n/10 HL[]_[][]
 []

[780]
Underfull \hbox (badness 5741) in paragraph at lines 1190--1235
\T1/phv/b/n/10 MAV[]_[][]SYS[]_[][]STATUS[]_[][]SENSOR[]_[][]RC[]_[][]RECEIVER 
\T1/phv/m/n/10 =65536 , \T1/phv/b/n/10 MAV[]_[][]SYS[]_[][]STATUS[]_[][]SENSOR[
]_[]3[]D[]_[][]GYRO2
 []


Underfull \hbox (badness 1515) in paragraph at lines 1190--1235
\T1/phv/b/n/10 MAV[]_[][]SYS[]_[][]STATUS[]_[][]GEOFENCE \T1/phv/m/n/10 =104857
6 , \T1/phv/b/n/10 MAV[]_[][]SYS[]_[][]STATUS[]_[][]AHRS \T1/phv/m/n/10 =209715
2 , \T1/phv/b/n/10 MAV[]_[][]SYS[]_[][]
 []


Underfull \hbox (badness 7963) in paragraph at lines 1190--1235
\T1/phv/b/n/10 MAV[]_[][]SYS[]_[][]STATUS[]_[][]LOGGING \T1/phv/m/n/10 =1677721
6 , \T1/phv/b/n/10 MAV[]_[][]SYS[]_[][]STATUS[]_[][]SENSOR[]_[][]BATTERY \T1/ph
v/m/n/10 =33554432
 []


Underfull \hbox (badness 4266) in paragraph at lines 1190--1235
\T1/phv/m/n/10 , \T1/phv/b/n/10 MAV[]_[][]SYS[]_[][]STATUS[]_[][]SENSOR[]_[][]P
ROXIMITY \T1/phv/m/n/10 =67108864 , \T1/phv/b/n/10 MAV[]_[][]SYS[]_[][]STATUS[]
_[][]SENSOR[]_[][]SATCOM
 []


Underfull \hbox (badness 2828) in paragraph at lines 1190--1235
\T1/phv/b/n/10 MAV[]_[][]SYS[]_[][]STATUS[]_[][]PREARM[]_[][]CHECK \T1/phv/m/n/
10 =268435456 , \T1/phv/b/n/10 MAV[]_[][]SYS[]_[][]STATUS[]_[][]OBSTACLE[]_[][]
AVOIDANCE
 []


Underfull \hbox (badness 2042) in paragraph at lines 1190--1235
\T1/phv/m/n/10 =536870912 , \T1/phv/b/n/10 MAV[]_[][]SYS[]_[][]STATUS[]_[][]SEN
SOR[]_[][]PROPULSION \T1/phv/m/n/10 =1073741824 , \T1/phv/b/n/10 MAV[]_[][]SYS[
]_[][]STATUS[]_[][]
 []


Underfull \hbox (badness 1117) in paragraph at lines 1235--1240
[][] \T1/phv/m/n/10 enum \T1/phv/b/n/10 MAV[]_[][]SYS[]_[][]STATUS[]_[][]SENSOR
[]_[][]EXTENDED \T1/phv/m/n/10 { \T1/phv/b/n/10 MAV[]_[][]SYS[]_[][]STATUS[]_[]
[]RECOVERY[]_[][]SYSTEM \T1/phv/m/n/10 =1 ,
 []

[781]
Underfull \hbox (badness 4739) in paragraph at lines 1324--1346
\T1/phv/b/n/10 GIMBAL[]_[][]DEVICE[]_[][]CAP[]_[][]FLAGS[]_[][]HAS[]_[][]ROLL[]
_[][]LOCK \T1/phv/m/n/10 =16 , \T1/phv/b/n/10 GIMBAL[]_[][]DEVICE[]_[][]CAP[]_[
][]FLAGS[]_[][]HAS[]_[][]
 []


Underfull \hbox (badness 791) in paragraph at lines 1346--1371
\T1/phv/b/n/10 GIMBAL[]_[][]MANAGER[]_[][]CAP[]_[][]FLAGS[]_[][]HAS[]_[][]RETRA
CT \T1/phv/m/n/10 =1 , \T1/phv/b/n/10 GIMBAL[]_[][]MANAGER[]_[][]CAP[]_[][]FLAG
S[]_[][]HAS[]_[][]
 []


Underfull \hbox (badness 3919) in paragraph at lines 1346--1371
\T1/phv/b/n/10 GIMBAL[]_[][]MANAGER[]_[][]CAP[]_[][]FLAGS[]_[][]HAS[]_[][]ROLL[
]_[][]LOCK \T1/phv/m/n/10 =16 , \T1/phv/b/n/10 GIMBAL[]_[][]MANAGER[]_[][]CAP[]
_[][]FLAGS[]_[][]
 []


Underfull \hbox (badness 1354) in paragraph at lines 1346--1371
\T1/phv/b/n/10 _[][]YAW[]_[][]FOLLOW \T1/phv/m/n/10 =512 , \T1/phv/b/n/10 GIMBA
L[]_[][]MANAGER[]_[][]CAP[]_[][]FLAGS[]_[][]HAS[]_[][]YAW[]_[][]LOCK \T1/phv/m/
n/10 =1024 , \T1/phv/b/n/10 GIMBAL[]_[][]
 []


Underfull \hbox (badness 10000) in paragraph at lines 1346--1371
\T1/phv/b/n/10 GIMBAL[]_[][]MANAGER[]_[][]CAP[]_[][]FLAGS[]_[][]SUPPORTS[]_[][]
YAW[]_[][]IN[]_[][]EARTH[]_[][]FRAME \T1/phv/m/n/10 =4096 , \T1/phv/b/n/10 GIMB
AL[]_[][]
 []


Underfull \hbox (badness 2213) in paragraph at lines 1371--1388
\T1/phv/b/n/10 GIMBAL[]_[][]DEVICE[]_[][]FLAGS[]_[][]RETRACT \T1/phv/m/n/10 =1 
, \T1/phv/b/n/10 GIMBAL[]_[][]DEVICE[]_[][]FLAGS[]_[][]NEUTRAL \T1/phv/m/n/10 =
2 , \T1/phv/b/n/10 GIMBAL[]_[][]
 []


Underfull \hbox (badness 1888) in paragraph at lines 1371--1388
\T1/phv/b/n/10 GIMBAL[]_[][]DEVICE[]_[][]FLAGS[]_[][]YAW[]_[][]LOCK \T1/phv/m/n
/10 =16 , \T1/phv/b/n/10 GIMBAL[]_[][]DEVICE[]_[][]FLAGS[]_[][]YAW[]_[][]IN[]_[
][]VEHICLE[]_[][]FRAME
 []


Underfull \hbox (badness 10000) in paragraph at lines 1371--1388
\T1/phv/m/n/10 =32 , \T1/phv/b/n/10 GIMBAL[]_[][]DEVICE[]_[][]FLAGS[]_[][]YAW[]
_[][]IN[]_[][]EARTH[]_[][]FRAME \T1/phv/m/n/10 =64 , \T1/phv/b/n/10 GIMBAL[]_[]
[]DEVICE[]_[][]FLAGS[]_[][]
 []


Underfull \hbox (badness 5105) in paragraph at lines 1371--1388
\T1/phv/b/n/10 GIMBAL[]_[][]DEVICE[]_[][]FLAGS[]_[][]RC[]_[][]EXCLUSIVE \T1/phv
/m/n/10 =256 , \T1/phv/b/n/10 GIMBAL[]_[][]DEVICE[]_[][]FLAGS[]_[][]RC[]_[][]MI
XED \T1/phv/m/n/10 =512 ,
 []


Underfull \hbox (badness 1122) in paragraph at lines 1388--1405
\T1/phv/b/n/10 GIMBAL[]_[][]MANAGER[]_[][]FLAGS[]_[][]YAW[]_[][]LOCK \T1/phv/m/
n/10 =16 , \T1/phv/b/n/10 GIMBAL[]_[][]MANAGER[]_[][]FLAGS[]_[][]YAW[]_[][]IN[]
_[][]VEHICLE[]_[][]
 []

[782]
Underfull \hbox (badness 2173) in paragraph at lines 1405--1422
\T1/phv/b/n/10 GIMBAL[]_[][]DEVICE[]_[][]ERROR[]_[][]FLAGS[]_[][]AT[]_[][]ROLL[
]_[][]LIMIT \T1/phv/m/n/10 =1 , \T1/phv/b/n/10 GIMBAL[]_[][]DEVICE[]_[][]ERROR[
]_[][]FLAGS[]_[][]AT[]_[][]
 []


Underfull \hbox (badness 10000) in paragraph at lines 1405--1422
\T1/phv/b/n/10 GIMBAL[]_[][]DEVICE[]_[][]ERROR[]_[][]FLAGS[]_[][]POWER[]_[][]ER
ROR \T1/phv/m/n/10 =16 , \T1/phv/b/n/10 GIMBAL[]_[][]DEVICE[]_[][]ERROR[]_[][]F
LAGS[]_[][]
 []


Underfull \hbox (badness 1009) in paragraph at lines 1405--1422
\T1/phv/b/n/10 MOTOR[]_[][]ERROR \T1/phv/m/n/10 =32 , \T1/phv/b/n/10 GIMBAL[]_[
][]DEVICE[]_[][]ERROR[]_[][]FLAGS[]_[][]SOFTWARE[]_[][]ERROR \T1/phv/m/n/10 =64
 , \T1/phv/b/n/10 GIMBAL[]_[][]
 []


Underfull \hbox (badness 3449) in paragraph at lines 1405--1422
\T1/phv/b/n/10 GIMBAL[]_[][]DEVICE[]_[][]ERROR[]_[][]FLAGS[]_[][]CALIBRATION[]_
[][]RUNNING \T1/phv/m/n/10 =256 , \T1/phv/b/n/10 GIMBAL[]_[][]DEVICE[]_[][]ERRO
R[]_[][]
 []


Underfull \hbox (badness 1337) in paragraph at lines 1422--1429
[][] \T1/phv/m/n/10 enum \T1/phv/b/n/10 GRIPPER[]_[][]ACTIONS \T1/phv/m/n/10 { 
\T1/phv/b/n/10 GRIPPER[]_[][]ACTION[]_[][]RELEASE \T1/phv/m/n/10 =0 , \T1/phv/b
/n/10 GRIPPER[]_[][]ACTION[]_[][]GRAB \T1/phv/m/n/10 =1 ,
 []


Underfull \hbox (badness 1226) in paragraph at lines 1446--1456
\T1/phv/b/n/10 UAVCAN[]_[][]NODE[]_[][]HEALTH[]_[][]OK \T1/phv/m/n/10 =0 , \T1/
phv/b/n/10 UAVCAN[]_[][]NODE[]_[][]HEALTH[]_[][]WARNING \T1/phv/m/n/10 =1 , \T1
/phv/b/n/10 UAVCAN[]_[][]NODE[]_[][]
 []


Underfull \hbox (badness 1221) in paragraph at lines 1502--1518
\T1/phv/b/n/10 STORAGE[]_[][]TYPE[]_[][]UNKNOWN \T1/phv/m/n/10 =0 , \T1/phv/b/n
/10 STORAGE[]_[][]TYPE[]_[][]USB[]_[][]STICK \T1/phv/m/n/10 =1 , \T1/phv/b/n/10
 STORAGE[]_[][]TYPE[]_[][]SD \T1/phv/m/n/10 =2 ,
 []


Underfull \hbox (badness 3260) in paragraph at lines 1528--1540
\T1/phv/b/n/10 ORBIT[]_[][]YAW[]_[][]BEHAVIOUR[]_[][]HOLD[]_[][]FRONT[]_[][]TO[
]_[][]CIRCLE[]_[][]CENTER \T1/phv/m/n/10 =0 , \T1/phv/b/n/10 ORBIT[]_[][]YAW[]_
[][]BEHAVIOUR[]
 []


Underfull \hbox (badness 2173) in paragraph at lines 1528--1540
\T1/phv/b/n/10 ORBIT[]_[][]YAW[]_[][]BEHAVIOUR[]_[][]RC[]_[][]CONTROLLED \T1/ph
v/m/n/10 =4 , \T1/phv/b/n/10 ORBIT[]_[][]YAW[]_[][]BEHAVIOUR[]_[][]UNCHANGED \T
1/phv/m/n/10 =5 ,
 []

[783]
Underfull \hbox (badness 1112) in paragraph at lines 1540--1552
\T1/phv/b/n/10 WIFI[]_[][]CONFIG[]_[][]AP[]_[][]RESPONSE[]_[][]UNDEFINED \T1/ph
v/m/n/10 =0 , \T1/phv/b/n/10 WIFI[]_[][]CONFIG[]_[][]AP[]_[][]RESPONSE[]_[][]AC
CEPTED \T1/phv/m/n/10 =1 ,
 []


Underfull \hbox (badness 1783) in paragraph at lines 1540--1552
\T1/phv/b/n/10 WIFI[]_[][]CONFIG[]_[][]AP[]_[][]RESPONSE[]_[][]SSID[]_[][]ERROR
 \T1/phv/m/n/10 =4 , \T1/phv/b/n/10 WIFI[]_[][]CONFIG[]_[][]AP[]_[][]RESPONSE[]
_[][]PASSWORD[]_[][]
 []


Underfull \hbox (badness 6995) in paragraph at lines 1552--1563
\T1/phv/m/n/10 =1 , \T1/phv/b/n/10 CELLULAR[]_[][]CONFIG[]_[][]RESPONSE[]_[][]P
IN[]_[][]ERROR \T1/phv/m/n/10 =2 , \T1/phv/b/n/10 CELLULAR[]_[][]CONFIG[]_[][]R
ESPONSE[]_[][]
 []


Underfull \hbox (badness 1189) in paragraph at lines 1573--1585
\T1/phv/b/n/10 COMP[]_[][]METADATA[]_[][]TYPE[]_[][]GENERAL \T1/phv/m/n/10 =0 ,
 \T1/phv/b/n/10 COMP[]_[][]METADATA[]_[][]TYPE[]_[][]PARAMETER \T1/phv/m/n/10 =
1 , \T1/phv/b/n/10 COMP[]_[][]
 []


Underfull \hbox (badness 3492) in paragraph at lines 1573--1585
\T1/phv/b/n/10 COMP[]_[][]METADATA[]_[][]TYPE[]_[][]EVENTS \T1/phv/m/n/10 =4 , 
\T1/phv/b/n/10 COMP[]_[][]METADATA[]_[][]TYPE[]_[][]ACTUATORS \T1/phv/m/n/10 =5
 , \T1/phv/b/n/10 COMP[]_[][]
 []


Underfull \hbox (badness 10000) in paragraph at lines 1585--1597
\T1/phv/b/n/10 ACTUATOR[]_[][]CONFIGURATION[]_[][]SPIN[]_[][]DIRECTION1 \T1/phv
/m/n/10 =4 , \T1/phv/b/n/10 ACTUATOR[]_[][]CONFIGURATION[]_[][]SPIN[]_[][]
 []


Underfull \hbox (badness 10000) in paragraph at lines 1597--1643
\T1/phv/b/n/10 ACTUATOR[]_[][]OUTPUT[]_[][]FUNCTION[]_[][]NONE \T1/phv/m/n/10 =
0 , \T1/phv/b/n/10 ACTUATOR[]_[][]OUTPUT[]_[][]FUNCTION[]_[][]MOTOR1 \T1/phv/m/
n/10 =1 ,
 []


Underfull \hbox (badness 2393) in paragraph at lines 1597--1643
\T1/phv/b/n/10 ACTUATOR[]_[][]OUTPUT[]_[][]FUNCTION[]_[][]MOTOR4 \T1/phv/m/n/10
 =4 , \T1/phv/b/n/10 ACTUATOR[]_[][]OUTPUT[]_[][]FUNCTION[]_[][]MOTOR5 \T1/phv/
m/n/10 =5 ,
 []


Underfull \hbox (badness 2393) in paragraph at lines 1597--1643
\T1/phv/b/n/10 ACTUATOR[]_[][]OUTPUT[]_[][]FUNCTION[]_[][]MOTOR8 \T1/phv/m/n/10
 =8 , \T1/phv/b/n/10 ACTUATOR[]_[][]OUTPUT[]_[][]FUNCTION[]_[][]MOTOR9 \T1/phv/
m/n/10 =9 ,
 []


Underfull \hbox (badness 1005) in paragraph at lines 1597--1643
\T1/phv/b/n/10 ACTUATOR[]_[][]OUTPUT[]_[][]FUNCTION[]_[][]SERVO4 \T1/phv/m/n/10
 =36 , \T1/phv/b/n/10 ACTUATOR[]_[][]OUTPUT[]_[][]FUNCTION[]_[][]SERVO5 \T1/phv
/m/n/10 =37 ,
 []


Underfull \hbox (badness 1005) in paragraph at lines 1597--1643
\T1/phv/b/n/10 ACTUATOR[]_[][]OUTPUT[]_[][]FUNCTION[]_[][]SERVO8 \T1/phv/m/n/10
 =40 , \T1/phv/b/n/10 ACTUATOR[]_[][]OUTPUT[]_[][]FUNCTION[]_[][]SERVO9 \T1/phv
/m/n/10 =41 ,
 []


Underfull \hbox (badness 804) in paragraph at lines 1661--1668
\T1/phv/b/n/10 _[][]WRITE[]_[][]PERSISTENT \T1/phv/m/n/10 =1 , \T1/phv/b/n/10 M
ISSION[]_[][]RESET[]_[][]DEFAULT \T1/phv/m/n/10 =2 , \T1/phv/b/n/10 PREFLIGHT[]
_[][]STORAGE[]_[][]MISSION[]_[][]
 []

[784]
Underfull \hbox (badness 10000) in paragraph at lines 1679--1685
[][] \T1/phv/m/n/10 enum \T1/phv/b/n/10 REBOOT[]_[][]SHUTDOWN[]_[][]CONDITIONS 
\T1/phv/m/n/10 { \T1/phv/b/n/10 REBOOT[]_[][]SHUTDOWN[]_[][]CONDITIONS[]_[][]SA
FETY[]
 []


Underfull \hbox (badness 6396) in paragraph at lines 1679--1685
\T1/phv/b/n/10 _[][]INTERLOCKED \T1/phv/m/n/10 =0 , \T1/phv/b/n/10 REBOOT[]_[][
]SHUTDOWN[]_[][]CONDITIONS[]_[][]FORCE \T1/phv/m/n/10 =20190226 , \T1/phv/b/n/1
0 REBOOT[]_[][]
 []


Underfull \hbox (badness 2762) in paragraph at lines 1685--1897
\T1/phv/b/n/10 MAV[]_[][]CMD[]_[][]NAV[]_[][]RETURN[]_[][]TO[]_[][]LAUNCH \T1/p
hv/m/n/10 =20 , \T1/phv/b/n/10 MAV[]_[][]CMD[]_[][]NAV[]_[][]LAND \T1/phv/m/n/1
0 =21 , \T1/phv/b/n/10 MAV[]_[][]CMD[]_[][]NAV[]_[][]
 []


Underfull \hbox (badness 4805) in paragraph at lines 1685--1897
\T1/phv/b/n/10 MAV[]_[][]CMD[]_[][]NAV[]_[][]TAKEOFF[]_[][]LOCAL \T1/phv/m/n/10
 =24 , \T1/phv/b/n/10 MAV[]_[][]CMD[]_[][]NAV[]_[][]FOLLOW \T1/phv/m/n/10 =25 ,
 \T1/phv/b/n/10 MAV[]_[][]CMD[]_[][]NAV[]_[][]
 []


Underfull \hbox (badness 2503) in paragraph at lines 1685--1897
\T1/phv/b/n/10 MAV[]_[][]CMD[]_[][]NAV[]_[][]ROI \T1/phv/m/n/10 =80 , \T1/phv/b
/n/10 MAV[]_[][]CMD[]_[][]NAV[]_[][]PATHPLANNING \T1/phv/m/n/10 =81 , \T1/phv/b
/n/10 MAV[]_[][]CMD[]_[][]NAV[]_[][]SPLINE[]_[][]
 []


Underfull \hbox (badness 2680) in paragraph at lines 1685--1897
\T1/phv/b/n/10 MAV[]_[][]CMD[]_[][]NAV[]_[][]LAST \T1/phv/m/n/10 =95 , \T1/phv/
b/n/10 MAV[]_[][]CMD[]_[][]CONDITION[]_[][]DELAY \T1/phv/m/n/10 =112 , \T1/phv/
b/n/10 MAV[]_[][]CMD[]_[][]CONDITION[]_[][]
 []


Underfull \hbox (badness 6300) in paragraph at lines 1685--1897
\T1/phv/b/n/10 MAV[]_[][]CMD[]_[][]DO[]_[][]RALLY[]_[][]LAND \T1/phv/m/n/10 =19
0 , \T1/phv/b/n/10 MAV[]_[][]CMD[]_[][]DO[]_[][]GO[]_[][]AROUND \T1/phv/m/n/10 
=191 , \T1/phv/b/n/10 MAV[]_[][]CMD[]_[][]DO[]_[][]
 []


Underfull \hbox (badness 2426) in paragraph at lines 1685--1897
\T1/phv/b/n/10 MAV[]_[][]CMD[]_[][]DO[]_[][]FENCE[]_[][]ENABLE \T1/phv/m/n/10 =
207 , \T1/phv/b/n/10 MAV[]_[][]CMD[]_[][]DO[]_[][]PARACHUTE \T1/phv/m/n/10 =208
 , \T1/phv/b/n/10 MAV[]_[][]CMD[]_[][]DO[]_[][]
 []


Underfull \hbox (badness 7722) in paragraph at lines 1685--1897
\T1/phv/b/n/10 MAV[]_[][]CMD[]_[][]DO[]_[][]SET[]_[][]MISSION[]_[][]CURRENT \T1
/phv/m/n/10 =224 , \T1/phv/b/n/10 MAV[]_[][]CMD[]_[][]DO[]_[][]LAST \T1/phv/m/n
/10 =240 , \T1/phv/b/n/10 MAV[]_[][]CMD[]_[][]
 []


Underfull \hbox (badness 10000) in paragraph at lines 1685--1897
\T1/phv/b/n/10 MAV[]_[][]CMD[]_[][]REQUEST[]_[][]AUTOPILOT[]_[][]CAPABILITIES \
T1/phv/m/n/10 =520 , \T1/phv/b/n/10 MAV[]_[][]CMD[]_[][]REQUEST[]_[][]CAMERA[]_
[][]
 []


Underfull \hbox (badness 7047) in paragraph at lines 1685--1897
\T1/phv/b/n/10 MAV[]_[][]CMD[]_[][]DO[]_[][]GIMBAL[]_[][]MANAGER[]_[][]CONFIGUR
E \T1/phv/m/n/10 =1001 , \T1/phv/b/n/10 MAV[]_[][]CMD[]_[][]IMAGE[]_[][]START[]
_[][]CAPTURE
 []


Underfull \hbox (badness 1436) in paragraph at lines 1685--1897
\T1/phv/m/n/10 =2000 , \T1/phv/b/n/10 MAV[]_[][]CMD[]_[][]IMAGE[]_[][]STOP[]_[]
[]CAPTURE \T1/phv/m/n/10 =2001 , \T1/phv/b/n/10 MAV[]_[][]CMD[]_[][]REQUEST[]_[
][]CAMERA[]_[][]IMAGE[]_[][]
 []


Underfull \hbox (badness 4995) in paragraph at lines 1685--1897
\T1/phv/b/n/10 MAV[]_[][]CMD[]_[][]REQUEST[]_[][]VIDEO[]_[][]STREAM[]_[][]INFOR
MATION \T1/phv/m/n/10 =2504 , \T1/phv/b/n/10 MAV[]_[][]CMD[]_[][]REQUEST[]_[][]
VIDEO[]_[][]
 []


Underfull \hbox (badness 918) in paragraph at lines 1685--1897
\T1/phv/b/n/10 MAV[]_[][]CMD[]_[][]AIRFRAME[]_[][]CONFIGURATION \T1/phv/m/n/10 
=2520 , \T1/phv/b/n/10 MAV[]_[][]CMD[]_[][]CONTROL[]_[][]HIGH[]_[][]LATENCY \T1
/phv/m/n/10 =2600 ,
 []


Underfull \hbox (badness 10000) in paragraph at lines 1685--1897
\T1/phv/b/n/10 MAV[]_[][]CMD[]_[][]ARM[]_[][]AUTHORIZATION[]_[][]REQUEST \T1/ph
v/m/n/10 =3001 , \T1/phv/b/n/10 MAV[]_[][]CMD[]_[][]SET[]_[][]GUIDED[]_[][]SUBM
ODE[]_[][]
 []


Underfull \hbox (badness 2197) in paragraph at lines 1685--1897
\T1/phv/b/n/10 MAV[]_[][]CMD[]_[][]DO[]_[][]ADSB[]_[][]OUT[]_[][]IDENT \T1/phv/
m/n/10 =10001 , \T1/phv/b/n/10 MAV[]_[][]CMD[]_[][]PAYLOAD[]_[][]PREPARE[]_[][]
DEPLOY \T1/phv/m/n/10 =30001 ,
 []

[785]
Underfull \hbox (badness 832) in paragraph at lines 1924--1941
\T1/phv/b/n/10 MAV[]_[][]PARAM[]_[][]TYPE[]_[][]UINT8 \T1/phv/m/n/10 =1 , \T1/p
hv/b/n/10 MAV[]_[][]PARAM[]_[][]TYPE[]_[][]INT8 \T1/phv/m/n/10 =2 , \T1/phv/b/n
/10 MAV[]_[][]PARAM[]_[][]TYPE[]_[][]UINT16 \T1/phv/m/n/10 =3 ,
 []


Underfull \hbox (badness 2409) in paragraph at lines 1941--1957
\T1/phv/b/n/10 MAV[]_[][]PARAM[]_[][]ERROR[]_[][]NO[]_[][]ERROR \T1/phv/m/n/10 
=0 , \T1/phv/b/n/10 MAV[]_[][]PARAM[]_[][]ERROR[]_[][]DOES[]_[][]NOT[]_[][]EXIS
T \T1/phv/m/n/10 =1 , \T1/phv/b/n/10 MAV[]_[][]
 []


Underfull \hbox (badness 3029) in paragraph at lines 1941--1957
\T1/phv/b/n/10 PARAM[]_[][]ERROR[]_[][]VALUE[]_[][]OUT[]_[][]OF[]_[][]RANGE \T1
/phv/m/n/10 =2 , \T1/phv/b/n/10 MAV[]_[][]PARAM[]_[][]ERROR[]_[][]PERMISSION[]_
[][]DENIED \T1/phv/m/n/10 =3
 []


Underfull \hbox (badness 1983) in paragraph at lines 1941--1957
\T1/phv/b/n/10 MAV[]_[][]PARAM[]_[][]ERROR[]_[][]COMPONENT[]_[][]NOT[]_[][]FOUN
D \T1/phv/m/n/10 =4 , \T1/phv/b/n/10 MAV[]_[][]PARAM[]_[][]ERROR[]_[][]READ[]_[
][]ONLY \T1/phv/m/n/10 =5 ,
 []

[786]
Underfull \hbox (badness 972) in paragraph at lines 1975--1993
\T1/phv/b/n/10 MAV[]_[][]RESULT[]_[][]ACCEPTED \T1/phv/m/n/10 =0 , \T1/phv/b/n/
10 MAV[]_[][]RESULT[]_[][]TEMPORARILY[]_[][]REJECTED \T1/phv/m/n/10 =1 , \T1/ph
v/b/n/10 MAV[]_[][]RESULT[]_[][]
 []


Underfull \hbox (badness 1521) in paragraph at lines 1993--2018
\T1/phv/b/n/10 MAV[]_[][]MISSION[]_[][]INVALID[]_[][]PARAM3 \T1/phv/m/n/10 =8 ,
 \T1/phv/b/n/10 MAV[]_[][]MISSION[]_[][]INVALID[]_[][]PARAM4 \T1/phv/m/n/10 =9 
, \T1/phv/b/n/10 MAV[]_[][]MISSION[]_[][]
 []


Underfull \hbox (badness 1275) in paragraph at lines 2045--2068
\T1/phv/b/n/10 SERIAL[]_[][]CONTROL[]_[][]SERIAL3 \T1/phv/m/n/10 =103 , \T1/phv
/b/n/10 SERIAL[]_[][]CONTROL[]_[][]SERIAL4 \T1/phv/m/n/10 =104 , \T1/phv/b/n/10
 SERIAL[]_[][]CONTROL[]_[][]
 []


Underfull \hbox (badness 1275) in paragraph at lines 2045--2068
\T1/phv/b/n/10 SERIAL[]_[][]CONTROL[]_[][]SERIAL7 \T1/phv/m/n/10 =107 , \T1/phv
/b/n/10 SERIAL[]_[][]CONTROL[]_[][]SERIAL8 \T1/phv/m/n/10 =108 , \T1/phv/b/n/10
 SERIAL[]_[][]CONTROL[]_[][]
 []


Underfull \hbox (badness 5316) in paragraph at lines 2068--2079
\T1/phv/b/n/10 SERIAL[]_[][]CONTROL[]_[][]FLAG[]_[][]REPLY \T1/phv/m/n/10 =1 , 
\T1/phv/b/n/10 SERIAL[]_[][]CONTROL[]_[][]FLAG[]_[][]RESPOND \T1/phv/m/n/10 =2 
, \T1/phv/b/n/10 SERIAL[]_[][]
 []


Underfull \hbox (badness 2608) in paragraph at lines 2079--2090
\T1/phv/b/n/10 MAV[]_[][]DISTANCE[]_[][]SENSOR[]_[][]LASER \T1/phv/m/n/10 =0 , 
\T1/phv/b/n/10 MAV[]_[][]DISTANCE[]_[][]SENSOR[]_[][]ULTRASOUND \T1/phv/m/n/10 
=1 , \T1/phv/b/n/10 MAV[]_[][]
 []


Underfull \hbox (badness 1603) in paragraph at lines 2090--2147
\T1/phv/b/n/10 MAV[]_[][]SENSOR[]_[][]ROTATION[]_[][]ROLL[]_[]270 \T1/phv/m/n/1
0 =20 , \T1/phv/b/n/10 MAV[]_[][]SENSOR[]_[][]ROTATION[]_[][]ROLL[]_[]270[]_[][
]YAW[]_[]45 \T1/phv/m/n/10 =21 ,
 []


Underfull \hbox (badness 1348) in paragraph at lines 2090--2147
\T1/phv/b/n/10 MAV[]_[][]SENSOR[]_[][]ROTATION[]_[][]PITCH[]_[]90 \T1/phv/m/n/1
0 =24 , \T1/phv/b/n/10 MAV[]_[][]SENSOR[]_[][]ROTATION[]_[][]PITCH[]_[]270 \T1/
phv/m/n/10 =25 , \T1/phv/b/n/10 MAV[]_[][]
 []


Underfull \hbox (badness 8113) in paragraph at lines 2090--2147
\T1/phv/b/n/10 MAV[]_[][]SENSOR[]_[][]ROTATION[]_[][]ROLL[]_[]270[]_[][]PITCH[]
_[]180 \T1/phv/m/n/10 =32 , \T1/phv/b/n/10 MAV[]_[][]SENSOR[]_[][]ROTATION[]_[]
[]ROLL[]_[]90[]_[][]
 []

[787]
Underfull \hbox (badness 4441) in paragraph at lines 2217--2233
\T1/phv/b/n/10 MAV[]_[][]BATTERY[]_[][]FAULT[]_[][]DEEP[]_[][]DISCHARGE \T1/phv
/m/n/10 =1 , \T1/phv/b/n/10 MAV[]_[][]BATTERY[]_[][]FAULT[]_[][]SPIKES \T1/phv/
m/n/10 =2 , \T1/phv/b/n/10 MAV[]_[][]
 []

[788]
Underfull \hbox (badness 832) in paragraph at lines 2240--2273
\T1/phv/b/n/10 MAV[]_[][]GENERATOR[]_[][]STATUS[]_[][]FLAG[]_[][]REDUCED[]_[][]
POWER \T1/phv/m/n/10 =16 , \T1/phv/b/n/10 MAV[]_[][]GENERATOR[]_[][]STATUS[]_[]
[]FLAG[]
 []


Underfull \hbox (badness 4886) in paragraph at lines 2240--2273
\T1/phv/b/n/10 _[][]MAXPOWER \T1/phv/m/n/10 =32 , \T1/phv/b/n/10 MAV[]_[][]GENE
RATOR[]_[][]STATUS[]_[][]FLAG[]_[][]OVERTEMP[]_[][]WARNING \T1/phv/m/n/10 =64 ,
 \T1/phv/b/n/10 MAV[]_[][]
 []


Underfull \hbox (badness 1424) in paragraph at lines 2240--2273
\T1/phv/b/n/10 _[][]STATUS[]_[][]FLAG[]_[][]ELECTRONICS[]_[][]OVERTEMP[]_[][]FA
ULT \T1/phv/m/n/10 =512 , \T1/phv/b/n/10 MAV[]_[][]GENERATOR[]_[][]STATUS[]_[][
]FLAG[]_[][]
 []


Underfull \hbox (badness 7186) in paragraph at lines 2240--2273
\T1/phv/b/n/10 MAV[]_[][]GENERATOR[]_[][]STATUS[]_[][]FLAG[]_[][]COMMUNICATION[
]_[][]WARNING \T1/phv/m/n/10 =4096 , \T1/phv/b/n/10 MAV[]_[][]GENERATOR[]_[][]
 []


Underfull \hbox (badness 2142) in paragraph at lines 2240--2273
\T1/phv/b/n/10 STATUS[]_[][]FLAG[]_[][]COOLING[]_[][]WARNING \T1/phv/m/n/10 =81
92 , \T1/phv/b/n/10 MAV[]_[][]GENERATOR[]_[][]STATUS[]_[][]FLAG[]_[][]POWER[]_[
][]RAIL[]
 []


Underfull \hbox (badness 1194) in paragraph at lines 2240--2273
\T1/phv/b/n/10 MAV[]_[][]GENERATOR[]_[][]STATUS[]_[][]FLAG[]_[][]BATTERY[]_[][]
OVERCHARGE[]_[][]CURRENT[]_[][]FAULT \T1/phv/m/n/10 =65536 , \T1/phv/b/n/10 MAV
[]_[][]
 []


Underfull \hbox (badness 2452) in paragraph at lines 2240--2273
\T1/phv/b/n/10 _[][]BATTERY[]_[][]UNDERVOLT[]_[][]FAULT \T1/phv/m/n/10 =262144 
, \T1/phv/b/n/10 MAV[]_[][]GENERATOR[]_[][]STATUS[]_[][]FLAG[]_[][]START[]_[][]
INHIBITED
 []


Underfull \hbox (badness 4595) in paragraph at lines 2240--2273
\T1/phv/b/n/10 MAV[]_[][]GENERATOR[]_[][]STATUS[]_[][]FLAG[]_[][]MAINTENANCE[]_
[][]REQUIRED \T1/phv/m/n/10 =1048576 , \T1/phv/b/n/10 MAV[]_[][]GENERATOR[]
 []


Underfull \hbox (badness 2269) in paragraph at lines 2240--2273
\T1/phv/b/n/10 _[][]STATUS[]_[][]FLAG[]_[][]WARMING[]_[][]UP \T1/phv/m/n/10 =20
97152 , \T1/phv/b/n/10 MAV[]_[][]GENERATOR[]_[][]STATUS[]_[][]FLAG[]_[][]IDLE \
T1/phv/m/n/10 =4194304 ,
 []


Underfull \hbox (badness 1824) in paragraph at lines 2331--2348
\T1/phv/b/n/10 ADSB[]_[][]FLAGS[]_[][]VALID[]_[][]CALLSIGN \T1/phv/m/n/10 =16 ,
 \T1/phv/b/n/10 ADSB[]_[][]FLAGS[]_[][]VALID[]_[][]SQUAWK \T1/phv/m/n/10 =32 , 
\T1/phv/b/n/10 ADSB[]_[][]FLAGS[]_[][]
 []

[789]
Underfull \hbox (badness 3209) in paragraph at lines 2401--2416
\T1/phv/b/n/10 GPS[]_[][]INPUT[]_[][]IGNORE[]_[][]FLAG[]_[][]ALT \T1/phv/m/n/10
 =1 , \T1/phv/b/n/10 GPS[]_[][]INPUT[]_[][]IGNORE[]_[][]FLAG[]_[][]HDOP \T1/phv
/m/n/10 =2 , \T1/phv/b/n/10 GPS[]_[][]INPUT[]_[][]
 []


Underfull \hbox (badness 10000) in paragraph at lines 2401--2416
\T1/phv/b/n/10 GPS[]_[][]INPUT[]_[][]IGNORE[]_[][]FLAG[]_[][]VEL[]_[][]VERT \T1
/phv/m/n/10 =16 , \T1/phv/b/n/10 GPS[]_[][]INPUT[]_[][]IGNORE[]_[][]FLAG[]_[][]
SPEED[]_[][]ACCURACY
 []


Underfull \hbox (badness 2073) in paragraph at lines 2429--2436
\T1/phv/b/n/10 _[][]COLLISION[]_[][]THREAT[]_[][]LEVEL[]_[][]LOW \T1/phv/m/n/10
 =1 , \T1/phv/b/n/10 MAV[]_[][]COLLISION[]_[][]THREAT[]_[][]LEVEL[]_[][]HIGH \T
1/phv/m/n/10 =2 , \T1/phv/b/n/10 MAV[]_[][]
 []


Underfull \hbox (badness 1675) in paragraph at lines 2458--2464
[][] \T1/phv/m/n/10 enum \T1/phv/b/n/10 RTK[]_[][]BASELINE[]_[][]COORDINATE[]_[
][]SYSTEM \T1/phv/m/n/10 { \T1/phv/b/n/10 RTK[]_[][]BASELINE[]_[][]COORDINATE[]
_[][]SYSTEM[]_[][]ECEF
 []


Underfull \hbox (badness 1117) in paragraph at lines 2464--2474
\T1/phv/b/n/10 LANDING[]_[][]TARGET[]_[][]TYPE[]_[][]LIGHT[]_[][]BEACON \T1/phv
/m/n/10 =0 , \T1/phv/b/n/10 LANDING[]_[][]TARGET[]_[][]TYPE[]_[][]RADIO[]_[][]B
EACON \T1/phv/m/n/10 =1 ,
 []


Underfull \hbox (badness 4805) in paragraph at lines 2474--2485
\T1/phv/b/n/10 VTOL[]_[][]TRANSITION[]_[][]HEADING[]_[][]VEHICLE[]_[][]DEFAULT 
\T1/phv/m/n/10 =0 , \T1/phv/b/n/10 VTOL[]_[][]TRANSITION[]_[][]HEADING[]_[][]NE
XT[]_[][]
 []


Underfull \hbox (badness 1127) in paragraph at lines 2474--2485
\T1/phv/b/n/10 WAYPOINT \T1/phv/m/n/10 =1 , \T1/phv/b/n/10 VTOL[]_[][]TRANSITIO
N[]_[][]HEADING[]_[][]TAKEOFF \T1/phv/m/n/10 =2 , \T1/phv/b/n/10 VTOL[]_[][]TRA
NSITION[]_[][]HEADING[]_[][]
 []


Underfull \hbox (badness 6204) in paragraph at lines 2485--2507
\T1/phv/b/n/10 CAMERA[]_[][]CAP[]_[][]FLAGS[]_[][]CAPTURE[]_[][]VIDEO \T1/phv/m
/n/10 =1 , \T1/phv/b/n/10 CAMERA[]_[][]CAP[]_[][]FLAGS[]_[][]CAPTURE[]_[][]IMAG
E \T1/phv/m/n/10 =2 ,
 []


Underfull \hbox (badness 3460) in paragraph at lines 2485--2507
\T1/phv/b/n/10 CAMERA[]_[][]CAP[]_[][]FLAGS[]_[][]HAS[]_[][]MODES \T1/phv/m/n/1
0 =4 , \T1/phv/b/n/10 CAMERA[]_[][]CAP[]_[][]FLAGS[]_[][]CAN[]_[][]CAPTURE[]_[]
[]IMAGE[]_[][]IN[]_[][]
 []


Underfull \hbox (badness 4872) in paragraph at lines 2485--2507
\T1/phv/b/n/10 CAMERA[]_[][]CAP[]_[][]FLAGS[]_[][]HAS[]_[][]VIDEO[]_[][]STREAM 
\T1/phv/m/n/10 =256 , \T1/phv/b/n/10 CAMERA[]_[][]CAP[]_[][]FLAGS[]_[][]HAS[]_[
][]TRACKING[]
 []


Underfull \hbox (badness 849) in paragraph at lines 2485--2507
\T1/phv/b/n/10 _[][]POINT \T1/phv/m/n/10 =512 , \T1/phv/b/n/10 CAMERA[]_[][]CAP
[]_[][]FLAGS[]_[][]HAS[]_[][]TRACKING[]_[][]RECTANGLE \T1/phv/m/n/10 =1024 , \T
1/phv/b/n/10 CAMERA[]_[][]CAP[]_[][]
 []

[790]
Underfull \hbox (badness 3668) in paragraph at lines 2524--2531
[][] \T1/phv/m/n/10 enum \T1/phv/b/n/10 VIDEO[]_[][]STREAM[]_[][]ENCODING \T1/p
hv/m/n/10 { \T1/phv/b/n/10 VIDEO[]_[][]STREAM[]_[][]ENCODING[]_[][]UNKNOWN \T1/
phv/m/n/10 =0 , \T1/phv/b/n/10 VIDEO[]
 []


Underfull \hbox (badness 3148) in paragraph at lines 2524--2531
\T1/phv/b/n/10 _[][]STREAM[]_[][]ENCODING[]_[][]H264 \T1/phv/m/n/10 =1 , \T1/ph
v/b/n/10 VIDEO[]_[][]STREAM[]_[][]ENCODING[]_[][]H265 \T1/phv/m/n/10 =2 , \T1/p
hv/b/n/10 VIDEO[]_[][]STREAM[]_[][]
 []


Underfull \hbox (badness 1436) in paragraph at lines 2531--2542
\T1/phv/b/n/10 CAMERA[]_[][]TRACKING[]_[][]STATUS[]_[][]FLAGS[]_[][]COASTING \T
1/phv/m/n/10 =8 , \T1/phv/b/n/10 CAMERA[]_[][]TRACKING[]_[][]STATUS[]_[][]FLAGS
[]_[][]
 []


Underfull \hbox (badness 6157) in paragraph at lines 2542--2549
[][] \T1/phv/m/n/10 enum \T1/phv/b/n/10 CAMERA[]_[][]TRACKING[]_[][]MODE \T1/ph
v/m/n/10 { \T1/phv/b/n/10 CAMERA[]_[][]TRACKING[]_[][]MODE[]_[][]NONE \T1/phv/m
/n/10 =0 , \T1/phv/b/n/10 CAMERA[]_[][]
 []


Underfull \hbox (badness 7397) in paragraph at lines 2542--2549
\T1/phv/b/n/10 TRACKING[]_[][]MODE[]_[][]POINT \T1/phv/m/n/10 =1 , \T1/phv/b/n/
10 CAMERA[]_[][]TRACKING[]_[][]MODE[]_[][]RECTANGLE \T1/phv/m/n/10 =2 , \T1/phv
/b/n/10 CAMERA[]_[][]
 []


Underfull \hbox (badness 2875) in paragraph at lines 2580--2590
\T1/phv/b/n/10 CAMERA[]_[][]SOURCE[]_[][]DEFAULT \T1/phv/m/n/10 =0 , \T1/phv/b/
n/10 CAMERA[]_[][]SOURCE[]_[][]RGB \T1/phv/m/n/10 =1 , \T1/phv/b/n/10 CAMERA[]_
[][]SOURCE[]_[][]IR \T1/phv/m/n/10 =2 ,
 []


Underfull \hbox (badness 6284) in paragraph at lines 2607--2619
\T1/phv/b/n/10 MAV[]_[][]ARM[]_[][]AUTH[]_[][]DENIED[]_[][]REASON[]_[][]GENERIC
 \T1/phv/m/n/10 =0 , \T1/phv/b/n/10 MAV[]_[][]ARM[]_[][]AUTH[]_[][]DENIED[]_[][
]REASON[]_[][]NONE
 []

[791]
Underfull \hbox (badness 2134) in paragraph at lines 2632--2637
[][] \T1/phv/m/n/10 enum \T1/phv/b/n/10 ENGINE[]_[][]CONTROL[]_[][]OPTIONS \T1/
phv/m/n/10 { \T1/phv/b/n/10 ENGINE[]_[][]CONTROL[]_[][]OPTIONS[]_[][]ALLOW[]_[]
[]START[]_[][]WHILE[]_[][]
 []


Underfull \hbox (badness 1515) in paragraph at lines 2637--2657
\T1/phv/b/n/10 POSITION[]_[][]TARGET[]_[][]TYPEMASK[]_[][]VY[]_[][]IGNORE \T1/p
hv/m/n/10 =16 , \T1/phv/b/n/10 POSITION[]_[][]TARGET[]_[][]TYPEMASK[]_[][]VZ[]_
[][]IGNORE
 []


Underfull \hbox (badness 5302) in paragraph at lines 2657--2669
\T1/phv/b/n/10 ATTITUDE[]_[][]TARGET[]_[][]TYPEMASK[]_[][]THROTTLE[]_[][]IGNORE
 \T1/phv/m/n/10 =64 , \T1/phv/b/n/10 ATTITUDE[]_[][]TARGET[]_[][]TYPEMASK[]_[][
]
 []


Underfull \hbox (badness 779) in paragraph at lines 2680--2695
\T1/phv/b/n/10 UTM[]_[][]DATA[]_[][]AVAIL[]_[][]FLAGS[]_[][]TIME[]_[][]VALID \T
1/phv/m/n/10 =1 , \T1/phv/b/n/10 UTM[]_[][]DATA[]_[][]AVAIL[]_[][]FLAGS[]_[][]U
AS[]_[][]ID[]_[][]AVAILABLE \T1/phv/m/n/10 =2 ,
 []


Underfull \hbox (badness 5064) in paragraph at lines 2680--2695
\T1/phv/b/n/10 UTM[]_[][]DATA[]_[][]AVAIL[]_[][]FLAGS[]_[][]POSITION[]_[][]AVAI
LABLE \T1/phv/m/n/10 =4 , \T1/phv/b/n/10 UTM[]_[][]DATA[]_[][]AVAIL[]_[][]FLAGS
[]_[][]ALTITUDE[]_[][]
 []


Underfull \hbox (badness 1616) in paragraph at lines 2680--2695
\T1/phv/b/n/10 UTM[]_[][]DATA[]_[][]AVAIL[]_[][]FLAGS[]_[][]RELATIVE[]_[][]ALTI
TUDE[]_[][]AVAILABLE \T1/phv/m/n/10 =16 , \T1/phv/b/n/10 UTM[]_[][]DATA[]_[][]A
VAIL[]_[][]FLAGS[]_[][]
 []


Underfull \hbox (badness 2772) in paragraph at lines 2680--2695
\T1/phv/b/n/10 HORIZONTAL[]_[][]VELO[]_[][]AVAILABLE \T1/phv/m/n/10 =32 , \T1/p
hv/b/n/10 UTM[]_[][]DATA[]_[][]AVAIL[]_[][]FLAGS[]_[][]VERTICAL[]_[][]VELO[]_[]
[]AVAILABLE
 []


Underfull \hbox (badness 10000) in paragraph at lines 2695--2716
\T1/phv/b/n/10 CELLULAR[]_[][]STATUS[]_[][]FLAG[]_[][]SEARCHING \T1/phv/m/n/10 
=8 , \T1/phv/b/n/10 CELLULAR[]_[][]STATUS[]_[][]FLAG[]_[][]REGISTERED \T1/phv/m
/n/10 =9 ,
 []


Underfull \hbox (badness 820) in paragraph at lines 2716--2726
\T1/phv/b/n/10 CELLULAR[]_[][]NETWORK[]_[][]FAILED[]_[][]REASON[]_[][]NONE \T1/
phv/m/n/10 =0 , \T1/phv/b/n/10 CELLULAR[]_[][]NETWORK[]_[][]FAILED[]_[][]REASON
[]
 []


Underfull \hbox (badness 3118) in paragraph at lines 2716--2726
\T1/phv/b/n/10 _[][]UNKNOWN \T1/phv/m/n/10 =1 , \T1/phv/b/n/10 CELLULAR[]_[][]N
ETWORK[]_[][]FAILED[]_[][]REASON[]_[][]SIM[]_[][]MISSING \T1/phv/m/n/10 =2 , \T
1/phv/b/n/10 CELLULAR[]_[][]
 []


Underfull \hbox (badness 10000) in paragraph at lines 2751--2773
\T1/phv/b/n/10 MAV[]_[][]TUNNEL[]_[][]PAYLOAD[]_[][]TYPE[]_[][]UNKNOWN \T1/phv/
m/n/10 =0 , \T1/phv/b/n/10 MAV[]_[][]TUNNEL[]_[][]PAYLOAD[]_[][]TYPE[]_[][]STOR
M32[]_[][]
 []


Underfull \hbox (badness 10000) in paragraph at lines 2751--2773
\T1/phv/b/n/10 MAV[]_[][]TUNNEL[]_[][]PAYLOAD[]_[][]TYPE[]_[][]MODALAI[]_[][]ES
C[]_[][]UART[]_[][]PASSTHRU \T1/phv/m/n/10 =211 , \T1/phv/b/n/10 MAV[]_[][]TUNN
EL[]_[][]
 []

[792] [793]
Underfull \hbox (badness 1009) in paragraph at lines 2896--2908
\T1/phv/b/n/10 MAV[]_[][]ODID[]_[][]AUTH[]_[][]TYPE[]_[][]NONE \T1/phv/m/n/10 =
0 , \T1/phv/b/n/10 MAV[]_[][]ODID[]_[][]AUTH[]_[][]TYPE[]_[][]UAS[]_[][]ID[]_[]
[]SIGNATURE \T1/phv/m/n/10 =1 , \T1/phv/b/n/10 MAV[]_[][]
 []


Underfull \hbox (badness 1701) in paragraph at lines 2896--2908
\T1/phv/b/n/10 ODID[]_[][]AUTH[]_[][]TYPE[]_[][]OPERATOR[]_[][]ID[]_[][]SIGNATU
RE \T1/phv/m/n/10 =2 , \T1/phv/b/n/10 MAV[]_[][]ODID[]_[][]AUTH[]_[][]TYPE[]_[]
[]MESSAGE[]_[][]SET[]_[][]
 []


Underfull \hbox (badness 10000) in paragraph at lines 2896--2908
\T1/phv/b/n/10 MAV[]_[][]ODID[]_[][]AUTH[]_[][]TYPE[]_[][]NETWORK[]_[][]REMOTE[
]_[][]ID \T1/phv/m/n/10 =4 , \T1/phv/b/n/10 MAV[]_[][]ODID[]_[][]AUTH[]_[][]TYP
E[]_[][]SPECIFIC[]_[][]
 []


Underfull \hbox (badness 2818) in paragraph at lines 2915--2922
[][] \T1/phv/m/n/10 enum \T1/phv/b/n/10 MAV[]_[][]ODID[]_[][]OPERATOR[]_[][]LOC
ATION[]_[][]TYPE \T1/phv/m/n/10 { \T1/phv/b/n/10 MAV[]_[][]ODID[]_[][]OPERATOR[
]_[][]LOCATION[]_[][]TYPE[]_[][]
 []


Underfull \hbox (badness 1019) in paragraph at lines 2964--2970
[][] \T1/phv/m/n/10 enum \T1/phv/b/n/10 TUNE[]_[][]FORMAT \T1/phv/m/n/10 { \T1/
phv/b/n/10 TUNE[]_[][]FORMAT[]_[][]QBASIC1[]_[]1 \T1/phv/m/n/10 =1 , \T1/phv/b/
n/10 TUNE[]_[][]FORMAT[]_[][]MML[]_[][]MODERN \T1/phv/m/n/10 =2 ,
 []


Underfull \hbox (badness 2418) in paragraph at lines 2970--3100
\T1/phv/b/n/10 AIS[]_[][]TYPE[]_[][]WIG[]_[][]HAZARDOUS[]_[]D \T1/phv/m/n/10 =2
4 , \T1/phv/b/n/10 AIS[]_[][]TYPE[]_[][]WIG[]_[][]RESERVED[]_[]1 \T1/phv/m/n/10
 =25 , \T1/phv/b/n/10 AIS[]_[][]TYPE[]_[][]WIG[]_[][]
 []


Underfull \hbox (badness 1721) in paragraph at lines 2970--3100
\T1/phv/b/n/10 AIS[]_[][]TYPE[]_[][]HSC[]_[][]HAZARDOUS[]_[]D \T1/phv/m/n/10 =4
4 , \T1/phv/b/n/10 AIS[]_[][]TYPE[]_[][]HSC[]_[][]RESERVED[]_[]1 \T1/phv/m/n/10
 =45 , \T1/phv/b/n/10 AIS[]_[][]TYPE[]_[][]HSC[]_[][]
 []


Underfull \hbox (badness 2134) in paragraph at lines 2970--3100
\T1/phv/b/n/10 AIS[]_[][]TYPE[]_[][]SPARE[]_[][]LOCAL[]_[]1 \T1/phv/m/n/10 =56 
, \T1/phv/b/n/10 AIS[]_[][]TYPE[]_[][]SPARE[]_[][]LOCAL[]_[]2 \T1/phv/m/n/10 =5
7 , \T1/phv/b/n/10 AIS[]_[][]TYPE[]_[][]MEDICAL[]_[][]
 []


Underfull \hbox (badness 6961) in paragraph at lines 2970--3100
\T1/phv/b/n/10 AIS[]_[][]TYPE[]_[][]PASSENGER \T1/phv/m/n/10 =60 , \T1/phv/b/n/
10 AIS[]_[][]TYPE[]_[][]PASSENGER[]_[][]HAZARDOUS[]_[]A \T1/phv/m/n/10 =61 , \T
1/phv/b/n/10 AIS[]_[][]TYPE[]_[][]
 []


Underfull \hbox (badness 2951) in paragraph at lines 2970--3100
\T1/phv/b/n/10 AIS[]_[][]TYPE[]_[][]CARGO[]_[][]RESERVED[]_[]2 \T1/phv/m/n/10 =
76 , \T1/phv/b/n/10 AIS[]_[][]TYPE[]_[][]CARGO[]_[][]RESERVED[]_[]3 \T1/phv/m/n
/10 =77 , \T1/phv/b/n/10 AIS[]_[][]TYPE[]_[][]
 []


Underfull \hbox (badness 5133) in paragraph at lines 2970--3100
\T1/phv/b/n/10 AIS[]_[][]TYPE[]_[][]TANKER \T1/phv/m/n/10 =80 , \T1/phv/b/n/10 
AIS[]_[][]TYPE[]_[][]TANKER[]_[][]HAZARDOUS[]_[]A \T1/phv/m/n/10 =81 , \T1/phv/
b/n/10 AIS[]_[][]TYPE[]_[][]TANKER[]_[][]
 []

[794]
Underfull \hbox (badness 1354) in paragraph at lines 3100--3125
\T1/phv/b/n/10 AIS[]_[][]NAV[]_[][]STATUS[]_[][]SAILING \T1/phv/m/n/10 =8 , \T1
/phv/b/n/10 AIS[]_[][]NAV[]_[][]STATUS[]_[][]RESERVED[]_[][]HSC \T1/phv/m/n/10 
=9 , \T1/phv/b/n/10 AIS[]_[][]NAV[]_[][]STATUS[]_[][]
 []


Underfull \hbox (badness 2126) in paragraph at lines 3125--3146
\T1/phv/b/n/10 AIS[]_[][]FLAGS[]_[][]LARGE[]_[][]STERN[]_[][]DIMENSION \T1/phv/
m/n/10 =256 , \T1/phv/b/n/10 AIS[]_[][]FLAGS[]_[][]LARGE[]_[][]PORT[]_[][]DIMEN
SION \T1/phv/m/n/10 =512 ,
 []


Underfull \hbox (badness 2913) in paragraph at lines 3146--3169
\T1/phv/b/n/10 FAILURE[]_[][]UNIT[]_[][]SENSOR[]_[][]GYRO \T1/phv/m/n/10 =0 , \
T1/phv/b/n/10 FAILURE[]_[][]UNIT[]_[][]SENSOR[]_[][]ACCEL \T1/phv/m/n/10 =1 , \
T1/phv/b/n/10 FAILURE[]_[][]UNIT[]_[][]
 []

[795]
Underfull \hbox (badness 2096) in paragraph at lines 3191--3213
\T1/phv/b/n/10 MAV[]_[][]WINCH[]_[][]STATUS[]_[][]LOCKED \T1/phv/m/n/10 =16 , \
T1/phv/b/n/10 MAV[]_[][]WINCH[]_[][]STATUS[]_[][]DROPPING \T1/phv/m/n/10 =32 , 
\T1/phv/b/n/10 MAV[]_[][]WINCH[]_[][]
 []


Underfull \hbox (badness 1577) in paragraph at lines 3238--3260
\T1/phv/b/n/10 HIL[]_[][]SENSOR[]_[][]UPDATED[]_[][]YGYRO \T1/phv/m/n/10 =16 , 
\T1/phv/b/n/10 HIL[]_[][]SENSOR[]_[][]UPDATED[]_[][]ZGYRO \T1/phv/m/n/10 =32 , 
\T1/phv/b/n/10 HIL[]_[][]SENSOR[]_[][]
 []


Underfull \hbox (badness 1158) in paragraph at lines 3238--3260
\T1/phv/b/n/10 HIL[]_[][]SENSOR[]_[][]UPDATED[]_[][]ZMAG \T1/phv/m/n/10 =256 , 
\T1/phv/b/n/10 HIL[]_[][]SENSOR[]_[][]UPDATED[]_[][]ABS[]_[][]PRESSURE \T1/phv/
m/n/10 =512 , \T1/phv/b/n/10 HIL[]_[][]
 []


Underfull \hbox (badness 4391) in paragraph at lines 3260--3281
\T1/phv/b/n/10 HIGHRES[]_[][]IMU[]_[][]UPDATED[]_[][]XACC \T1/phv/m/n/10 =1 , \
T1/phv/b/n/10 HIGHRES[]_[][]IMU[]_[][]UPDATED[]_[][]YACC \T1/phv/m/n/10 =2 , \T
1/phv/b/n/10 HIGHRES[]_[][]IMU[]_[][]
 []


Underfull \hbox (badness 10000) in paragraph at lines 3260--3281
\T1/phv/b/n/10 HIGHRES[]_[][]IMU[]_[][]UPDATED[]_[][]ZMAG \T1/phv/m/n/10 =256 ,
 \T1/phv/b/n/10 HIGHRES[]_[][]IMU[]_[][]UPDATED[]_[][]ABS[]_[][]PRESSURE \T1/ph
v/m/n/10 =512 ,
 []


Underfull \hbox (badness 6559) in paragraph at lines 3260--3281
\T1/phv/b/n/10 HIGHRES[]_[][]IMU[]_[][]UPDATED[]_[][]DIFF[]_[][]PRESSURE \T1/ph
v/m/n/10 =1024 , \T1/phv/b/n/10 HIGHRES[]_[][]IMU[]_[][]UPDATED[]_[][]PRESSURE[
]_[][]ALT
 []


Underfull \hbox (badness 1527) in paragraph at lines 3260--3281
\T1/phv/b/n/10 HIGHRES[]_[][]IMU[]_[][]UPDATED[]_[][]TEMPERATURE \T1/phv/m/n/10
 =4096 , \T1/phv/b/n/10 HIGHRES[]_[][]IMU[]_[][]UPDATED[]_[][]FLAGS[]_[][]ENUM[
]_[][]END
 []


Underfull \hbox (badness 10000) in paragraph at lines 3288--3306
\T1/phv/b/n/10 MAV[]_[][]FTP[]_[][]ERR[]_[][]FILEEXISTS \T1/phv/m/n/10 =8 , \T1
/phv/b/n/10 MAV[]_[][]FTP[]_[][]ERR[]_[][]FILEPROTECTED \T1/phv/m/n/10 =9 , \T1
/phv/b/n/10 MAV[]_[][]FTP[]_[][]ERR[]_[][]
 []

[796]
Underfull \hbox (badness 1776) in paragraph at lines 3333--3345
\T1/phv/b/n/10 MISSION[]_[][]STATE[]_[][]UNKNOWN \T1/phv/m/n/10 =0 , \T1/phv/b/
n/10 MISSION[]_[][]STATE[]_[][]NO[]_[][]MISSION \T1/phv/m/n/10 =1 , \T1/phv/b/n
/10 MISSION[]_[][]STATE[]_[][]NOT[]_[][]
 []


Underfull \hbox (badness 2027) in paragraph at lines 3351--3358
[][] \T1/phv/m/n/10 enum \T1/phv/b/n/10 ILLUMINATOR[]_[][]MODE \T1/phv/m/n/10 {
 \T1/phv/b/n/10 ILLUMINATOR[]_[][]MODE[]_[][]UNKNOWN \T1/phv/m/n/10 =0 , \T1/ph
v/b/n/10 ILLUMINATOR[]_[][]MODE[]_[][]
 []


Underfull \hbox (badness 2573) in paragraph at lines 3365--3381
\T1/phv/b/n/10 MAV[]_[][]STANDARD[]_[][]MODE[]_[][]NON[]_[][]STANDARD \T1/phv/m
/n/10 =0 , \T1/phv/b/n/10 MAV[]_[][]STANDARD[]_[][]MODE[]_[][]POSITION[]_[][]HO
LD \T1/phv/m/n/10 =1 ,
 []


Underfull \hbox (badness 1248) in paragraph at lines 3365--3381
\T1/phv/b/n/10 MAV[]_[][]STANDARD[]_[][]MODE[]_[][]ALTITUDE[]_[][]HOLD \T1/phv/
m/n/10 =4 , \T1/phv/b/n/10 MAV[]_[][]STANDARD[]_[][]MODE[]_[][]SAFE[]_[][]RECOV
ERY \T1/phv/m/n/10 =5 ,
 []


Underfull \hbox (badness 6477) in paragraph at lines 3381--3388
[][] \T1/phv/m/n/10 enum \T1/phv/b/n/10 MAV[]_[][]MODE[]_[][]PROPERTY \T1/phv/m
/n/10 { \T1/phv/b/n/10 MAV[]_[][]MODE[]_[][]PROPERTY[]_[][]ADVANCED \T1/phv/m/n
/10 =1 , \T1/phv/b/n/10 MAV[]_[][]MODE[]_[][]
 []


Underfull \hbox (badness 1215) in paragraph at lines 3381--3388
\T1/phv/b/n/10 PROPERTY[]_[][]NOT[]_[][]USER[]_[][]SELECTABLE \T1/phv/m/n/10 =2
 , \T1/phv/b/n/10 MAV[]_[][]MODE[]_[][]PROPERTY[]_[][]AUTO[]_[][]MODE \T1/phv/m
/n/10 =4 , \T1/phv/b/n/10 MAV[]_[][]
 []


Underfull \hbox (badness 10000) detected at line 3414
[][][]
 []

[797] [798] [799] [800]
Underfull \hbox (badness 1552) in paragraph at lines 3649--3652
[]\T1/phv/m/n/10 Based on RFC-5424 us-ing ex-panded def-i-ni-tions at[]: [][] \
T1/pcr/m/n/10 http[]://www.[]kiwisyslog.[]com/kb/info[]
 []

[801]
Underfull \hbox (badness 1127) in paragraph at lines 3707--3708
[]\T1/phv/m/n/10 Actions for read-ing/writing pa-ram-e-ters be-tween per-sis-te
nt and volatile stor-age when us-ing MAV[]_[][]CMD[]_[][]
 []

[802]) (./common_8hpp.tex <./common_8hpp__dep__incl.pdf

pdfTeX warning: pdflatex (file ./common_8hpp__dep__incl.pdf): PDF inclusion: mu
ltiple pdfs with page group included in a single page
>
<common_8hpp__dep__incl.pdf, id=32672, 223.83624pt x 200.75pt>
File: common_8hpp__dep__incl.pdf Graphic file (type pdf)
<use common_8hpp__dep__incl.pdf>
Package pdftex.def Info: common_8hpp__dep__incl.pdf  used on input line 247.
(pdftex.def)             Requested size: 223.0pt x 200.00513pt.
 [803] [804] [805] [806] [807] [808]
Underfull \hbox (badness 10000) in paragraph at lines 390--391

 []


Underfull \hbox (badness 10000) in paragraph at lines 398--399

 []

[809]
Underfull \hbox (badness 1210) in paragraph at lines 605--615
\T1/phv/b/n/10 HOLD[]_[][]FRONT[]_[][]TO[]_[][]CIRCLE[]_[][]CENTER \T1/phv/m/n/
10 =0 , \T1/phv/b/n/10 HOLD[]_[][]INITIAL[]_[][]HEADING \T1/phv/m/n/10 =1 , \T1
/phv/b/n/10 UN-CON-TROLLED \T1/phv/m/n/10 =2 ,
 []

[810]
Underfull \hbox (badness 1769) in paragraph at lines 721--721
[]\T1/phv/m/sl/9 Actions for read-ing/writing pa-ram-e-ters be-tween per-sis-te
nt and volatile stor-age when us-ing MAV[]_[][]CMD[]_[][]
 []


Underfull \hbox (badness 10000) in paragraph at lines 722--726
[]\T1/phv/m/n/10 enum class [] { \T1/phv/b/n/10 MISSION[]_[][]READ[]_[][]
 []


Overfull \hbox (18.42026pt too wide) in paragraph at lines 742--951
\T1/phv/b/n/10 DO[]_[][]REPEAT[]_[][]RELAY \T1/phv/m/n/10 =182 , \T1/phv/b/n/10
 DO[]_[][]SET[]_[][]SERVO \T1/phv/m/n/10 =183 , \T1/phv/b/n/10 DO[]_[][]REPEAT[
]_[][]SERVO \T1/phv/m/n/10 =184 , \T1/phv/b/n/10 DO[]_[][]FLIGHTTERMINATION
 []


Underfull \hbox (badness 1286) in paragraph at lines 742--951
\T1/phv/b/n/10 DO[]_[][]ILLUMINATOR[]_[][]CONFIGURE \T1/phv/m/n/10 =406 , \T1/p
hv/b/n/10 GET[]_[][]HOME[]_[][]POSITION \T1/phv/m/n/10 =410 , \T1/phv/b/n/10 IN
JECT[]_[][]FAILURE \T1/phv/m/n/10 =420 ,
 []


Underfull \hbox (badness 1242) in paragraph at lines 742--951
\T1/phv/b/n/10 VIDEO[]_[][]START[]_[][]CAPTURE \T1/phv/m/n/10 =2500 , \T1/phv/b
/n/10 VIDEO[]_[][]STOP[]_[][]CAPTURE \T1/phv/m/n/10 =2501 , \T1/phv/b/n/10 VIDE
O[]_[][]START[]_[][]STREAMING
 []


Underfull \hbox (badness 887) in paragraph at lines 742--951
\T1/phv/b/n/10 REQUEST[]_[][]VIDEO[]_[][]STREAM[]_[][]INFORMATION \T1/phv/m/n/1
0 =2504 , \T1/phv/b/n/10 REQUEST[]_[][]VIDEO[]_[][]STREAM[]_[][]STATUS \T1/phv/
m/n/10 =2505 ,
 []


Underfull \hbox (badness 900) in paragraph at lines 742--951
\T1/phv/b/n/10 AIRFRAME[]_[][]CONFIGURATION \T1/phv/m/n/10 =2520 , \T1/phv/b/n/
10 CONTROL[]_[][]HIGH[]_[][]LATENCY \T1/phv/m/n/10 =2600 , \T1/phv/b/n/10 PANOR
AMA[]_[][]CREATE
 []


Underfull \hbox (badness 6445) in paragraph at lines 742--951
\T1/phv/b/n/10 WAYPOINT[]_[][]USER[]_[]2 \T1/phv/m/n/10 =31001 , \T1/phv/b/n/10
 WAYPOINT[]_[][]USER[]_[]3 \T1/phv/m/n/10 =31002 , \T1/phv/b/n/10 WAYPOINT[]_[]
[]USER[]_[]4 \T1/phv/m/n/10 =31003 ,
 []

[811] [812] [813]
Underfull \hbox (badness 1577) in paragraph at lines 1128--1183
\T1/phv/b/n/10 ROTATION[]_[][]PITCH[]_[]90 \T1/phv/m/n/10 =24 , \T1/phv/b/n/10 
ROTATION[]_[][]PITCH[]_[]270 \T1/phv/m/n/10 =25 , \T1/phv/b/n/10 ROTATION[]_[][
]PITCH[]_[]180[]_[][]YAW[]_[]90 \T1/phv/m/n/10 =26 ,
 []

[814]
Underfull \hbox (badness 3547) in paragraph at lines 1244--1257
\T1/phv/b/n/10 OVER[]_[][]TEMPERATURE \T1/phv/m/n/10 =16 , \T1/phv/b/n/10 UNDER
[]_[][]TEMPERATURE \T1/phv/m/n/10 =32 , \T1/phv/b/n/10 INCOMPATIBLE[]_[][]VOLTA
GE \T1/phv/m/n/10 =64 ,
 []


Overfull \hbox (19.66106pt too wide) in paragraph at lines 1263--1293
\T1/phv/b/n/10 ELECTRONICS[]_[][]OVERTEMP[]_[][]WARNING \T1/phv/m/n/10 =256 , \
T1/phv/b/n/10 ELECTRONICS[]_[][]OVERTEMP[]_[][]FAULT \T1/phv/m/n/10 =512 , \T1/
phv/b/n/10 ELECTRONICS[]
 []

[815]
Underfull \hbox (badness 10000) in paragraph at lines 1417--1418

 []

[816]
Underfull \hbox (badness 10000) in paragraph at lines 1593--1594

 []


Underfull \hbox (badness 1590) in paragraph at lines 1599--1603
[]\T1/phv/m/n/10 enum class [] { \T1/phv/b/n/10 SPEKTRUM[]_[][]DSM2 \T1/phv/m/n
/10 =0 , \T1/phv/b/n/10 SPEKTRUM[]_[][]DSMX \T1/phv/m/n/10 =1 ,
 []

[817]
Underfull \hbox (badness 2735) in paragraph at lines 1707--1727
\T1/phv/b/n/10 STORM32[]_[][]RESERVED3 \T1/phv/m/n/10 =203 , \T1/phv/b/n/10 STO
RM32[]_[][]RESERVED4 \T1/phv/m/n/10 =204 , \T1/phv/b/n/10 STORM32[]_[][]RESERVE
D5 \T1/phv/m/n/10 =205 ,
 []


Underfull \hbox (badness 2735) in paragraph at lines 1707--1727
\T1/phv/b/n/10 STORM32[]_[][]RESERVED7 \T1/phv/m/n/10 =207 , \T1/phv/b/n/10 STO
RM32[]_[][]RESERVED8 \T1/phv/m/n/10 =208 , \T1/phv/b/n/10 STORM32[]_[][]RESERVE
D9 \T1/phv/m/n/10 =209 ,
 []


Underfull \hbox (badness 10000) in paragraph at lines 1727--1728

 []


Underfull \hbox (badness 10000) in paragraph at lines 1738--1739

 []


Underfull \hbox (badness 10000) in paragraph at lines 1762--1763

 []


Underfull \hbox (badness 10000) in paragraph at lines 1773--1774

 []

[818]
Underfull \hbox (badness 10000) in paragraph at lines 1779--1780

 []


Underfull \hbox (badness 10000) in paragraph at lines 1800--1801

 []


Underfull \hbox (badness 10000) in paragraph at lines 1813--1814

 []


Underfull \hbox (badness 10000) in paragraph at lines 1824--1825

 []


Underfull \hbox (badness 10000) in paragraph at lines 1848--1849

 []


Underfull \hbox (badness 10000) in paragraph at lines 1860--1861

 []


Underfull \hbox (badness 10000) in paragraph at lines 1867--1868

 []


Underfull \hbox (badness 10000) in paragraph at lines 1874--1875

 []


Underfull \hbox (badness 10000) in paragraph at lines 1880--1881

 []


Underfull \hbox (badness 10000) in paragraph at lines 1888--1889

 []


Underfull \hbox (badness 10000) in paragraph at lines 1902--1903

 []


Underfull \hbox (badness 10000) in paragraph at lines 1907--1908

 []

[819]
Underfull \hbox (badness 10000) in paragraph at lines 1913--1914

 []


Underfull \hbox (badness 3646) in paragraph at lines 1920--2047
\T1/phv/b/n/10 PASSENGER \T1/phv/m/n/10 =60 , \T1/phv/b/n/10 PASSENGER[]_[][]HA
ZARDOUS[]_[]A \T1/phv/m/n/10 =61 , \T1/phv/b/n/10 PASSENGER[]_[][]HAZARDOUS[]_[
]B \T1/phv/m/n/10 =62 ,
 []


Underfull \hbox (badness 3068) in paragraph at lines 1920--2047
\T1/phv/b/n/10 PASSENGER[]_[][]RESERVED[]_[]4 \T1/phv/m/n/10 =68 , \T1/phv/b/n/
10 PASSENGER[]_[][]UNKNOWN \T1/phv/m/n/10 =69 , \T1/phv/b/n/10 CARGO \T1/phv/m/
n/10 =70 , \T1/phv/b/n/10 CARGO[]_[][]
 []


Underfull \hbox (badness 1997) in paragraph at lines 1920--2047
\T1/phv/b/n/10 CARGO[]_[][]HAZARDOUS[]_[]B \T1/phv/m/n/10 =72 , \T1/phv/b/n/10 
CARGO[]_[][]HAZARDOUS[]_[]C \T1/phv/m/n/10 =73 , \T1/phv/b/n/10 CARGO[]_[][]HAZ
ARDOUS[]_[]D \T1/phv/m/n/10 =74 ,
 []


Underfull \hbox (badness 3088) in paragraph at lines 1920--2047
\T1/phv/b/n/10 TANKER \T1/phv/m/n/10 =80 , \T1/phv/b/n/10 TANKER[]_[][]HAZARDOU
S[]_[]A \T1/phv/m/n/10 =81 , \T1/phv/b/n/10 TANKER[]_[][]HAZARDOUS[]_[]B \T1/ph
v/m/n/10 =82 , \T1/phv/b/n/10 TANKER[]_[][]
 []


Underfull \hbox (badness 1264) in paragraph at lines 2071--2089
\T1/phv/b/n/10 LARGE[]_[][]STERN[]_[][]DIMENSION \T1/phv/m/n/10 =256 , \T1/phv/
b/n/10 LARGE[]_[][]PORT[]_[][]DIMENSION \T1/phv/m/n/10 =512 , \T1/phv/b/n/10 LA
RGE[]_[][]STARBOARD[]_[][]
 []

[820]
Underfull \hbox (badness 1337) in paragraph at lines 2125--2130
[][] \T1/phv/m/n/10 enum class [] { \T1/phv/b/n/10 DE-FAULT \T1/phv/m/n/10 =0 ,
 \T1/phv/b/n/10 FW[]_[][]DESCENT \T1/phv/m/n/10 =1 ,
 []


Underfull \hbox (badness 10000) in paragraph at lines 2130--2131

 []


Underfull \hbox (badness 10000) in paragraph at lines 2165--2166

 []


Underfull \hbox (badness 10000) in paragraph at lines 2221--2222

 []

[821] [822] [823] [824] [825] [826] [827] [828]
Underfull \hbox (badness 10000) detected at line 2776
[][][]
 []

[829] [830] [831] [832]
Underfull \hbox (badness 1552) in paragraph at lines 3011--3014
[]\T1/phv/m/n/10 Based on RFC-5424 us-ing ex-panded def-i-ni-tions at[]: [][] \
T1/pcr/m/n/10 http[]://www.[]kiwisyslog.[]com/kb/info[]
 []

[833]
Underfull \hbox (badness 1127) in paragraph at lines 3069--3070
[]\T1/phv/m/n/10 Actions for read-ing/writing pa-ram-e-ters be-tween per-sis-te
nt and volatile stor-age when us-ing MAV[]_[][]CMD[]_[][]
 []

) (./common_2gtestsuite_8hpp.tex [834] <./common_2gtestsuite_8hpp__incl.pdf

pdfTeX warning: pdflatex (file ./common_2gtestsuite_8hpp__incl.pdf): PDF inclus
ion: multiple pdfs with page group included in a single page
>
<common_2gtestsuite_8hpp__incl.pdf, id=33450, 6955.9875pt x 302.12875pt>
File: common_2gtestsuite_8hpp__incl.pdf Graphic file (type pdf)
<use common_2gtestsuite_8hpp__incl.pdf>
Package pdftex.def Info: common_2gtestsuite_8hpp__incl.pdf  used on input line 
14.
(pdftex.def)             Requested size: 350.0pt x 15.19952pt.
 [835] [836] [837] [838]
Underfull \hbox (badness 10000) detected at line 715
[][][]
 []

) (./minimal_2gtestsuite_8hpp.tex [839] <./minimal_2gtestsuite_8hpp__incl.pdf

pdfTeX warning: pdflatex (file ./minimal_2gtestsuite_8hpp__incl.pdf): PDF inclu
sion: multiple pdfs with page group included in a single page
>
<minimal_2gtestsuite_8hpp__incl.pdf, id=33716, 1106.1325pt x 403.5075pt>
File: minimal_2gtestsuite_8hpp__incl.pdf Graphic file (type pdf)
<use minimal_2gtestsuite_8hpp__incl.pdf>
Package pdftex.def Info: minimal_2gtestsuite_8hpp__incl.pdf  used on input line
 14.
(pdftex.def)             Requested size: 350.0pt x 127.67198pt.

Underfull \hbox (badness 10000) detected at line 28
[][][]
 []

) (./standard_2gtestsuite_8hpp.tex <./standard_2gtestsuite_8hpp__incl.pdf

pdfTeX warning: pdflatex (file ./standard_2gtestsuite_8hpp__incl.pdf): PDF incl
usion: multiple pdfs with page group included in a single page
>
<standard_2gtestsuite_8hpp__incl.pdf, id=33725, 1127.21124pt x 470.75874pt>
File: standard_2gtestsuite_8hpp__incl.pdf Graphic file (type pdf)
<use standard_2gtestsuite_8hpp__incl.pdf>
Package pdftex.def Info: standard_2gtestsuite_8hpp__incl.pdf  used on input lin
e 14.
(pdftex.def)             Requested size: 350.0pt x 146.17075pt.
 [840]
Underfull \hbox (badness 10000) detected at line 31
[][][]
 []

) (./common_2mavlink_8h.tex <./common_2mavlink_8h__incl.pdf>
<common_2mavlink_8h__incl.pdf, id=33743, 7170.79pt x 245.91875pt>
File: common_2mavlink_8h__incl.pdf Graphic file (type pdf)
<use common_2mavlink_8h__incl.pdf>
Package pdftex.def Info: common_2mavlink_8h__incl.pdf  used on input line 14.
(pdftex.def)             Requested size: 350.0pt x 12.00021pt.
 <./common_2mavlink_8h__dep__incl.pdf

pdfTeX warning: pdflatex (file ./common_2mavlink_8h__dep__incl.pdf): PDF inclus
ion: multiple pdfs with page group included in a single page
>
<common_2mavlink_8h__dep__incl.pdf, id=33751, 1122.1925pt x 593.21625pt>
File: common_2mavlink_8h__dep__incl.pdf Graphic file (type pdf)
<use common_2mavlink_8h__dep__incl.pdf>
Package pdftex.def Info: common_2mavlink_8h__dep__incl.pdf  used on input line 
22.
(pdftex.def)             Requested size: 350.0pt x 185.01755pt.
 [841]
Underfull \hbox (badness 10000) detected at line 54
[][][]
 []

) (./minimal_2mavlink_8h.tex <./minimal_2mavlink_8h__incl.pdf>
<minimal_2mavlink_8h__incl.pdf, id=33779, 684.5575pt x 403.5075pt>
File: minimal_2mavlink_8h__incl.pdf Graphic file (type pdf)
<use minimal_2mavlink_8h__incl.pdf>
Package pdftex.def Info: minimal_2mavlink_8h__incl.pdf  used on input line 14.
(pdftex.def)             Requested size: 350.0pt x 206.30945pt.

Underfull \hbox (badness 10000) detected at line 46
[][][]
 []

) (./standard_2mavlink_8h.tex [842] <./standard_2mavlink_8h__incl.pdf>
<standard_2mavlink_8h__incl.pdf, id=33803, 684.5575pt x 470.75874pt>
File: standard_2mavlink_8h__incl.pdf Graphic file (type pdf)
<use standard_2mavlink_8h__incl.pdf>
Package pdftex.def Info: standard_2mavlink_8h__incl.pdf  used on input line 14.

(pdftex.def)             Requested size: 350.0pt x 240.69435pt.

Underfull \hbox (badness 10000) detected at line 46
[][][]
 []

) (./common_2testsuite_8h.tex <./common_2testsuite_8h__incl.pdf

pdfTeX warning: pdflatex (file ./common_2testsuite_8h__incl.pdf): PDF inclusion
: multiple pdfs with page group included in a single page
>
<common_2testsuite_8h__incl.pdf, id=33812, 223.83624pt x 234.8775pt>
File: common_2testsuite_8h__incl.pdf Graphic file (type pdf)
<use common_2testsuite_8h__incl.pdf>
Package pdftex.def Info: common_2testsuite_8h__incl.pdf  used on input line 13.

(pdftex.def)             Requested size: 223.0pt x 234.00601pt.
 [843]
Underfull \hbox (badness 10000) detected at line 21
[][][]
 []

) (./minimal_2testsuite_8h.tex <./minimal_2testsuite_8h__dep__incl.pdf>
<minimal_2testsuite_8h__dep__incl.pdf, id=33835, 223.83624pt x 279.0425pt>
File: minimal_2testsuite_8h__dep__incl.pdf Graphic file (type pdf)
<use minimal_2testsuite_8h__dep__incl.pdf>
Package pdftex.def Info: minimal_2testsuite_8h__dep__incl.pdf  used on input li
ne 12.
(pdftex.def)             Requested size: 223.0pt x 278.00714pt.

[844]
Underfull \hbox (badness 10000) detected at line 20
[][][]
 []

) (./standard_2testsuite_8h.tex <./standard_2testsuite_8h__incl.pdf>
<standard_2testsuite_8h__incl.pdf, id=33850, 223.83624pt x 178.6675pt>
File: standard_2testsuite_8h__incl.pdf Graphic file (type pdf)
<use standard_2testsuite_8h__incl.pdf>
Package pdftex.def Info: standard_2testsuite_8h__incl.pdf  used on input line 1
3.
(pdftex.def)             Requested size: 223.0pt x 178.00456pt.
 [845] <./standard_2testsuite_8h__dep__incl.pdf>
<standard_2testsuite_8h__dep__incl.pdf, id=33864, 223.83624pt x 200.75pt>
File: standard_2testsuite_8h__dep__incl.pdf Graphic file (type pdf)
<use standard_2testsuite_8h__dep__incl.pdf>
Package pdftex.def Info: standard_2testsuite_8h__dep__incl.pdf  used on input l
ine 20.
(pdftex.def)             Requested size: 223.0pt x 200.00513pt.

Underfull \hbox (badness 10000) detected at line 28
[][][]
 []

) (./common_2version_8h.tex <./common_2version_8h__dep__incl.pdf

pdfTeX warning: pdflatex (file ./common_2version_8h__dep__incl.pdf): PDF inclus
ion: multiple pdfs with page group included in a single page
>
<common_2version_8h__dep__incl.pdf, id=33873, 1122.1925pt x 671.50874pt>
File: common_2version_8h__dep__incl.pdf Graphic file (type pdf)
<use common_2version_8h__dep__incl.pdf>
Package pdftex.def Info: common_2version_8h__dep__incl.pdf  used on input line 
13.
(pdftex.def)             Requested size: 350.0pt x 209.43611pt.
 [846]
Underfull \hbox (badness 10000) detected at line 36
[][][]
 []

) (./minimal_2version_8h.tex <./minimal_2version_8h__dep__incl.pdf>
<minimal_2version_8h__dep__incl.pdf, id=33889, 221.82875pt x 200.75pt>
File: minimal_2version_8h__dep__incl.pdf Graphic file (type pdf)
<use minimal_2version_8h__dep__incl.pdf>
Package pdftex.def Info: minimal_2version_8h__dep__incl.pdf  used on input line
 12.
(pdftex.def)             Requested size: 221.0pt x 199.99901pt.
 [847]
Underfull \hbox (badness 10000) detected at line 35
[][][]
 []

) (./standard_2version_8h.tex <./standard_2version_8h__dep__incl.pdf>
<standard_2version_8h__dep__incl.pdf, id=33910, 223.83624pt x 200.75pt>
File: standard_2version_8h__dep__incl.pdf Graphic file (type pdf)
<use standard_2version_8h__dep__incl.pdf>
Package pdftex.def Info: standard_2version_8h__dep__incl.pdf  used on input lin
e 12.
(pdftex.def)             Requested size: 223.0pt x 200.00513pt.
 [848]
Underfull \hbox (badness 10000) detected at line 35
[][][]
 []

) (./mavlink__conversions_8h.tex <./mavlink__conversions_8h__incl.pdf>
<mavlink__conversions_8h__incl.pdf, id=33931, 220.825pt x 178.6675pt>
File: mavlink__conversions_8h__incl.pdf Graphic file (type pdf)
<use mavlink__conversions_8h__incl.pdf>
Package pdftex.def Info: mavlink__conversions_8h__incl.pdf  used on input line 
13.
(pdftex.def)             Requested size: 220.0pt x 178.0073pt.
 [849] <./mavlink__conversions_8h__dep__incl.pdf>
<mavlink__conversions_8h__dep__incl.pdf, id=33950, 1309.89375pt x 1051.93pt>
File: mavlink__conversions_8h__dep__incl.pdf Graphic file (type pdf)
<use mavlink__conversions_8h__dep__incl.pdf>
Package pdftex.def Info: mavlink__conversions_8h__dep__incl.pdf  used on input 
line 21.
(pdftex.def)             Requested size: 350.0pt x 281.07149pt.
 [850]
Underfull \hbox (badness 10000) detected at line 52
[][][]
 []

[851] [852]) (./minimal_8h.tex <./minimal_8h__incl.pdf

pdfTeX warning: pdflatex (file ./minimal_8h__incl.pdf): PDF inclusion: multiple
 pdfs with page group included in a single page
>
<minimal_8h__incl.pdf, id=33994, 684.5575pt x 347.2975pt>
File: minimal_8h__incl.pdf Graphic file (type pdf)
<use minimal_8h__incl.pdf>
Package pdftex.def Info: minimal_8h__incl.pdf  used on input line 14.
(pdftex.def)             Requested size: 350.0pt x 177.56982pt.
 [853] <./minimal_8h__dep__incl.pdf

pdfTeX warning: pdflatex (file ./minimal_8h__dep__incl.pdf): PDF inclusion: mul
tiple pdfs with page group included in a single page
>
<minimal_8h__dep__incl.pdf, id=34009, 1122.1925pt x 828.09375pt>
File: minimal_8h__dep__incl.pdf Graphic file (type pdf)
<use minimal_8h__dep__incl.pdf>
Package pdftex.def Info: minimal_8h__dep__incl.pdf  used on input line 22.
(pdftex.def)             Requested size: 350.0pt x 258.27324pt.
 [854]
Underfull \hbox (badness 10000) in paragraph at lines 54--55

 []


Underfull \hbox (badness 2478) in paragraph at lines 85--116
\T1/phv/b/n/10 AUTOPILOT[]_[][]GENERIC[]_[][]WAYPOINTS[]_[][]AND[]_[][]SIMPLE[]
_[][]NAVIGATION[]_[][]ONLY \T1/phv/m/n/10 =6 , \T1/phv/b/n/10 MAV[]_[][]AUTOPIL
OT[]_[][]
 []


Underfull \hbox (badness 874) in paragraph at lines 116--183
\T1/phv/b/n/10 MAV[]_[][]TYPE[]_[][]VTOL[]_[][]TAILSITTER[]_[][]QUADROTOR \T1/p
hv/m/n/10 =20 , \T1/phv/b/n/10 MAV[]_[][]TYPE[]_[][]VTOL[]_[][]TILTROTOR \T1/ph
v/m/n/10 =21 , \T1/phv/b/n/10 MAV[]_[][]
 []

[855]
Underfull \hbox (badness 10000) in paragraph at lines 198--213
\T1/phv/b/n/10 MAV[]_[][]MODE[]_[][]FLAG[]_[][]DECODE[]_[][]POSITION[]_[][]CUST
OM[]_[][]MODE \T1/phv/m/n/10 =1 , \T1/phv/b/n/10 MAV[]_[][]MODE[]_[][]FLAG[]_[]
[]DECODE[]_[][]
 []


Underfull \hbox (badness 1297) in paragraph at lines 198--213
\T1/phv/b/n/10 POSITION[]_[][]TEST \T1/phv/m/n/10 =2 , \T1/phv/b/n/10 MAV[]_[][
]MODE[]_[][]FLAG[]_[][]DECODE[]_[][]POSITION[]_[][]AUTO \T1/phv/m/n/10 =4 , \T1
/phv/b/n/10 MAV[]_[][]MODE[]_[][]FLAG[]_[][]
 []


Underfull \hbox (badness 2818) in paragraph at lines 229--406
\T1/phv/b/n/10 MAV[]_[][]COMP[]_[][]ID[]_[][]MAVCAN \T1/phv/m/n/10 =189 , \T1/p
hv/b/n/10 MAV[]_[][]COMP[]_[][]ID[]_[][]MISSIONPLANNER \T1/phv/m/n/10 =190 , \T
1/phv/b/n/10 MAV[]_[][]COMP[]_[][]ID[]_[][]
 []


Underfull \hbox (badness 931) in paragraph at lines 229--406
\T1/phv/b/n/10 MAV[]_[][]COMP[]_[][]ID[]_[][]ONBOARD[]_[][]COMPUTER3 \T1/phv/m/
n/10 =193 , \T1/phv/b/n/10 MAV[]_[][]COMP[]_[][]ID[]_[][]ONBOARD[]_[][]COMPUTER
4 \T1/phv/m/n/10 =194 ,
 []


Underfull \hbox (badness 1087) in paragraph at lines 229--406
\T1/phv/b/n/10 MAV[]_[][]COMP[]_[][]ID[]_[][]TUNNEL[]_[][]NODE \T1/phv/m/n/10 =
242 , \T1/phv/b/n/10 MAV[]_[][]COMP[]_[][]ID[]_[][]ILLUMINATOR \T1/phv/m/n/10 =
243 , \T1/phv/b/n/10 MAV[]_[][]COMP[]_[][]ID[]_[][]
 []

[856]
Underfull \hbox (badness 10000) detected at line 412
[][][]
 []

[857]
Overfull \hbox (163.95628pt too wide) in paragraph at lines 438--438
[]\T1/pcr/m/n/8 Components are not required or expected to use IDs with names t
hat correspond to their type or function, but may choose to do so. 
 []


Overfull \hbox (408.75644pt too wide) in paragraph at lines 439--439
[]\T1/pcr/m/n/8 Using an ID that matches the type may slightly reduce the chanc
es of component id clashes, as, for historical reasons, it is less likely to be
 used by some other type of component.[] 
 []


Overfull \hbox (183.1563pt too wide) in paragraph at lines 443--443
[]\T1/pcr/m/n/8 A component can use any unique ID between 1 and 255 (MAV_COMP_I
D_ALL value is the broadcast address, used to send to all components).[] 
 []


Overfull \hbox (125.55626pt too wide) in paragraph at lines 446--446
[]\T1/pcr/m/n/8 New code must not use component IDs to infer the component type
, but instead check the MAV_TYPE in the HEARTBEAT message![] 
 []

) (./minimal_8hpp.tex <./minimal_8hpp__incl.pdf

pdfTeX warning: pdflatex (file ./minimal_8hpp__incl.pdf): PDF inclusion: multip
le pdfs with page group included in a single page
>
<minimal_8hpp__incl.pdf, id=34071, 1106.1325pt x 347.2975pt>
File: minimal_8hpp__incl.pdf Graphic file (type pdf)
<use minimal_8hpp__incl.pdf>
Package pdftex.def Info: minimal_8hpp__incl.pdf  used on input line 17.
(pdftex.def)             Requested size: 350.0pt x 109.88683pt.
 [858] <./minimal_8hpp__dep__incl.pdf

pdfTeX warning: pdflatex (file ./minimal_8hpp__dep__incl.pdf): PDF inclusion: m
ultiple pdfs with page group included in a single page
>
<minimal_8hpp__dep__incl.pdf, id=34083, 463.7325pt x 357.335pt>
File: minimal_8hpp__dep__incl.pdf Graphic file (type pdf)
<use minimal_8hpp__dep__incl.pdf>
Package pdftex.def Info: minimal_8hpp__dep__incl.pdf  used on input line 24.
(pdftex.def)             Requested size: 350.0pt x 269.70175pt.

Underfull \hbox (badness 4353) in paragraph at lines 36--64
\T1/phv/b/n/10 OPENPILOT \T1/phv/m/n/10 =4 , \T1/phv/b/n/10 GENERIC[]_[][]WAYPO
INTS[]_[][]ONLY \T1/phv/m/n/10 =5 , \T1/phv/b/n/10 GENERIC[]_[][]WAYPOINTS[]_[]
[]AND[]_[][]SIMPLE[]_[][]
 []

[859]
Underfull \hbox (badness 10000) in paragraph at lines 169--170

 []

[860] [861]
Underfull \hbox (badness 10000) detected at line 379
[][][]
 []


Overfull \hbox (163.95628pt too wide) in paragraph at lines 405--405
[]\T1/pcr/m/n/8 Components are not required or expected to use IDs with names t
hat correspond to their type or function, but may choose to do so. 
 []


Overfull \hbox (408.75644pt too wide) in paragraph at lines 406--406
[]\T1/pcr/m/n/8 Using an ID that matches the type may slightly reduce the chanc
es of component id clashes, as, for historical reasons, it is less likely to be
 used by some other type of component.[] 
 []


Overfull \hbox (183.1563pt too wide) in paragraph at lines 410--410
[]\T1/pcr/m/n/8 A component can use any unique ID between 1 and 255 (MAV_COMP_I
D_ALL value is the broadcast address, used to send to all components).[] 
 []


Overfull \hbox (125.55626pt too wide) in paragraph at lines 413--413
[]\T1/pcr/m/n/8 New code must not use component IDs to infer the component type
, but instead check the MAV_TYPE in the HEARTBEAT message![] 
 []

) (./standard_8h.tex [862] <./standard_8h__incl.pdf

pdfTeX warning: pdflatex (file ./standard_8h__incl.pdf): PDF inclusion: multipl
e pdfs with page group included in a single page
>
<standard_8h__incl.pdf, id=34150, 684.5575pt x 414.54875pt>
File: standard_8h__incl.pdf Graphic file (type pdf)
<use standard_8h__incl.pdf>
Package pdftex.def Info: standard_8h__incl.pdf  used on input line 16.
(pdftex.def)             Requested size: 350.0pt x 211.95473pt.
 <./standard_8h__dep__incl.pdf

pdfTeX warning: pdflatex (file ./standard_8h__dep__incl.pdf): PDF inclusion: mu
ltiple pdfs with page group included in a single page
>
<standard_8h__dep__incl.pdf, id=34158, 1122.1925pt x 749.80125pt>
File: standard_8h__dep__incl.pdf Graphic file (type pdf)
<use standard_8h__dep__incl.pdf>
Package pdftex.def Info: standard_8h__dep__incl.pdf  used on input line 24.
(pdftex.def)             Requested size: 350.0pt x 233.85468pt.
 [863]
Underfull \hbox (badness 4416) in paragraph at lines 76--107
\T1/phv/b/n/10 MAV[]_[][]PROTOCOL[]_[][]CAPABILITY[]_[][]MISSION[]_[][]FLOAT \T
1/phv/m/n/10 =1 , \T1/phv/b/n/10 MAV[]_[][]PROTOCOL[]_[][]CAPABILITY[]_[][]PARA
M[]_[][]
 []


Underfull \hbox (badness 808) in paragraph at lines 76--107
\T1/phv/b/n/10 FLOAT \T1/phv/m/n/10 =2 , \T1/phv/b/n/10 MAV[]_[][]PROTOCOL[]_[]
[]CAPABILITY[]_[][]MISSION[]_[][]INT \T1/phv/m/n/10 =4 , \T1/phv/b/n/10 MAV[]_[
][]PROTOCOL[]_[][]CAPABILITY[]_[][]
 []


Underfull \hbox (badness 1596) in paragraph at lines 76--107
\T1/phv/b/n/10 _[][]FTP \T1/phv/m/n/10 =32 , \T1/phv/b/n/10 MAV[]_[][]PROTOCOL[
]_[][]CAPABILITY[]_[][]SET[]_[][]ATTITUDE[]_[][]TARGET \T1/phv/m/n/10 =64 , \T1
/phv/b/n/10 MAV[]_[][]PROTOCOL[]_[][]
 []


Underfull \hbox (badness 918) in paragraph at lines 76--107
\T1/phv/b/n/10 MAV[]_[][]PROTOCOL[]_[][]CAPABILITY[]_[][]SET[]_[][]POSITION[]_[
][]TARGET[]_[][]GLOBAL[]_[][]INT \T1/phv/m/n/10 =256 , \T1/phv/b/n/10 MAV[]_[][
]PROTOCOL[]
 []


Underfull \hbox (badness 5417) in paragraph at lines 76--107
\T1/phv/b/n/10 _[][]CAPABILITY[]_[][]TERRAIN \T1/phv/m/n/10 =512 , \T1/phv/b/n/
10 MAV[]_[][]PROTOCOL[]_[][]CAPABILITY[]_[][]RESERVED3 \T1/phv/m/n/10 =1024 , \
T1/phv/b/n/10 MAV[]_[][]
 []


Underfull \hbox (badness 6808) in paragraph at lines 76--107
\T1/phv/b/n/10 MAV[]_[][]PROTOCOL[]_[][]CAPABILITY[]_[][]RESERVED2 \T1/phv/m/n/
10 =65536 , \T1/phv/b/n/10 MAV[]_[][]PROTOCOL[]_[][]CAPABILITY[]_[][]PARAM[]
 []


Underfull \hbox (badness 10000) in paragraph at lines 76--107
\T1/phv/b/n/10 _[][]ENCODE[]_[][]C[]_[][]CAST \T1/phv/m/n/10 =131072 , \T1/phv/
b/n/10 MAV[]_[][]PROTOCOL[]_[][]CAPABILITY[]_[][]COMPONENT[]_[][]IMPLEMENTS[]_[
][]
 []


Underfull \hbox (badness 3965) in paragraph at lines 76--107
\T1/phv/b/n/10 GIMBAL[]_[][]MANAGER \T1/phv/m/n/10 =262144 , \T1/phv/b/n/10 MAV
[]_[][]PROTOCOL[]_[][]CAPABILITY[]_[][]COMPONENT[]_[][]ACCEPTS[]_[][]GCS[]_[][]

 []


Underfull \hbox (badness 2376) in paragraph at lines 76--107
\T1/phv/b/n/10 MAV[]_[][]PROTOCOL[]_[][]CAPABILITY[]_[][]GRIPPER \T1/phv/m/n/10
 =1048576 , \T1/phv/b/n/10 MAV[]_[][]PROTOCOL[]_[][]CAPABILITY[]_[][]ENUM[]_[][
]END
 []

[864]
Underfull \hbox (badness 10000) detected at line 123
[][][]
 []

) (./standard_8hpp.tex <./standard_8hpp__incl.pdf>
<standard_8hpp__incl.pdf, id=34198, 1127.21124pt x 414.54875pt>
File: standard_8hpp__incl.pdf Graphic file (type pdf)
<use standard_8hpp__incl.pdf>
Package pdftex.def Info: standard_8hpp__incl.pdf  used on input line 19.
(pdftex.def)             Requested size: 350.0pt x 128.71751pt.
 [865] <./standard_8hpp__dep__incl.pdf

pdfTeX warning: pdflatex (file ./standard_8hpp__dep__incl.pdf): PDF inclusion: 
multiple pdfs with page group included in a single page
>
<standard_8hpp__dep__incl.pdf, id=34213, 385.44pt x 279.0425pt>
File: standard_8hpp__dep__incl.pdf Graphic file (type pdf)
<use standard_8hpp__dep__incl.pdf>
Package pdftex.def Info: standard_8hpp__dep__incl.pdf  used on input line 26.
(pdftex.def)             Requested size: 350.0pt x 253.38406pt.
 [866]
Underfull \hbox (badness 10000) detected at line 104
[][][]
 []

[867]) (./message__sender_8hpp.tex <./message__sender_8hpp__incl.pdf

pdfTeX warning: pdflatex (file ./message__sender_8hpp__incl.pdf): PDF inclusion
: multiple pdfs with page group included in a single page
>
<message__sender_8hpp__incl.pdf, id=34257, 6529.39375pt x 347.2975pt>
File: message__sender_8hpp__incl.pdf Graphic file (type pdf)
<use message__sender_8hpp__incl.pdf>
Package pdftex.def Info: message__sender_8hpp__incl.pdf  used on input line 10.

(pdftex.def)             Requested size: 350.0pt x 18.61122pt.
 <./message__sender_8hpp__dep__incl.pdf

pdfTeX warning: pdflatex (file ./message__sender_8hpp__dep__incl.pdf): PDF incl
usion: multiple pdfs with page group included in a single page
>
<message__sender_8hpp__dep__incl.pdf, id=34272, 477.785pt x 313.17pt>
File: message__sender_8hpp__dep__incl.pdf Graphic file (type pdf)
<use message__sender_8hpp__dep__incl.pdf>
Package pdftex.def Info: message__sender_8hpp__dep__incl.pdf  used on input lin
e 18.
(pdftex.def)             Requested size: 350.0pt x 229.4102pt.
 [868]
Underfull \hbox (badness 10000) detected at line 44
[][][]
 []


Underfull \hbox (badness 10000) detected at line 47
[][][]
 []


Underfull \hbox (badness 10000) detected at line 50
[][][]
 []

) (./message__structs_8h.tex <./message__structs_8h__incl.pdf>
<message__structs_8h__incl.pdf, id=34290, 6712.07625pt x 291.0875pt>
File: message__structs_8h__incl.pdf Graphic file (type pdf)
<use message__structs_8h__incl.pdf>
Package pdftex.def Info: message__structs_8h__incl.pdf  used on input line 15.
(pdftex.def)             Requested size: 350.0pt x 15.17705pt.
 <./message__structs_8h__dep__incl.pdf

pdfTeX warning: pdflatex (file ./message__structs_8h__dep__incl.pdf): PDF inclu
sion: multiple pdfs with page group included in a single page
>
<message__structs_8h__dep__incl.pdf, id=34305, 551.05875pt x 380.42125pt>
File: message__structs_8h__dep__incl.pdf Graphic file (type pdf)
<use message__structs_8h__dep__incl.pdf>
Package pdftex.def Info: message__structs_8h__dep__incl.pdf  used on input line
 23.
(pdftex.def)             Requested size: 350.0pt x 241.62865pt.
 [869]
Underfull \hbox (badness 10000) detected at line 52
[][][]
 []


Underfull \hbox (badness 10000) detected at line 55
[][][]
 []


Underfull \hbox (badness 10000) detected at line 58
[][][]
 []

) (./packetHandler_8h.tex <./packetHandler_8h__incl.pdf>
<packetHandler_8h__incl.pdf, id=34330, 5631.0375pt x 515.9275pt>
File: packetHandler_8h__incl.pdf Graphic file (type pdf)
<use packetHandler_8h__incl.pdf>
Package pdftex.def Info: packetHandler_8h__incl.pdf  used on input line 14.
(pdftex.def)             Requested size: 350.0pt x 32.06432pt.
 [870] <./packetHandler_8h__dep__incl.pdf>
<packetHandler_8h__dep__incl.pdf, id=34353, 458.71375pt x 245.91875pt>
File: packetHandler_8h__dep__incl.pdf Graphic file (type pdf)
<use packetHandler_8h__dep__incl.pdf>
Package pdftex.def Info: packetHandler_8h__dep__incl.pdf  used on input line 22
.
(pdftex.def)             Requested size: 350.0pt x 187.64691pt.

Underfull \hbox (badness 10000) detected at line 47
[][][]
 []

[871]
Underfull \hbox (badness 10000) detected at line 50
[][][]
 []


Underfull \hbox (badness 10000) detected at line 53
[][][]
 []


Underfull \hbox (badness 10000) detected at line 69
[][][]
 []


Underfull \hbox (badness 10000) detected at line 82
[][][]
 []

) (./setupFunctions_8h.tex <./setupFunctions_8h__incl.pdf>
<setupFunctions_8h__incl.pdf, id=34384, 5480.475pt x 572.1375pt>
File: setupFunctions_8h__incl.pdf Graphic file (type pdf)
<use setupFunctions_8h__incl.pdf>
Package pdftex.def Info: setupFunctions_8h__incl.pdf  used on input line 19.
(pdftex.def)             Requested size: 350.0pt x 36.53548pt.
 <./setupFunctions_8h__dep__incl.pdf

pdfTeX warning: pdflatex (file ./setupFunctions_8h__dep__incl.pdf): PDF inclusi
on: multiple pdfs with page group included in a single page
>
<setupFunctions_8h__dep__incl.pdf, id=34399, 353.32pt x 178.6675pt>
File: setupFunctions_8h__dep__incl.pdf Graphic file (type pdf)
<use setupFunctions_8h__dep__incl.pdf>
Package pdftex.def Info: setupFunctions_8h__dep__incl.pdf  used on input line 2
7.
(pdftex.def)             Requested size: 350.0pt x 176.9904pt.
 [872] [873]
Underfull \hbox (badness 10000) detected at line 52
[][][]
 []


Underfull \hbox (badness 10000) detected at line 55
[][][]
 []


Underfull \hbox (badness 10000) detected at line 58
[][][]
 []


Underfull \hbox (badness 10000) detected at line 74
[][][]
 []


Underfull \hbox (badness 10000) detected at line 87
[][][]
 []

[874]) (./stateHandler_8hpp.tex <./stateHandler_8hpp__incl.pdf

pdfTeX warning: pdflatex (file ./stateHandler_8hpp__incl.pdf): PDF inclusion: m
ultiple pdfs with page group included in a single page
>
<stateHandler_8hpp__incl.pdf, id=34435, 6235.295pt x 403.5075pt>
File: stateHandler_8hpp__incl.pdf Graphic file (type pdf)
<use stateHandler_8hpp__incl.pdf>
Package pdftex.def Info: stateHandler_8hpp__incl.pdf  used on input line 10.
(pdftex.def)             Requested size: 350.0pt x 22.64551pt.
 <./stateHandler_8hpp__dep__incl.pdf

pdfTeX warning: pdflatex (file ./stateHandler_8hpp__dep__incl.pdf): PDF inclusi
on: multiple pdfs with page group included in a single page
>
<stateHandler_8hpp__dep__incl.pdf, id=34450, 607.26875pt x 380.42125pt>
File: stateHandler_8hpp__dep__incl.pdf Graphic file (type pdf)
<use stateHandler_8hpp__dep__incl.pdf>
Package pdftex.def Info: stateHandler_8hpp__dep__incl.pdf  used on input line 1
8.
(pdftex.def)             Requested size: 350.0pt x 219.25713pt.
 [875]
Underfull \hbox (badness 10000) detected at line 35
[][][]
 []


Underfull \hbox (badness 10000) detected at line 38
[][][]
 []


Underfull \hbox (badness 10000) detected at line 41
[][][]
 []


Underfull \hbox (badness 10000) detected at line 59
[][][]
 []

) (./timer_8hpp.tex <./timer_8hpp__incl.pdf>
<timer_8hpp__incl.pdf, id=34474, 6529.39375pt x 347.2975pt>
File: timer_8hpp__incl.pdf Graphic file (type pdf)
<use timer_8hpp__incl.pdf>
Package pdftex.def Info: timer_8hpp__incl.pdf  used on input line 10.
(pdftex.def)             Requested size: 350.0pt x 18.61122pt.
 <./timer_8hpp__dep__incl.pdf

pdfTeX warning: pdflatex (file ./timer_8hpp__dep__incl.pdf): PDF inclusion: mul
tiple pdfs with page group included in a single page
>
<timer_8hpp__dep__incl.pdf, id=34489, 353.32pt x 178.6675pt>
File: timer_8hpp__dep__incl.pdf Graphic file (type pdf)
<use timer_8hpp__dep__incl.pdf>
Package pdftex.def Info: timer_8hpp__dep__incl.pdf  used on input line 18.
(pdftex.def)             Requested size: 350.0pt x 176.9904pt.
 [876]
Underfull \hbox (badness 10000) detected at line 40
[][][]
 []


Underfull \hbox (badness 10000) detected at line 43
[][][]
 []


Underfull \hbox (badness 10000) detected at line 46
[][][]
 []

[877]
Underfull \hbox (badness 10000) detected at line 82
[][][]
 []

) (./IOhandler_8cpp.tex <./IOhandler_8cpp__incl.pdf>
<IOhandler_8cpp__incl.pdf, id=34525, 6529.39375pt x 347.2975pt>
File: IOhandler_8cpp__incl.pdf Graphic file (type pdf)
<use IOhandler_8cpp__incl.pdf>
Package pdftex.def Info: IOhandler_8cpp__incl.pdf  used on input line 9.
(pdftex.def)             Requested size: 350.0pt x 18.61122pt.
 [878]
Underfull \hbox (badness 10000) detected at line 46
[][][]
 []


Underfull \hbox (badness 10000) detected at line 49
[][][]
 []


Underfull \hbox (badness 10000) detected at line 52
[][][]
 []


Overfull \vbox (7.24594pt too high) has occurred while \output is active []


[879]) (./message__sender_8cpp.tex <./message__sender_8cpp__incl.pdf

pdfTeX warning: pdflatex (file ./message__sender_8cpp__incl.pdf): PDF inclusion
: multiple pdfs with page group included in a single page
>
<message__sender_8cpp__incl.pdf, id=34572, 6378.83125pt x 403.5075pt>
File: message__sender_8cpp__incl.pdf Graphic file (type pdf)
<use message__sender_8cpp__incl.pdf>
Package pdftex.def Info: message__sender_8cpp__incl.pdf  used on input line 9.
(pdftex.def)             Requested size: 350.0pt x 22.13448pt.

Underfull \hbox (badness 10000) detected at line 24
[][][]
 []


Underfull \hbox (badness 10000) detected at line 27
[][][]
 []


Underfull \hbox (badness 10000) detected at line 30
[][][]
 []

) (./packet__receiver_8cpp.tex <./packet__receiver_8cpp__incl.pdf

pdfTeX warning: pdflatex (file ./packet__receiver_8cpp__incl.pdf): PDF inclusio
n: multiple pdfs with page group included in a single page
>
<packet__receiver_8cpp__incl.pdf, id=34589, 5795.6525pt x 515.9275pt>
File: packet__receiver_8cpp__incl.pdf Graphic file (type pdf)
<use packet__receiver_8cpp__incl.pdf>
Package pdftex.def Info: packet__receiver_8cpp__incl.pdf  used on input line 9.

(pdftex.def)             Requested size: 350.0pt x 31.15112pt.
 [880]
Underfull \hbox (badness 10000) detected at line 33
[][][]
 []


Underfull \hbox (badness 10000) detected at line 36
[][][]
 []


Underfull \hbox (badness 10000) detected at line 39
[][][]
 []

) (./packetHandler_8cpp.tex
Underfull \hbox (badness 1430) in paragraph at lines 42--1
\T1/phv/m/n/10 Part of packet re-ceiver li-brary; used in Sin-gle Hand Con-trol
ler for Scout De-fines mem-ber func-tions of
 []

 <./packetHandler_8cpp__incl.pdf>
<packetHandler_8cpp__incl.pdf, id=34618, 5480.475pt x 572.1375pt>
File: packetHandler_8cpp__incl.pdf Graphic file (type pdf)
<use packetHandler_8cpp__incl.pdf>
Package pdftex.def Info: packetHandler_8cpp__incl.pdf  used on input line 9.
(pdftex.def)             Requested size: 350.0pt x 36.53548pt.
 [881]
Underfull \hbox (badness 10000) detected at line 85
[][][]
 []


Underfull \hbox (badness 10000) detected at line 88
[][][]
 []


Underfull \hbox (badness 10000) detected at line 91
[][][]
 []

[882]
Underfull \hbox (badness 10000) detected at line 107
[][][]
 []


Underfull \hbox (badness 10000) detected at line 120
[][][]
 []

) (./setupFunctions_8cpp.tex <./setupFunctions_8cpp__incl.pdf

pdfTeX warning: pdflatex (file ./setupFunctions_8cpp__incl.pdf): PDF inclusion:
 multiple pdfs with page group included in a single page
>
<setupFunctions_8cpp__incl.pdf, id=34700, 5329.9125pt x 628.3475pt>
File: setupFunctions_8cpp__incl.pdf Graphic file (type pdf)
<use setupFunctions_8cpp__incl.pdf>
Package pdftex.def Info: setupFunctions_8cpp__incl.pdf  used on input line 9.
(pdftex.def)             Requested size: 350.0pt x 41.25629pt.
 [883]
Underfull \hbox (badness 10000) detected at line 39
[][][]
 []


Underfull \hbox (badness 10000) detected at line 42
[][][]
 []


Underfull \hbox (badness 10000) detected at line 45
[][][]
 []


Underfull \hbox (badness 10000) detected at line 61
[][][]
 []


Underfull \hbox (badness 10000) detected at line 74
[][][]
 []

) (./stateHandler_8cpp.tex <./stateHandler_8cpp__incl.pdf>
<stateHandler_8cpp__incl.pdf, id=34734, 6090.755pt x 459.7175pt>
File: stateHandler_8cpp__incl.pdf Graphic file (type pdf)
<use stateHandler_8cpp__incl.pdf>
Package pdftex.def Info: stateHandler_8cpp__incl.pdf  used on input line 9.
(pdftex.def)             Requested size: 350.0pt x 26.4104pt.
 [884]
Underfull \hbox (badness 10000) detected at line 38
[][][]
 []


Underfull \hbox (badness 10000) detected at line 41
[][][]
 []


Underfull \hbox (badness 10000) detected at line 44
[][][]
 []

[885]
Underfull \hbox (badness 10000) detected at line 66
[][][]
 []

) (./timer_8cpp.tex <./timer_8cpp__incl.pdf>
<timer_8cpp__incl.pdf, id=34781, 6378.83125pt x 403.5075pt>
File: timer_8cpp__incl.pdf Graphic file (type pdf)
<use timer_8cpp__incl.pdf>
Package pdftex.def Info: timer_8cpp__incl.pdf  used on input line 9.
(pdftex.def)             Requested size: 350.0pt x 22.13448pt.

Underfull \hbox (badness 10000) detected at line 40
[][][]
 []


Underfull \hbox (badness 10000) detected at line 43
[][][]
 []


Underfull \hbox (badness 10000) detected at line 46
[][][]
 []

[886]) [887] [888

] (./refman.ind
Underfull \hbox (badness 10000) in paragraph at lines 105--107
[]\T1/phv/m/n/10 __mavlink_local_position_ned_system_global_offset_t,
 []

[889


] [890]
Underfull \hbox (badness 10000) in paragraph at lines 266--267
[]| \T1/phv/m/n/10 HAVE_ENUM_ACTUATOR_CONFIGURATION,
 []


Underfull \hbox (badness 10000) in paragraph at lines 291--292
[]| \T1/phv/m/n/10 HAVE_ENUM_POSITION_TARGET_TYPEMASK,
 []


Overfull \hbox (40.8959pt too wide) in paragraph at lines 292--294
[]| \T1/phv/m/n/10 HAVE_ENUM_PREFLIGHT_STORAGE_MISSION_ACTION,
 []


Overfull \hbox (57.81583pt too wide) in paragraph at lines 294--296
[]| \T1/phv/m/n/10 HAVE_ENUM_PREFLIGHT_STORAGE_PARAMETER_ACTION,
 []


Underfull \hbox (badness 10000) in paragraph at lines 325--326
[]| \T1/phv/m/n/10 PRE-FLIGHT_STORAGE_PARAMETER_ACTION,
 []


Overfull \hbox (33.3993pt too wide) in paragraph at lines 334--336
[]| \T1/phv/m/n/10 mavlink::common::msg::ACTUATOR_CONTROL_TARGET,
 []


Overfull \hbox (24.49847pt too wide) in paragraph at lines 336--338
[]| \T1/phv/m/n/10 mavlink::common::msg::ACTUATOR_OUTPUT_STATUS,
 []


Overfull \hbox (27.17108pt too wide) in paragraph at lines 346--348
[]| \T1/phv/m/n/10 mavlink::common::msg::ATTITUDE_QUATERNION_COV,
 []


Overfull \hbox (79.93703pt too wide) in paragraph at lines 350--352
[]| \T1/phv/m/n/10 mavlink::common::msg::AUTOPILOT_STATE_FOR_GIMBAL_DEVICE,
 []


Overfull \hbox (29.04283pt too wide) in paragraph at lines 353--355
[]| \T1/phv/m/n/10 mavlink::common::msg::AVAILABLE_MODES_MONITOR,
 []

[891]
Overfull \hbox (21.57321pt too wide) in paragraph at lines 358--360
[]| \T1/phv/m/n/10 mavlink::common::msg::CAMERA_CAPTURE_STATUS,
 []


Underfull \hbox (badness 10000) in paragraph at lines 360--362
[]| \T1/phv/m/n/10 mavlink::common::msg::CAMERA_FOV_STATUS,
 []


Overfull \hbox (23.46306pt too wide) in paragraph at lines 362--364
[]| \T1/phv/m/n/10 mavlink::common::msg::CAMERA_IMAGE_CAPTURED,
 []


Underfull \hbox (badness 10000) in paragraph at lines 366--367
[]| \T1/phv/m/n/10 mavlink::common::msg::CAMERA_SETTINGS,
 []


Overfull \hbox (20.23213pt too wide) in paragraph at lines 367--369
[]| \T1/phv/m/n/10 mavlink::common::msg::CAMERA_THERMAL_RANGE,
 []


Overfull \hbox (49.81465pt too wide) in paragraph at lines 369--371
[]| \T1/phv/m/n/10 mavlink::common::msg::CAMERA_TRACKING_GEO_STATUS,
 []


Overfull \hbox (58.54453pt too wide) in paragraph at lines 371--373
[]| \T1/phv/m/n/10 mavlink::common::msg::CAMERA_TRACKING_IMAGE_STATUS,
 []


Underfull \hbox (badness 10000) in paragraph at lines 374--376
[]| \T1/phv/m/n/10 mavlink::common::msg::CAN_FILTER_MODIFY,
 []


Underfull \hbox (badness 10000) in paragraph at lines 378--379
[]| \T1/phv/m/n/10 mavlink::common::msg::CELLULAR_CONFIG,
 []


Overfull \hbox (38.11496pt too wide) in paragraph at lines 380--382
[]| \T1/phv/m/n/10 mavlink::common::msg::CHANGE_OPERATOR_CONTROL,
 []


Overfull \hbox (61.35262pt too wide) in paragraph at lines 382--384
[]| \T1/phv/m/n/10 mavlink::common::msg::CHANGE_OPERATOR_CONTROL_ACK,
 []


Underfull \hbox (badness 10000) in paragraph at lines 386--387
[]| \T1/phv/m/n/10 mavlink::common::msg::COMMAND_CANCEL,
 []


Overfull \hbox (22.14009pt too wide) in paragraph at lines 389--391
[]| \T1/phv/m/n/10 mavlink::common::msg::COMPONENT_INFORMATION,
 []


Overfull \hbox (54.15247pt too wide) in paragraph at lines 391--393
[]| \T1/phv/m/n/10 mavlink::common::msg::COMPONENT_INFORMATION_BASIC,
 []


Overfull \hbox (31.14003pt too wide) in paragraph at lines 397--399
[]| \T1/phv/m/n/10 mavlink::common::msg::CURRENT_EVENT_SEQUENCE,
 []


Overfull \hbox (52.7216pt too wide) in paragraph at lines 401--403
[]| \T1/phv/m/n/10 mavlink::common::msg::DATA_TRANSMISSION_HANDSHAKE,
 []


Underfull \hbox (badness 10000) in paragraph at lines 404--406
[]| \T1/phv/m/n/10 mavlink::common::msg::DEBUG_FLOAT_ARRAY,
 []


Underfull \hbox (badness 10000) in paragraph at lines 407--408
[]| \T1/phv/m/n/10 mavlink::common::msg::DISTANCE_SENSOR,
 []


Underfull \hbox (badness 10000) in paragraph at lines 409--411
[]| \T1/phv/m/n/10 mavlink::common::msg::ENCAPSULATED_DATA,
 []


Underfull \hbox (badness 10000) in paragraph at lines 413--414
[]| \T1/phv/m/n/10 mavlink::common::msg::ESTIMATOR_STATUS,
 []


Overfull \hbox (59.08441pt too wide) in paragraph at lines 418--420
[]| \T1/phv/m/n/10 mavlink::common::msg::FIGURE_EIGHT_EXECUTION_STATUS,
 []


Overfull \hbox (23.84119pt too wide) in paragraph at lines 420--422
[]| \T1/phv/m/n/10 mavlink::common::msg::FILE_TRANSFER_PROTOCOL,
 []


Underfull \hbox (badness 10000) in paragraph at lines 422--424
[]| \T1/phv/m/n/10 mavlink::common::msg::FLIGHT_INFORMATION,
 []


Underfull \hbox (badness 10000) in paragraph at lines 426--427
[]| \T1/phv/m/n/10 mavlink::common::msg::GENERATOR_STATUS,
 []


Overfull \hbox (55.51146pt too wide) in paragraph at lines 427--429
[]| \T1/phv/m/n/10 mavlink::common::msg::GIMBAL_DEVICE_ATTITUDE_STATUS,
 []


Overfull \hbox (36.1616pt too wide) in paragraph at lines 429--431
[]| \T1/phv/m/n/10 mavlink::common::msg::GIMBAL_DEVICE_INFORMATION,
 []


Overfull \hbox (39.67162pt too wide) in paragraph at lines 431--433
[]| \T1/phv/m/n/10 mavlink::common::msg::GIMBAL_DEVICE_SET_ATTITUDE,
 []


Overfull \hbox (47.88853pt too wide) in paragraph at lines 433--435
[]| \T1/phv/m/n/10 mavlink::common::msg::GIMBAL_MANAGER_INFORMATION,
 []


Overfull \hbox (51.39854pt too wide) in paragraph at lines 435--437
[]| \T1/phv/m/n/10 mavlink::common::msg::GIMBAL_MANAGER_SET_ATTITUDE,
 []


Overfull \hbox (94.44495pt too wide) in paragraph at lines 437--439
[]| \T1/phv/m/n/10 mavlink::common::msg::GIMBAL_MANAGER_SET_MANUAL_CONTROL,
 []


Overfull \hbox (54.53938pt too wide) in paragraph at lines 439--441
[]| \T1/phv/m/n/10 mavlink::common::msg::GIMBAL_MANAGER_SET_PITCHYAW,
 []


Overfull \hbox (19.31409pt too wide) in paragraph at lines 441--443
[]| \T1/phv/m/n/10 mavlink::common::msg::GIMBAL_MANAGER_STATUS,
 []


Overfull \hbox (24.30865pt too wide) in paragraph at lines 443--445
[]| \T1/phv/m/n/10 mavlink::common::msg::GLOBAL_POSITION_INT_COV,
 []


Overfull \hbox (65.19484pt too wide) in paragraph at lines 445--447
[]| \T1/phv/m/n/10 mavlink::common::msg::GLOBAL_VISION_POSITION_ESTIMATE,
 []


Underfull \hbox (badness 10000) in paragraph at lines 449--451
[]| \T1/phv/m/n/10 mavlink::common::msg::GPS_GLOBAL_ORIGIN,
 []


Overfull \hbox (17.98242pt too wide) in paragraph at lines 460--462
[]| \T1/phv/m/n/10 mavlink::common::msg::HIL_ACTUATOR_CONTROLS,
 []

[892]
Underfull \hbox (badness 10000) in paragraph at lines 464--466
[]| \T1/phv/m/n/10 mavlink::common::msg::HIL_OPTICAL_FLOW,
 []


Underfull \hbox (badness 10000) in paragraph at lines 466--468
[]| \T1/phv/m/n/10 mavlink::common::msg::HIL_RC_INPUTS_RAW,
 []


Underfull \hbox (badness 10000) in paragraph at lines 475--477
[]| \T1/phv/m/n/10 mavlink::common::msg::ILLUMINATOR_STATUS,
 []


Underfull \hbox (badness 10000) in paragraph at lines 480--482
[]| \T1/phv/m/n/10 mavlink::common::msg::LINK_NODE_STATUS,
 []


Underfull \hbox (badness 10000) in paragraph at lines 482--484
[]| \T1/phv/m/n/10 mavlink::common::msg::LOCAL_POSITION_NED,
 []


Overfull \hbox (22.3018pt too wide) in paragraph at lines 484--486
[]| \T1/phv/m/n/10 mavlink::common::msg::LOCAL_POSITION_NED_COV,
 []


Overfull \hbox (121.78612pt too wide) in paragraph at lines 486--488
[]| \T1/phv/m/n/10 mavlink::common::msg::LOCAL_POSITION_NED_SYSTEM_GLOBAL_OFFSE
T,
 []


Underfull \hbox (badness 10000) in paragraph at lines 491--493
[]| \T1/phv/m/n/10 mavlink::common::msg::LOG_REQUEST_DATA,
 []


Underfull \hbox (badness 10000) in paragraph at lines 493--494
[]| \T1/phv/m/n/10 mavlink::common::msg::LOG_REQUEST_END,
 []


Underfull \hbox (badness 10000) in paragraph at lines 494--496
[]| \T1/phv/m/n/10 mavlink::common::msg::LOG_REQUEST_LIST,
 []


Underfull \hbox (badness 10000) in paragraph at lines 502--503
[]| \T1/phv/m/n/10 mavlink::common::msg::MANUAL_SETPOINT,
 []


Underfull \hbox (badness 10000) in paragraph at lines 504--505
[]| \T1/phv/m/n/10 mavlink::common::msg::MESSAGE_INTERVAL,
 []


Underfull \hbox (badness 10000) in paragraph at lines 506--508
[]| \T1/phv/m/n/10 mavlink::common::msg::MISSION_CLEAR_ALL,
 []


Underfull \hbox (badness 10000) in paragraph at lines 509--510
[]| \T1/phv/m/n/10 mavlink::common::msg::MISSION_CURRENT,
 []


Underfull \hbox (badness 10000) in paragraph at lines 515--516
[]| \T1/phv/m/n/10 mavlink::common::msg::MISSION_REQUEST,
 []


Overfull \hbox (48.32039pt too wide) in paragraph at lines 520--522
[]| \T1/phv/m/n/10 mavlink::common::msg::MISSION_REQUEST_PARTIAL_LIST,
 []


Overfull \hbox (33.9026pt too wide) in paragraph at lines 524--526
[]| \T1/phv/m/n/10 mavlink::common::msg::MISSION_WRITE_PARTIAL_LIST,
 []


Underfull \hbox (badness 10000) in paragraph at lines 526--528
[]| \T1/phv/m/n/10 mavlink::common::msg::MOUNT_ORIENTATION,
 []


Underfull \hbox (badness 10000) in paragraph at lines 528--530
[]| \T1/phv/m/n/10 mavlink::common::msg::NAMED_VALUE_FLOAT,
 []


Overfull \hbox (22.9232pt too wide) in paragraph at lines 531--533
[]| \T1/phv/m/n/10 mavlink::common::msg::NAV_CONTROLLER_OUTPUT,
 []


Underfull \hbox (badness 10000) in paragraph at lines 533--535
[]| \T1/phv/m/n/10 mavlink::common::msg::OBSTACLE_DISTANCE,
 []


Overfull \hbox (36.89099pt too wide) in paragraph at lines 536--538
[]| \T1/phv/m/n/10 mavlink::common::msg::ONBOARD_COMPUTER_STATUS,
 []


Overfull \hbox (36.89989pt too wide) in paragraph at lines 538--540
[]| \T1/phv/m/n/10 mavlink::common::msg::OPEN_DRONE_ID_ARM_STATUS,
 []


Overfull \hbox (56.0245pt too wide) in paragraph at lines 540--542
[]| \T1/phv/m/n/10 mavlink::common::msg::OPEN_DRONE_ID_AUTHENTICATION,
 []


Overfull \hbox (19.5659pt too wide) in paragraph at lines 542--544
[]| \T1/phv/m/n/10 mavlink::common::msg::OPEN_DRONE_ID_BASIC_ID,
 []


Overfull \hbox (23.48096pt too wide) in paragraph at lines 544--546
[]| \T1/phv/m/n/10 mavlink::common::msg::OPEN_DRONE_ID_LOCATION,
 []


Overfull \hbox (50.95753pt too wide) in paragraph at lines 546--548
[]| \T1/phv/m/n/10 mavlink::common::msg::OPEN_DRONE_ID_MESSAGE_PACK,
 []


Overfull \hbox (41.62473pt too wide) in paragraph at lines 548--550
[]| \T1/phv/m/n/10 mavlink::common::msg::OPEN_DRONE_ID_OPERATOR_ID,
 []


Overfull \hbox (15.06606pt too wide) in paragraph at lines 550--552
[]| \T1/phv/m/n/10 mavlink::common::msg::OPEN_DRONE_ID_SELF_ID,
 []


Overfull \hbox (15.5611pt too wide) in paragraph at lines 552--554
[]| \T1/phv/m/n/10 mavlink::common::msg::OPEN_DRONE_ID_SYSTEM,
 []


Overfull \hbox (55.62857pt too wide) in paragraph at lines 554--556
[]| \T1/phv/m/n/10 mavlink::common::msg::OPEN_DRONE_ID_SYSTEM_UPDATE,
 []


Underfull \hbox (badness 10000) in paragraph at lines 557--559
[]| \T1/phv/m/n/10 mavlink::common::msg::OPTICAL_FLOW_RAD,
 []


Overfull \hbox (20.07907pt too wide) in paragraph at lines 559--561
[]| \T1/phv/m/n/10 mavlink::common::msg::ORBIT_EXECUTION_STATUS,
 []


Overfull \hbox (22.58096pt too wide) in paragraph at lines 563--565
[]| \T1/phv/m/n/10 mavlink::common::msg::PARAM_EXT_REQUEST_LIST,
 []


Overfull \hbox (28.57495pt too wide) in paragraph at lines 565--567
[]| \T1/phv/m/n/10 mavlink::common::msg::PARAM_EXT_REQUEST_READ,
 []


Underfull \hbox (badness 10000) in paragraph at lines 568--569
[]| \T1/phv/m/n/10 mavlink::common::msg::PARAM_EXT_VALUE,
 []

[893]
Overfull \hbox (40.67949pt too wide) in paragraph at lines 579--581
[]| \T1/phv/m/n/10 mavlink::common::msg::POSITION_TARGET_GLOBAL_INT,
 []


Overfull \hbox (38.67264pt too wide) in paragraph at lines 581--583
[]| \T1/phv/m/n/10 mavlink::common::msg::POSITION_TARGET_LOCAL_NED,
 []


Underfull \hbox (badness 10000) in paragraph at lines 584--585
[]| \T1/phv/m/n/10 mavlink::common::msg::PROTOCOL_VERSION,
 []


Overfull \hbox (15.28215pt too wide) in paragraph at lines 590--592
[]| \T1/phv/m/n/10 mavlink::common::msg::RC_CHANNELS_OVERRIDE,
 []


Underfull \hbox (badness 10000) in paragraph at lines 592--593
[]| \T1/phv/m/n/10 mavlink::common::msg::RC_CHANNELS_RAW,
 []


Underfull \hbox (badness 10000) in paragraph at lines 599--600
[]| \T1/phv/m/n/10 mavlink::common::msg::RESOURCE_REQUEST,
 []


Overfull \hbox (19.06209pt too wide) in paragraph at lines 600--602
[]| \T1/phv/m/n/10 mavlink::common::msg::RESPONSE_EVENT_ERROR,
 []


Overfull \hbox (32.4898pt too wide) in paragraph at lines 604--606
[]| \T1/phv/m/n/10 mavlink::common::msg::SAFETY_SET_ALLOWED_AREA,
 []


Underfull \hbox (badness 10000) in paragraph at lines 609--610
[]| \T1/phv/m/n/10 mavlink::common::msg::SCALED_PRESSURE,
 []


Underfull \hbox (badness 10000) in paragraph at lines 610--611
[]| \T1/phv/m/n/10 mavlink::common::msg::SCALED_PRESSURE2,
 []


Underfull \hbox (badness 10000) in paragraph at lines 611--612
[]| \T1/phv/m/n/10 mavlink::common::msg::SCALED_PRESSURE3,
 []


Underfull \hbox (badness 10000) in paragraph at lines 613--615
[]| \T1/phv/m/n/10 mavlink::common::msg::SERVO_OUTPUT_RAW,
 []


Overfull \hbox (55.90793pt too wide) in paragraph at lines 615--617
[]| \T1/phv/m/n/10 mavlink::common::msg::SET_ACTUATOR_CONTROL_TARGET,
 []


Overfull \hbox (16.26279pt too wide) in paragraph at lines 619--621
[]| \T1/phv/m/n/10 mavlink::common::msg::SET_GPS_GLOBAL_ORIGIN,
 []


Underfull \hbox (badness 10000) in paragraph at lines 621--623
[]| \T1/phv/m/n/10 mavlink::common::msg::SET_HOME_POSITION,
 []


Overfull \hbox (63.18811pt too wide) in paragraph at lines 624--626
[]| \T1/phv/m/n/10 mavlink::common::msg::SET_POSITION_TARGET_GLOBAL_INT,
 []


Overfull \hbox (61.18126pt too wide) in paragraph at lines 626--628
[]| \T1/phv/m/n/10 mavlink::common::msg::SET_POSITION_TARGET_LOCAL_NED,
 []


Underfull \hbox (badness 10000) in paragraph at lines 630--632
[]| \T1/phv/m/n/10 mavlink::common::msg::SMART_BATTERY_INFO,
 []


Underfull \hbox (badness 10000) in paragraph at lines 635--636
[]| \T1/phv/m/n/10 mavlink::common::msg::SUPPORTED_TUNES,
 []


Underfull \hbox (badness 10000) in paragraph at lines 641--642
[]| \T1/phv/m/n/10 mavlink::common::msg::TERRAIN_REQUEST,
 []


Overfull \hbox (24.72305pt too wide) in paragraph at lines 642--644
[]| \T1/phv/m/n/10 mavlink::common::msg::TIME_ESTIMATE_TO_TARGET,
 []


Overfull \hbox (78.77625pt too wide) in paragraph at lines 645--647
[]| \T1/phv/m/n/10 mavlink::common::msg::TRAJECTORY_REPRESENTATION_BEZIER,
 []


Overfull \hbox (98.92685pt too wide) in paragraph at lines 647--649
[]| \T1/phv/m/n/10 mavlink::common::msg::TRAJECTORY_REPRESENTATION_WAYPOINTS,
 []


Underfull \hbox (badness 10000) in paragraph at lines 650--652
[]| \T1/phv/m/n/10 mavlink::common::msg::UAVCAN_NODE_INFO,
 []


Overfull \hbox (22.16678pt too wide) in paragraph at lines 659--661
[]| \T1/phv/m/n/10 mavlink::common::msg::VICON_POSITION_ESTIMATE,
 []


Overfull \hbox (34.15475pt too wide) in paragraph at lines 661--663
[]| \T1/phv/m/n/10 mavlink::common::msg::VIDEO_STREAM_INFORMATION,
 []


Overfull \hbox (24.17363pt too wide) in paragraph at lines 665--667
[]| \T1/phv/m/n/10 mavlink::common::msg::VISION_POSITION_ESTIMATE,
 []


Underfull \hbox (badness 10000) in paragraph at lines 675--677
[]| \T1/phv/m/n/10 mavlink::standard::msg::AUTOPILOT_VERSION,
 []

[894]
Overfull \hbox (33.3993pt too wide) in paragraph at lines 701--703
[]| \T1/phv/m/n/10 mavlink::common::msg::ACTUATOR_CONTROL_TARGET,
 []


Overfull \hbox (24.49847pt too wide) in paragraph at lines 703--705
[]| \T1/phv/m/n/10 mavlink::common::msg::ACTUATOR_OUTPUT_STATUS,
 []


Overfull \hbox (27.17108pt too wide) in paragraph at lines 713--715
[]| \T1/phv/m/n/10 mavlink::common::msg::ATTITUDE_QUATERNION_COV,
 []


Overfull \hbox (79.93703pt too wide) in paragraph at lines 717--719
[]| \T1/phv/m/n/10 mavlink::common::msg::AUTOPILOT_STATE_FOR_GIMBAL_DEVICE,
 []


Overfull \hbox (29.04283pt too wide) in paragraph at lines 720--722
[]| \T1/phv/m/n/10 mavlink::common::msg::AVAILABLE_MODES_MONITOR,
 []


Overfull \hbox (21.57321pt too wide) in paragraph at lines 725--727
[]| \T1/phv/m/n/10 mavlink::common::msg::CAMERA_CAPTURE_STATUS,
 []


Underfull \hbox (badness 10000) in paragraph at lines 727--729
[]| \T1/phv/m/n/10 mavlink::common::msg::CAMERA_FOV_STATUS,
 []


Overfull \hbox (23.46306pt too wide) in paragraph at lines 729--731
[]| \T1/phv/m/n/10 mavlink::common::msg::CAMERA_IMAGE_CAPTURED,
 []


Underfull \hbox (badness 10000) in paragraph at lines 733--734
[]| \T1/phv/m/n/10 mavlink::common::msg::CAMERA_SETTINGS,
 []


Overfull \hbox (20.23213pt too wide) in paragraph at lines 734--736
[]| \T1/phv/m/n/10 mavlink::common::msg::CAMERA_THERMAL_RANGE,
 []


Overfull \hbox (49.81465pt too wide) in paragraph at lines 736--738
[]| \T1/phv/m/n/10 mavlink::common::msg::CAMERA_TRACKING_GEO_STATUS,
 []


Overfull \hbox (58.54453pt too wide) in paragraph at lines 738--740
[]| \T1/phv/m/n/10 mavlink::common::msg::CAMERA_TRACKING_IMAGE_STATUS,
 []


Underfull \hbox (badness 10000) in paragraph at lines 741--743
[]| \T1/phv/m/n/10 mavlink::common::msg::CAN_FILTER_MODIFY,
 []


Underfull \hbox (badness 10000) in paragraph at lines 745--746
[]| \T1/phv/m/n/10 mavlink::common::msg::CELLULAR_CONFIG,
 []


Overfull \hbox (38.11496pt too wide) in paragraph at lines 747--749
[]| \T1/phv/m/n/10 mavlink::common::msg::CHANGE_OPERATOR_CONTROL,
 []


Overfull \hbox (61.35262pt too wide) in paragraph at lines 749--751
[]| \T1/phv/m/n/10 mavlink::common::msg::CHANGE_OPERATOR_CONTROL_ACK,
 []


Underfull \hbox (badness 10000) in paragraph at lines 753--754
[]| \T1/phv/m/n/10 mavlink::common::msg::COMMAND_CANCEL,
 []


Overfull \hbox (22.14009pt too wide) in paragraph at lines 756--758
[]| \T1/phv/m/n/10 mavlink::common::msg::COMPONENT_INFORMATION,
 []


Overfull \hbox (54.15247pt too wide) in paragraph at lines 758--760
[]| \T1/phv/m/n/10 mavlink::common::msg::COMPONENT_INFORMATION_BASIC,
 []


Overfull \hbox (31.14003pt too wide) in paragraph at lines 764--766
[]| \T1/phv/m/n/10 mavlink::common::msg::CURRENT_EVENT_SEQUENCE,
 []


Overfull \hbox (52.7216pt too wide) in paragraph at lines 768--770
[]| \T1/phv/m/n/10 mavlink::common::msg::DATA_TRANSMISSION_HANDSHAKE,
 []


Underfull \hbox (badness 10000) in paragraph at lines 771--773
[]| \T1/phv/m/n/10 mavlink::common::msg::DEBUG_FLOAT_ARRAY,
 []


Underfull \hbox (badness 10000) in paragraph at lines 774--775
[]| \T1/phv/m/n/10 mavlink::common::msg::DISTANCE_SENSOR,
 []


Underfull \hbox (badness 10000) in paragraph at lines 776--778
[]| \T1/phv/m/n/10 mavlink::common::msg::ENCAPSULATED_DATA,
 []


Underfull \hbox (badness 10000) in paragraph at lines 780--781
[]| \T1/phv/m/n/10 mavlink::common::msg::ESTIMATOR_STATUS,
 []


Overfull \hbox (59.08441pt too wide) in paragraph at lines 785--787
[]| \T1/phv/m/n/10 mavlink::common::msg::FIGURE_EIGHT_EXECUTION_STATUS,
 []


Overfull \hbox (23.84119pt too wide) in paragraph at lines 787--789
[]| \T1/phv/m/n/10 mavlink::common::msg::FILE_TRANSFER_PROTOCOL,
 []


Underfull \hbox (badness 10000) in paragraph at lines 789--791
[]| \T1/phv/m/n/10 mavlink::common::msg::FLIGHT_INFORMATION,
 []


Underfull \hbox (badness 10000) in paragraph at lines 793--794
[]| \T1/phv/m/n/10 mavlink::common::msg::GENERATOR_STATUS,
 []


Overfull \hbox (55.51146pt too wide) in paragraph at lines 794--796
[]| \T1/phv/m/n/10 mavlink::common::msg::GIMBAL_DEVICE_ATTITUDE_STATUS,
 []


Overfull \hbox (36.1616pt too wide) in paragraph at lines 796--798
[]| \T1/phv/m/n/10 mavlink::common::msg::GIMBAL_DEVICE_INFORMATION,
 []


Overfull \hbox (39.67162pt too wide) in paragraph at lines 798--800
[]| \T1/phv/m/n/10 mavlink::common::msg::GIMBAL_DEVICE_SET_ATTITUDE,
 []


Overfull \hbox (47.88853pt too wide) in paragraph at lines 800--802
[]| \T1/phv/m/n/10 mavlink::common::msg::GIMBAL_MANAGER_INFORMATION,
 []

[895]
Overfull \hbox (51.39854pt too wide) in paragraph at lines 802--804
[]| \T1/phv/m/n/10 mavlink::common::msg::GIMBAL_MANAGER_SET_ATTITUDE,
 []


Overfull \hbox (94.44495pt too wide) in paragraph at lines 804--806
[]| \T1/phv/m/n/10 mavlink::common::msg::GIMBAL_MANAGER_SET_MANUAL_CONTROL,
 []


Overfull \hbox (54.53938pt too wide) in paragraph at lines 806--808
[]| \T1/phv/m/n/10 mavlink::common::msg::GIMBAL_MANAGER_SET_PITCHYAW,
 []


Overfull \hbox (19.31409pt too wide) in paragraph at lines 808--810
[]| \T1/phv/m/n/10 mavlink::common::msg::GIMBAL_MANAGER_STATUS,
 []


Overfull \hbox (24.30865pt too wide) in paragraph at lines 810--812
[]| \T1/phv/m/n/10 mavlink::common::msg::GLOBAL_POSITION_INT_COV,
 []


Overfull \hbox (65.19484pt too wide) in paragraph at lines 812--814
[]| \T1/phv/m/n/10 mavlink::common::msg::GLOBAL_VISION_POSITION_ESTIMATE,
 []


Underfull \hbox (badness 10000) in paragraph at lines 816--818
[]| \T1/phv/m/n/10 mavlink::common::msg::GPS_GLOBAL_ORIGIN,
 []


Overfull \hbox (17.98242pt too wide) in paragraph at lines 827--829
[]| \T1/phv/m/n/10 mavlink::common::msg::HIL_ACTUATOR_CONTROLS,
 []


Underfull \hbox (badness 10000) in paragraph at lines 831--833
[]| \T1/phv/m/n/10 mavlink::common::msg::HIL_OPTICAL_FLOW,
 []


Underfull \hbox (badness 10000) in paragraph at lines 833--835
[]| \T1/phv/m/n/10 mavlink::common::msg::HIL_RC_INPUTS_RAW,
 []


Underfull \hbox (badness 10000) in paragraph at lines 842--844
[]| \T1/phv/m/n/10 mavlink::common::msg::ILLUMINATOR_STATUS,
 []


Underfull \hbox (badness 10000) in paragraph at lines 847--849
[]| \T1/phv/m/n/10 mavlink::common::msg::LINK_NODE_STATUS,
 []


Underfull \hbox (badness 10000) in paragraph at lines 849--851
[]| \T1/phv/m/n/10 mavlink::common::msg::LOCAL_POSITION_NED,
 []


Overfull \hbox (22.3018pt too wide) in paragraph at lines 851--853
[]| \T1/phv/m/n/10 mavlink::common::msg::LOCAL_POSITION_NED_COV,
 []


Overfull \hbox (121.78612pt too wide) in paragraph at lines 853--855
[]| \T1/phv/m/n/10 mavlink::common::msg::LOCAL_POSITION_NED_SYSTEM_GLOBAL_OFFSE
T,
 []


Underfull \hbox (badness 10000) in paragraph at lines 858--860
[]| \T1/phv/m/n/10 mavlink::common::msg::LOG_REQUEST_DATA,
 []


Underfull \hbox (badness 10000) in paragraph at lines 860--861
[]| \T1/phv/m/n/10 mavlink::common::msg::LOG_REQUEST_END,
 []


Underfull \hbox (badness 10000) in paragraph at lines 861--863
[]| \T1/phv/m/n/10 mavlink::common::msg::LOG_REQUEST_LIST,
 []


Underfull \hbox (badness 10000) in paragraph at lines 869--870
[]| \T1/phv/m/n/10 mavlink::common::msg::MANUAL_SETPOINT,
 []


Underfull \hbox (badness 10000) in paragraph at lines 871--872
[]| \T1/phv/m/n/10 mavlink::common::msg::MESSAGE_INTERVAL,
 []


Underfull \hbox (badness 10000) in paragraph at lines 873--875
[]| \T1/phv/m/n/10 mavlink::common::msg::MISSION_CLEAR_ALL,
 []


Underfull \hbox (badness 10000) in paragraph at lines 876--877
[]| \T1/phv/m/n/10 mavlink::common::msg::MISSION_CURRENT,
 []


Underfull \hbox (badness 10000) in paragraph at lines 882--883
[]| \T1/phv/m/n/10 mavlink::common::msg::MISSION_REQUEST,
 []


Overfull \hbox (48.32039pt too wide) in paragraph at lines 887--889
[]| \T1/phv/m/n/10 mavlink::common::msg::MISSION_REQUEST_PARTIAL_LIST,
 []


Overfull \hbox (33.9026pt too wide) in paragraph at lines 891--893
[]| \T1/phv/m/n/10 mavlink::common::msg::MISSION_WRITE_PARTIAL_LIST,
 []


Underfull \hbox (badness 10000) in paragraph at lines 893--895
[]| \T1/phv/m/n/10 mavlink::common::msg::MOUNT_ORIENTATION,
 []


Underfull \hbox (badness 10000) in paragraph at lines 895--897
[]| \T1/phv/m/n/10 mavlink::common::msg::NAMED_VALUE_FLOAT,
 []


Overfull \hbox (22.9232pt too wide) in paragraph at lines 898--900
[]| \T1/phv/m/n/10 mavlink::common::msg::NAV_CONTROLLER_OUTPUT,
 []


Underfull \hbox (badness 10000) in paragraph at lines 900--902
[]| \T1/phv/m/n/10 mavlink::common::msg::OBSTACLE_DISTANCE,
 []


Overfull \hbox (36.89099pt too wide) in paragraph at lines 903--905
[]| \T1/phv/m/n/10 mavlink::common::msg::ONBOARD_COMPUTER_STATUS,
 []


Overfull \hbox (36.89989pt too wide) in paragraph at lines 905--907
[]| \T1/phv/m/n/10 mavlink::common::msg::OPEN_DRONE_ID_ARM_STATUS,
 []


Overfull \hbox (56.0245pt too wide) in paragraph at lines 907--909
[]| \T1/phv/m/n/10 mavlink::common::msg::OPEN_DRONE_ID_AUTHENTICATION,
 []


Overfull \hbox (19.5659pt too wide) in paragraph at lines 909--911
[]| \T1/phv/m/n/10 mavlink::common::msg::OPEN_DRONE_ID_BASIC_ID,
 []


Overfull \hbox (23.48096pt too wide) in paragraph at lines 911--913
[]| \T1/phv/m/n/10 mavlink::common::msg::OPEN_DRONE_ID_LOCATION,
 []


Overfull \hbox (50.95753pt too wide) in paragraph at lines 913--915
[]| \T1/phv/m/n/10 mavlink::common::msg::OPEN_DRONE_ID_MESSAGE_PACK,
 []

[896]
Overfull \hbox (41.62473pt too wide) in paragraph at lines 915--917
[]| \T1/phv/m/n/10 mavlink::common::msg::OPEN_DRONE_ID_OPERATOR_ID,
 []


Overfull \hbox (15.06606pt too wide) in paragraph at lines 917--919
[]| \T1/phv/m/n/10 mavlink::common::msg::OPEN_DRONE_ID_SELF_ID,
 []


Overfull \hbox (15.5611pt too wide) in paragraph at lines 919--921
[]| \T1/phv/m/n/10 mavlink::common::msg::OPEN_DRONE_ID_SYSTEM,
 []


Overfull \hbox (55.62857pt too wide) in paragraph at lines 921--923
[]| \T1/phv/m/n/10 mavlink::common::msg::OPEN_DRONE_ID_SYSTEM_UPDATE,
 []


Underfull \hbox (badness 10000) in paragraph at lines 924--926
[]| \T1/phv/m/n/10 mavlink::common::msg::OPTICAL_FLOW_RAD,
 []


Overfull \hbox (20.07907pt too wide) in paragraph at lines 926--928
[]| \T1/phv/m/n/10 mavlink::common::msg::ORBIT_EXECUTION_STATUS,
 []


Overfull \hbox (22.58096pt too wide) in paragraph at lines 930--932
[]| \T1/phv/m/n/10 mavlink::common::msg::PARAM_EXT_REQUEST_LIST,
 []


Overfull \hbox (28.57495pt too wide) in paragraph at lines 932--934
[]| \T1/phv/m/n/10 mavlink::common::msg::PARAM_EXT_REQUEST_READ,
 []


Underfull \hbox (badness 10000) in paragraph at lines 935--936
[]| \T1/phv/m/n/10 mavlink::common::msg::PARAM_EXT_VALUE,
 []


Overfull \hbox (40.67949pt too wide) in paragraph at lines 946--948
[]| \T1/phv/m/n/10 mavlink::common::msg::POSITION_TARGET_GLOBAL_INT,
 []


Overfull \hbox (38.67264pt too wide) in paragraph at lines 948--950
[]| \T1/phv/m/n/10 mavlink::common::msg::POSITION_TARGET_LOCAL_NED,
 []


Underfull \hbox (badness 10000) in paragraph at lines 951--952
[]| \T1/phv/m/n/10 mavlink::common::msg::PROTOCOL_VERSION,
 []


Overfull \hbox (15.28215pt too wide) in paragraph at lines 957--959
[]| \T1/phv/m/n/10 mavlink::common::msg::RC_CHANNELS_OVERRIDE,
 []


Underfull \hbox (badness 10000) in paragraph at lines 959--960
[]| \T1/phv/m/n/10 mavlink::common::msg::RC_CHANNELS_RAW,
 []


Underfull \hbox (badness 10000) in paragraph at lines 966--967
[]| \T1/phv/m/n/10 mavlink::common::msg::RESOURCE_REQUEST,
 []


Overfull \hbox (19.06209pt too wide) in paragraph at lines 967--969
[]| \T1/phv/m/n/10 mavlink::common::msg::RESPONSE_EVENT_ERROR,
 []


Overfull \hbox (32.4898pt too wide) in paragraph at lines 971--973
[]| \T1/phv/m/n/10 mavlink::common::msg::SAFETY_SET_ALLOWED_AREA,
 []


Underfull \hbox (badness 10000) in paragraph at lines 976--977
[]| \T1/phv/m/n/10 mavlink::common::msg::SCALED_PRESSURE,
 []


Underfull \hbox (badness 10000) in paragraph at lines 977--978
[]| \T1/phv/m/n/10 mavlink::common::msg::SCALED_PRESSURE2,
 []


Underfull \hbox (badness 10000) in paragraph at lines 978--979
[]| \T1/phv/m/n/10 mavlink::common::msg::SCALED_PRESSURE3,
 []


Underfull \hbox (badness 10000) in paragraph at lines 980--982
[]| \T1/phv/m/n/10 mavlink::common::msg::SERVO_OUTPUT_RAW,
 []


Overfull \hbox (55.90793pt too wide) in paragraph at lines 982--984
[]| \T1/phv/m/n/10 mavlink::common::msg::SET_ACTUATOR_CONTROL_TARGET,
 []


Overfull \hbox (16.26279pt too wide) in paragraph at lines 986--988
[]| \T1/phv/m/n/10 mavlink::common::msg::SET_GPS_GLOBAL_ORIGIN,
 []


Underfull \hbox (badness 10000) in paragraph at lines 988--990
[]| \T1/phv/m/n/10 mavlink::common::msg::SET_HOME_POSITION,
 []


Overfull \hbox (63.18811pt too wide) in paragraph at lines 991--993
[]| \T1/phv/m/n/10 mavlink::common::msg::SET_POSITION_TARGET_GLOBAL_INT,
 []


Overfull \hbox (61.18126pt too wide) in paragraph at lines 993--995
[]| \T1/phv/m/n/10 mavlink::common::msg::SET_POSITION_TARGET_LOCAL_NED,
 []


Underfull \hbox (badness 10000) in paragraph at lines 997--999
[]| \T1/phv/m/n/10 mavlink::common::msg::SMART_BATTERY_INFO,
 []


Underfull \hbox (badness 10000) in paragraph at lines 1002--1003
[]| \T1/phv/m/n/10 mavlink::common::msg::SUPPORTED_TUNES,
 []


Underfull \hbox (badness 10000) in paragraph at lines 1008--1009
[]| \T1/phv/m/n/10 mavlink::common::msg::TERRAIN_REQUEST,
 []


Overfull \hbox (24.72305pt too wide) in paragraph at lines 1009--1011
[]| \T1/phv/m/n/10 mavlink::common::msg::TIME_ESTIMATE_TO_TARGET,
 []


Overfull \hbox (78.77625pt too wide) in paragraph at lines 1012--1014
[]| \T1/phv/m/n/10 mavlink::common::msg::TRAJECTORY_REPRESENTATION_BEZIER,
 []


Overfull \hbox (98.92685pt too wide) in paragraph at lines 1014--1016
[]| \T1/phv/m/n/10 mavlink::common::msg::TRAJECTORY_REPRESENTATION_WAYPOINTS,
 []


Underfull \hbox (badness 10000) in paragraph at lines 1017--1019
[]| \T1/phv/m/n/10 mavlink::common::msg::UAVCAN_NODE_INFO,
 []

[897]
Overfull \hbox (22.16678pt too wide) in paragraph at lines 1026--1028
[]| \T1/phv/m/n/10 mavlink::common::msg::VICON_POSITION_ESTIMATE,
 []


Overfull \hbox (34.15475pt too wide) in paragraph at lines 1028--1030
[]| \T1/phv/m/n/10 mavlink::common::msg::VIDEO_STREAM_INFORMATION,
 []


Overfull \hbox (24.17363pt too wide) in paragraph at lines 1032--1034
[]| \T1/phv/m/n/10 mavlink::common::msg::VISION_POSITION_ESTIMATE,
 []


Underfull \hbox (badness 10000) in paragraph at lines 1042--1044
[]| \T1/phv/m/n/10 mavlink::standard::msg::AUTOPILOT_VERSION,
 []


Overfull \hbox (18.39401pt too wide) in paragraph at lines 1119--1120
[]\T1/phv/m/n/10 HAVE_ENUM_PREFLIGHT_STORAGE_MISSION_ACTION 
 []


Overfull \hbox (35.31393pt too wide) in paragraph at lines 1121--1122
[]\T1/phv/m/n/10 HAVE_ENUM_PREFLIGHT_STORAGE_PARAMETER_ACTION 
 []

[898]
Underfull \hbox (badness 10000) in paragraph at lines 1227--1228
[]\T1/phv/m/n/10 mavlink::common::msg::ATTITUDE_QUATERNION,
 []


Overfull \hbox (59.93703pt too wide) in paragraph at lines 1244--1246
[]\T1/phv/m/n/10 mavlink::common::msg::AUTOPILOT_STATE_FOR_GIMBAL_DEVICE,
 []

[899]
Overfull \hbox (29.81465pt too wide) in paragraph at lines 1296--1298
[]\T1/phv/m/n/10 mavlink::common::msg::CAMERA_TRACKING_GEO_STATUS,
 []


Overfull \hbox (38.54453pt too wide) in paragraph at lines 1301--1303
[]\T1/phv/m/n/10 mavlink::common::msg::CAMERA_TRACKING_IMAGE_STATUS,
 []


Overfull \hbox (18.11496pt too wide) in paragraph at lines 1330--1332
[]\T1/phv/m/n/10 mavlink::common::msg::CHANGE_OPERATOR_CONTROL,
 []


Overfull \hbox (41.35262pt too wide) in paragraph at lines 1335--1337
[]\T1/phv/m/n/10 mavlink::common::msg::CHANGE_OPERATOR_CONTROL_ACK,
 []


Overfull \hbox (34.15247pt too wide) in paragraph at lines 1364--1366
[]\T1/phv/m/n/10 mavlink::common::msg::COMPONENT_INFORMATION_BASIC,
 []


Underfull \hbox (badness 10000) in paragraph at lines 1369--1370
[]\T1/phv/m/n/10 mavlink::common::msg::COMPONENT_METADATA,
 []


Underfull \hbox (badness 10000) in paragraph at lines 1373--1374
[]\T1/phv/m/n/10 mavlink::common::msg::CONTROL_SYSTEM_STATE,
 []

[900]
Overfull \hbox (32.7216pt too wide) in paragraph at lines 1390--1392
[]\T1/phv/m/n/10 mavlink::common::msg::DATA_TRANSMISSION_HANDSHAKE,
 []


Overfull \hbox (39.08441pt too wide) in paragraph at lines 1443--1445
[]\T1/phv/m/n/10 mavlink::common::msg::FIGURE_EIGHT_EXECUTION_STATUS,
 []


Overfull \hbox (35.51146pt too wide) in paragraph at lines 1469--1471
[]\T1/phv/m/n/10 mavlink::common::msg::GIMBAL_DEVICE_ATTITUDE_STATUS,
 []


Overfull \hbox (16.1616pt too wide) in paragraph at lines 1474--1476
[]\T1/phv/m/n/10 mavlink::common::msg::GIMBAL_DEVICE_INFORMATION,
 []


Overfull \hbox (19.67162pt too wide) in paragraph at lines 1479--1481
[]\T1/phv/m/n/10 mavlink::common::msg::GIMBAL_DEVICE_SET_ATTITUDE,
 []


Overfull \hbox (27.88853pt too wide) in paragraph at lines 1484--1486
[]\T1/phv/m/n/10 mavlink::common::msg::GIMBAL_MANAGER_INFORMATION,
 []

[901]
Overfull \hbox (31.39854pt too wide) in paragraph at lines 1489--1491
[]\T1/phv/m/n/10 mavlink::common::msg::GIMBAL_MANAGER_SET_ATTITUDE,
 []


Overfull \hbox (74.44495pt too wide) in paragraph at lines 1494--1496
[]\T1/phv/m/n/10 mavlink::common::msg::GIMBAL_MANAGER_SET_MANUAL_CONTROL,
 []


Overfull \hbox (34.53938pt too wide) in paragraph at lines 1499--1501
[]\T1/phv/m/n/10 mavlink::common::msg::GIMBAL_MANAGER_SET_PITCHYAW,
 []


Underfull \hbox (badness 10000) in paragraph at lines 1504--1506
[]\T1/phv/m/n/10 mavlink::common::msg::GIMBAL_MANAGER_STATUS,
 []


Overfull \hbox (45.19484pt too wide) in paragraph at lines 1514--1516
[]\T1/phv/m/n/10 mavlink::common::msg::GLOBAL_VISION_POSITION_ESTIMATE,
 []


Underfull \hbox (badness 10000) in paragraph at lines 1567--1569
[]\T1/phv/m/n/10 mavlink::common::msg::HIL_ACTUATOR_CONTROLS,
 []


Underfull \hbox (badness 10000) in paragraph at lines 1596--1597
[]\T1/phv/m/n/10 mavlink::common::msg::HIL_STATE_QUATERNION,
 []

[902]
Underfull \hbox (badness 10000) in paragraph at lines 1604--1605
[]\T1/phv/m/n/10 mavlink::common::msg::HYGROMETER_SENSOR,
 []


Overfull \hbox (101.78612pt too wide) in paragraph at lines 1633--1635
[]\T1/phv/m/n/10 mavlink::common::msg::LOCAL_POSITION_NED_SYSTEM_GLOBAL_OFFSET,

 []


Underfull \hbox (badness 10000) in paragraph at lines 1718--1719
[]\T1/phv/m/n/10 mavlink::common::msg::MISSION_ITEM_REACHED,
 []

[903]
Underfull \hbox (badness 10000) in paragraph at lines 1730--1731
[]\T1/phv/m/n/10 mavlink::common::msg::MISSION_REQUEST_LIST,
 []


Overfull \hbox (28.32039pt too wide) in paragraph at lines 1734--1736
[]\T1/phv/m/n/10 mavlink::common::msg::MISSION_REQUEST_PARTIAL_LIST,
 []


Underfull \hbox (badness 10000) in paragraph at lines 1739--1740
[]\T1/phv/m/n/10 mavlink::common::msg::MISSION_SET_CURRENT,
 []


Overfull \hbox (16.89099pt too wide) in paragraph at lines 1773--1775
[]\T1/phv/m/n/10 mavlink::common::msg::ONBOARD_COMPUTER_STATUS,
 []


Overfull \hbox (16.89989pt too wide) in paragraph at lines 1778--1780
[]\T1/phv/m/n/10 mavlink::common::msg::OPEN_DRONE_ID_ARM_STATUS,
 []


Overfull \hbox (36.0245pt too wide) in paragraph at lines 1783--1785
[]\T1/phv/m/n/10 mavlink::common::msg::OPEN_DRONE_ID_AUTHENTICATION,
 []


Underfull \hbox (badness 10000) in paragraph at lines 1788--1790
[]\T1/phv/m/n/10 mavlink::common::msg::OPEN_DRONE_ID_BASIC_ID,
 []


Overfull \hbox (30.95753pt too wide) in paragraph at lines 1798--1800
[]\T1/phv/m/n/10 mavlink::common::msg::OPEN_DRONE_ID_MESSAGE_PACK,
 []


Overfull \hbox (21.62473pt too wide) in paragraph at lines 1803--1805
[]\T1/phv/m/n/10 mavlink::common::msg::OPEN_DRONE_ID_OPERATOR_ID,
 []


Underfull \hbox (badness 10000) in paragraph at lines 1808--1810
[]\T1/phv/m/n/10 mavlink::common::msg::OPEN_DRONE_ID_SELF_ID,
 []


Underfull \hbox (badness 10000) in paragraph at lines 1813--1815
[]\T1/phv/m/n/10 mavlink::common::msg::OPEN_DRONE_ID_SYSTEM,
 []


Overfull \hbox (35.62857pt too wide) in paragraph at lines 1818--1820
[]\T1/phv/m/n/10 mavlink::common::msg::OPEN_DRONE_ID_SYSTEM_UPDATE,
 []

[904]
Underfull \hbox (badness 10000) in paragraph at lines 1870--1871
[]\T1/phv/m/n/10 mavlink::common::msg::PARAM_REQUEST_READ,
 []


Overfull \hbox (20.67949pt too wide) in paragraph at lines 1894--1896
[]\T1/phv/m/n/10 mavlink::common::msg::POSITION_TARGET_GLOBAL_INT,
 []


Overfull \hbox (18.67264pt too wide) in paragraph at lines 1899--1901
[]\T1/phv/m/n/10 mavlink::common::msg::POSITION_TARGET_LOCAL_NED,
 []


Underfull \hbox (badness 10000) in paragraph at lines 1932--1933
[]\T1/phv/m/n/10 mavlink::common::msg::RC_CHANNELS_OVERRIDE,
 []


Underfull \hbox (badness 10000) in paragraph at lines 1940--1941
[]\T1/phv/m/n/10 mavlink::common::msg::RC_CHANNELS_SCALED,
 []

[905]
Underfull \hbox (badness 10000) in paragraph at lines 1948--1949
[]\T1/phv/m/n/10 mavlink::common::msg::REQUEST_DATA_STREAM,
 []


Underfull \hbox (badness 10000) in paragraph at lines 1960--1961
[]\T1/phv/m/n/10 mavlink::common::msg::RESPONSE_EVENT_ERROR,
 []


Underfull \hbox (badness 10000) in paragraph at lines 1964--1965
[]\T1/phv/m/n/10 mavlink::common::msg::SAFETY_ALLOWED_AREA,
 []


Overfull \hbox (35.90793pt too wide) in paragraph at lines 2005--2007
[]\T1/phv/m/n/10 mavlink::common::msg::SET_ACTUATOR_CONTROL_TARGET,
 []


Underfull \hbox (badness 10000) in paragraph at lines 2014--2016
[]\T1/phv/m/n/10 mavlink::common::msg::SET_GPS_GLOBAL_ORIGIN,
 []


Overfull \hbox (43.18811pt too wide) in paragraph at lines 2027--2029
[]\T1/phv/m/n/10 mavlink::common::msg::SET_POSITION_TARGET_GLOBAL_INT,
 []


Overfull \hbox (41.18126pt too wide) in paragraph at lines 2032--2034
[]\T1/phv/m/n/10 mavlink::common::msg::SET_POSITION_TARGET_LOCAL_NED,
 []


Underfull \hbox (badness 10000) in paragraph at lines 2053--2054
[]\T1/phv/m/n/10 mavlink::common::msg::STORAGE_INFORMATION,
 []

[906]
Overfull \hbox (58.77625pt too wide) in paragraph at lines 2094--2096
[]\T1/phv/m/n/10 mavlink::common::msg::TRAJECTORY_REPRESENTATION_BEZIER,
 []


Overfull \hbox (78.92685pt too wide) in paragraph at lines 2099--2101
[]\T1/phv/m/n/10 mavlink::common::msg::TRAJECTORY_REPRESENTATION_WAYPOINTS,
 []


Underfull \hbox (badness 10000) in paragraph at lines 2116--2117
[]\T1/phv/m/n/10 mavlink::common::msg::UTM_GLOBAL_POSITION,
 []


Underfull \hbox (badness 10000) in paragraph at lines 2142--2143
[]\T1/phv/m/n/10 mavlink::common::msg::VIDEO_STREAM_STATUS,
 []


Underfull \hbox (badness 10000) in paragraph at lines 2151--2153
[]\T1/phv/m/n/10 mavlink::common::msg::VISION_SPEED_ESTIMATE,
 []

[907]
Overfull \hbox (30.89702pt too wide) in paragraph at lines 2225--2227
[]| \T1/phv/m/n/10 HAVE_ENUM_MAV_MODE_FLAG_DECODE_POSITION,
 []


Overfull \hbox (33.3993pt too wide) in paragraph at lines 2279--2281
[]| \T1/phv/m/n/10 mavlink::common::msg::ACTUATOR_CONTROL_TARGET,
 []


Overfull \hbox (24.49847pt too wide) in paragraph at lines 2281--2283
[]| \T1/phv/m/n/10 mavlink::common::msg::ACTUATOR_OUTPUT_STATUS,
 []


Overfull \hbox (27.17108pt too wide) in paragraph at lines 2291--2293
[]| \T1/phv/m/n/10 mavlink::common::msg::ATTITUDE_QUATERNION_COV,
 []

[908]
Overfull \hbox (79.93703pt too wide) in paragraph at lines 2295--2297
[]| \T1/phv/m/n/10 mavlink::common::msg::AUTOPILOT_STATE_FOR_GIMBAL_DEVICE,
 []


Overfull \hbox (29.04283pt too wide) in paragraph at lines 2298--2300
[]| \T1/phv/m/n/10 mavlink::common::msg::AVAILABLE_MODES_MONITOR,
 []


Overfull \hbox (21.57321pt too wide) in paragraph at lines 2303--2305
[]| \T1/phv/m/n/10 mavlink::common::msg::CAMERA_CAPTURE_STATUS,
 []


Underfull \hbox (badness 10000) in paragraph at lines 2305--2307
[]| \T1/phv/m/n/10 mavlink::common::msg::CAMERA_FOV_STATUS,
 []


Overfull \hbox (23.46306pt too wide) in paragraph at lines 2307--2309
[]| \T1/phv/m/n/10 mavlink::common::msg::CAMERA_IMAGE_CAPTURED,
 []


Underfull \hbox (badness 10000) in paragraph at lines 2311--2312
[]| \T1/phv/m/n/10 mavlink::common::msg::CAMERA_SETTINGS,
 []


Overfull \hbox (20.23213pt too wide) in paragraph at lines 2312--2314
[]| \T1/phv/m/n/10 mavlink::common::msg::CAMERA_THERMAL_RANGE,
 []


Overfull \hbox (49.81465pt too wide) in paragraph at lines 2314--2316
[]| \T1/phv/m/n/10 mavlink::common::msg::CAMERA_TRACKING_GEO_STATUS,
 []


Overfull \hbox (58.54453pt too wide) in paragraph at lines 2316--2318
[]| \T1/phv/m/n/10 mavlink::common::msg::CAMERA_TRACKING_IMAGE_STATUS,
 []


Underfull \hbox (badness 10000) in paragraph at lines 2319--2321
[]| \T1/phv/m/n/10 mavlink::common::msg::CAN_FILTER_MODIFY,
 []


Underfull \hbox (badness 10000) in paragraph at lines 2323--2324
[]| \T1/phv/m/n/10 mavlink::common::msg::CELLULAR_CONFIG,
 []


Overfull \hbox (38.11496pt too wide) in paragraph at lines 2325--2327
[]| \T1/phv/m/n/10 mavlink::common::msg::CHANGE_OPERATOR_CONTROL,
 []


Overfull \hbox (61.35262pt too wide) in paragraph at lines 2327--2329
[]| \T1/phv/m/n/10 mavlink::common::msg::CHANGE_OPERATOR_CONTROL_ACK,
 []


Underfull \hbox (badness 10000) in paragraph at lines 2331--2332
[]| \T1/phv/m/n/10 mavlink::common::msg::COMMAND_CANCEL,
 []


Overfull \hbox (22.14009pt too wide) in paragraph at lines 2334--2336
[]| \T1/phv/m/n/10 mavlink::common::msg::COMPONENT_INFORMATION,
 []


Overfull \hbox (54.15247pt too wide) in paragraph at lines 2336--2338
[]| \T1/phv/m/n/10 mavlink::common::msg::COMPONENT_INFORMATION_BASIC,
 []


Overfull \hbox (31.14003pt too wide) in paragraph at lines 2342--2344
[]| \T1/phv/m/n/10 mavlink::common::msg::CURRENT_EVENT_SEQUENCE,
 []


Overfull \hbox (52.7216pt too wide) in paragraph at lines 2346--2348
[]| \T1/phv/m/n/10 mavlink::common::msg::DATA_TRANSMISSION_HANDSHAKE,
 []


Underfull \hbox (badness 10000) in paragraph at lines 2349--2351
[]| \T1/phv/m/n/10 mavlink::common::msg::DEBUG_FLOAT_ARRAY,
 []


Underfull \hbox (badness 10000) in paragraph at lines 2352--2353
[]| \T1/phv/m/n/10 mavlink::common::msg::DISTANCE_SENSOR,
 []


Underfull \hbox (badness 10000) in paragraph at lines 2354--2356
[]| \T1/phv/m/n/10 mavlink::common::msg::ENCAPSULATED_DATA,
 []


Underfull \hbox (badness 10000) in paragraph at lines 2358--2359
[]| \T1/phv/m/n/10 mavlink::common::msg::ESTIMATOR_STATUS,
 []


Overfull \hbox (59.08441pt too wide) in paragraph at lines 2363--2365
[]| \T1/phv/m/n/10 mavlink::common::msg::FIGURE_EIGHT_EXECUTION_STATUS,
 []


Overfull \hbox (23.84119pt too wide) in paragraph at lines 2365--2367
[]| \T1/phv/m/n/10 mavlink::common::msg::FILE_TRANSFER_PROTOCOL,
 []


Underfull \hbox (badness 10000) in paragraph at lines 2367--2369
[]| \T1/phv/m/n/10 mavlink::common::msg::FLIGHT_INFORMATION,
 []


Underfull \hbox (badness 10000) in paragraph at lines 2371--2372
[]| \T1/phv/m/n/10 mavlink::common::msg::GENERATOR_STATUS,
 []


Overfull \hbox (55.51146pt too wide) in paragraph at lines 2372--2374
[]| \T1/phv/m/n/10 mavlink::common::msg::GIMBAL_DEVICE_ATTITUDE_STATUS,
 []


Overfull \hbox (36.1616pt too wide) in paragraph at lines 2374--2376
[]| \T1/phv/m/n/10 mavlink::common::msg::GIMBAL_DEVICE_INFORMATION,
 []


Overfull \hbox (39.67162pt too wide) in paragraph at lines 2376--2378
[]| \T1/phv/m/n/10 mavlink::common::msg::GIMBAL_DEVICE_SET_ATTITUDE,
 []


Overfull \hbox (47.88853pt too wide) in paragraph at lines 2378--2380
[]| \T1/phv/m/n/10 mavlink::common::msg::GIMBAL_MANAGER_INFORMATION,
 []


Overfull \hbox (51.39854pt too wide) in paragraph at lines 2380--2382
[]| \T1/phv/m/n/10 mavlink::common::msg::GIMBAL_MANAGER_SET_ATTITUDE,
 []


Overfull \hbox (94.44495pt too wide) in paragraph at lines 2382--2384
[]| \T1/phv/m/n/10 mavlink::common::msg::GIMBAL_MANAGER_SET_MANUAL_CONTROL,
 []


Overfull \hbox (54.53938pt too wide) in paragraph at lines 2384--2386
[]| \T1/phv/m/n/10 mavlink::common::msg::GIMBAL_MANAGER_SET_PITCHYAW,
 []


Overfull \hbox (19.31409pt too wide) in paragraph at lines 2386--2388
[]| \T1/phv/m/n/10 mavlink::common::msg::GIMBAL_MANAGER_STATUS,
 []


Overfull \hbox (24.30865pt too wide) in paragraph at lines 2388--2390
[]| \T1/phv/m/n/10 mavlink::common::msg::GLOBAL_POSITION_INT_COV,
 []


Overfull \hbox (65.19484pt too wide) in paragraph at lines 2390--2392
[]| \T1/phv/m/n/10 mavlink::common::msg::GLOBAL_VISION_POSITION_ESTIMATE,
 []


Underfull \hbox (badness 10000) in paragraph at lines 2394--2396
[]| \T1/phv/m/n/10 mavlink::common::msg::GPS_GLOBAL_ORIGIN,
 []

[909]
Overfull \hbox (17.98242pt too wide) in paragraph at lines 2405--2407
[]| \T1/phv/m/n/10 mavlink::common::msg::HIL_ACTUATOR_CONTROLS,
 []


Underfull \hbox (badness 10000) in paragraph at lines 2409--2411
[]| \T1/phv/m/n/10 mavlink::common::msg::HIL_OPTICAL_FLOW,
 []


Underfull \hbox (badness 10000) in paragraph at lines 2411--2413
[]| \T1/phv/m/n/10 mavlink::common::msg::HIL_RC_INPUTS_RAW,
 []


Underfull \hbox (badness 10000) in paragraph at lines 2420--2422
[]| \T1/phv/m/n/10 mavlink::common::msg::ILLUMINATOR_STATUS,
 []


Underfull \hbox (badness 10000) in paragraph at lines 2425--2427
[]| \T1/phv/m/n/10 mavlink::common::msg::LINK_NODE_STATUS,
 []


Underfull \hbox (badness 10000) in paragraph at lines 2427--2429
[]| \T1/phv/m/n/10 mavlink::common::msg::LOCAL_POSITION_NED,
 []


Overfull \hbox (22.3018pt too wide) in paragraph at lines 2429--2431
[]| \T1/phv/m/n/10 mavlink::common::msg::LOCAL_POSITION_NED_COV,
 []


Overfull \hbox (121.78612pt too wide) in paragraph at lines 2431--2433
[]| \T1/phv/m/n/10 mavlink::common::msg::LOCAL_POSITION_NED_SYSTEM_GLOBAL_OFFSE
T,
 []


Underfull \hbox (badness 10000) in paragraph at lines 2436--2438
[]| \T1/phv/m/n/10 mavlink::common::msg::LOG_REQUEST_DATA,
 []


Underfull \hbox (badness 10000) in paragraph at lines 2438--2439
[]| \T1/phv/m/n/10 mavlink::common::msg::LOG_REQUEST_END,
 []


Underfull \hbox (badness 10000) in paragraph at lines 2439--2441
[]| \T1/phv/m/n/10 mavlink::common::msg::LOG_REQUEST_LIST,
 []


Underfull \hbox (badness 10000) in paragraph at lines 2447--2448
[]| \T1/phv/m/n/10 mavlink::common::msg::MANUAL_SETPOINT,
 []


Underfull \hbox (badness 10000) in paragraph at lines 2449--2450
[]| \T1/phv/m/n/10 mavlink::common::msg::MESSAGE_INTERVAL,
 []


Underfull \hbox (badness 10000) in paragraph at lines 2451--2453
[]| \T1/phv/m/n/10 mavlink::common::msg::MISSION_CLEAR_ALL,
 []


Underfull \hbox (badness 10000) in paragraph at lines 2454--2455
[]| \T1/phv/m/n/10 mavlink::common::msg::MISSION_CURRENT,
 []


Underfull \hbox (badness 10000) in paragraph at lines 2460--2461
[]| \T1/phv/m/n/10 mavlink::common::msg::MISSION_REQUEST,
 []


Overfull \hbox (48.32039pt too wide) in paragraph at lines 2465--2467
[]| \T1/phv/m/n/10 mavlink::common::msg::MISSION_REQUEST_PARTIAL_LIST,
 []


Overfull \hbox (33.9026pt too wide) in paragraph at lines 2469--2471
[]| \T1/phv/m/n/10 mavlink::common::msg::MISSION_WRITE_PARTIAL_LIST,
 []


Underfull \hbox (badness 10000) in paragraph at lines 2471--2473
[]| \T1/phv/m/n/10 mavlink::common::msg::MOUNT_ORIENTATION,
 []


Underfull \hbox (badness 10000) in paragraph at lines 2473--2475
[]| \T1/phv/m/n/10 mavlink::common::msg::NAMED_VALUE_FLOAT,
 []


Overfull \hbox (22.9232pt too wide) in paragraph at lines 2476--2478
[]| \T1/phv/m/n/10 mavlink::common::msg::NAV_CONTROLLER_OUTPUT,
 []


Underfull \hbox (badness 10000) in paragraph at lines 2478--2480
[]| \T1/phv/m/n/10 mavlink::common::msg::OBSTACLE_DISTANCE,
 []


Overfull \hbox (36.89099pt too wide) in paragraph at lines 2481--2483
[]| \T1/phv/m/n/10 mavlink::common::msg::ONBOARD_COMPUTER_STATUS,
 []


Overfull \hbox (36.89989pt too wide) in paragraph at lines 2483--2485
[]| \T1/phv/m/n/10 mavlink::common::msg::OPEN_DRONE_ID_ARM_STATUS,
 []


Overfull \hbox (56.0245pt too wide) in paragraph at lines 2485--2487
[]| \T1/phv/m/n/10 mavlink::common::msg::OPEN_DRONE_ID_AUTHENTICATION,
 []


Overfull \hbox (19.5659pt too wide) in paragraph at lines 2487--2489
[]| \T1/phv/m/n/10 mavlink::common::msg::OPEN_DRONE_ID_BASIC_ID,
 []


Overfull \hbox (23.48096pt too wide) in paragraph at lines 2489--2491
[]| \T1/phv/m/n/10 mavlink::common::msg::OPEN_DRONE_ID_LOCATION,
 []


Overfull \hbox (50.95753pt too wide) in paragraph at lines 2491--2493
[]| \T1/phv/m/n/10 mavlink::common::msg::OPEN_DRONE_ID_MESSAGE_PACK,
 []


Overfull \hbox (41.62473pt too wide) in paragraph at lines 2493--2495
[]| \T1/phv/m/n/10 mavlink::common::msg::OPEN_DRONE_ID_OPERATOR_ID,
 []


Overfull \hbox (15.06606pt too wide) in paragraph at lines 2495--2497
[]| \T1/phv/m/n/10 mavlink::common::msg::OPEN_DRONE_ID_SELF_ID,
 []


Overfull \hbox (15.5611pt too wide) in paragraph at lines 2497--2499
[]| \T1/phv/m/n/10 mavlink::common::msg::OPEN_DRONE_ID_SYSTEM,
 []


Overfull \hbox (55.62857pt too wide) in paragraph at lines 2499--2501
[]| \T1/phv/m/n/10 mavlink::common::msg::OPEN_DRONE_ID_SYSTEM_UPDATE,
 []


Underfull \hbox (badness 10000) in paragraph at lines 2502--2504
[]| \T1/phv/m/n/10 mavlink::common::msg::OPTICAL_FLOW_RAD,
 []


Overfull \hbox (20.07907pt too wide) in paragraph at lines 2504--2506
[]| \T1/phv/m/n/10 mavlink::common::msg::ORBIT_EXECUTION_STATUS,
 []


Overfull \hbox (22.58096pt too wide) in paragraph at lines 2508--2510
[]| \T1/phv/m/n/10 mavlink::common::msg::PARAM_EXT_REQUEST_LIST,
 []


Overfull \hbox (28.57495pt too wide) in paragraph at lines 2510--2512
[]| \T1/phv/m/n/10 mavlink::common::msg::PARAM_EXT_REQUEST_READ,
 []


Underfull \hbox (badness 10000) in paragraph at lines 2513--2514
[]| \T1/phv/m/n/10 mavlink::common::msg::PARAM_EXT_VALUE,
 []

[910]
Overfull \hbox (40.67949pt too wide) in paragraph at lines 2524--2526
[]| \T1/phv/m/n/10 mavlink::common::msg::POSITION_TARGET_GLOBAL_INT,
 []


Overfull \hbox (38.67264pt too wide) in paragraph at lines 2526--2528
[]| \T1/phv/m/n/10 mavlink::common::msg::POSITION_TARGET_LOCAL_NED,
 []


Underfull \hbox (badness 10000) in paragraph at lines 2529--2530
[]| \T1/phv/m/n/10 mavlink::common::msg::PROTOCOL_VERSION,
 []


Overfull \hbox (15.28215pt too wide) in paragraph at lines 2535--2537
[]| \T1/phv/m/n/10 mavlink::common::msg::RC_CHANNELS_OVERRIDE,
 []


Underfull \hbox (badness 10000) in paragraph at lines 2537--2538
[]| \T1/phv/m/n/10 mavlink::common::msg::RC_CHANNELS_RAW,
 []


Underfull \hbox (badness 10000) in paragraph at lines 2544--2545
[]| \T1/phv/m/n/10 mavlink::common::msg::RESOURCE_REQUEST,
 []


Overfull \hbox (19.06209pt too wide) in paragraph at lines 2545--2547
[]| \T1/phv/m/n/10 mavlink::common::msg::RESPONSE_EVENT_ERROR,
 []


Overfull \hbox (32.4898pt too wide) in paragraph at lines 2549--2551
[]| \T1/phv/m/n/10 mavlink::common::msg::SAFETY_SET_ALLOWED_AREA,
 []


Underfull \hbox (badness 10000) in paragraph at lines 2554--2555
[]| \T1/phv/m/n/10 mavlink::common::msg::SCALED_PRESSURE,
 []


Underfull \hbox (badness 10000) in paragraph at lines 2555--2556
[]| \T1/phv/m/n/10 mavlink::common::msg::SCALED_PRESSURE2,
 []


Underfull \hbox (badness 10000) in paragraph at lines 2556--2557
[]| \T1/phv/m/n/10 mavlink::common::msg::SCALED_PRESSURE3,
 []


Underfull \hbox (badness 10000) in paragraph at lines 2558--2560
[]| \T1/phv/m/n/10 mavlink::common::msg::SERVO_OUTPUT_RAW,
 []


Overfull \hbox (55.90793pt too wide) in paragraph at lines 2560--2562
[]| \T1/phv/m/n/10 mavlink::common::msg::SET_ACTUATOR_CONTROL_TARGET,
 []


Overfull \hbox (16.26279pt too wide) in paragraph at lines 2564--2566
[]| \T1/phv/m/n/10 mavlink::common::msg::SET_GPS_GLOBAL_ORIGIN,
 []


Underfull \hbox (badness 10000) in paragraph at lines 2566--2568
[]| \T1/phv/m/n/10 mavlink::common::msg::SET_HOME_POSITION,
 []


Overfull \hbox (63.18811pt too wide) in paragraph at lines 2569--2571
[]| \T1/phv/m/n/10 mavlink::common::msg::SET_POSITION_TARGET_GLOBAL_INT,
 []


Overfull \hbox (61.18126pt too wide) in paragraph at lines 2571--2573
[]| \T1/phv/m/n/10 mavlink::common::msg::SET_POSITION_TARGET_LOCAL_NED,
 []


Underfull \hbox (badness 10000) in paragraph at lines 2575--2577
[]| \T1/phv/m/n/10 mavlink::common::msg::SMART_BATTERY_INFO,
 []


Underfull \hbox (badness 10000) in paragraph at lines 2580--2581
[]| \T1/phv/m/n/10 mavlink::common::msg::SUPPORTED_TUNES,
 []


Underfull \hbox (badness 10000) in paragraph at lines 2586--2587
[]| \T1/phv/m/n/10 mavlink::common::msg::TERRAIN_REQUEST,
 []


Overfull \hbox (24.72305pt too wide) in paragraph at lines 2587--2589
[]| \T1/phv/m/n/10 mavlink::common::msg::TIME_ESTIMATE_TO_TARGET,
 []


Overfull \hbox (78.77625pt too wide) in paragraph at lines 2590--2592
[]| \T1/phv/m/n/10 mavlink::common::msg::TRAJECTORY_REPRESENTATION_BEZIER,
 []


Overfull \hbox (98.92685pt too wide) in paragraph at lines 2592--2594
[]| \T1/phv/m/n/10 mavlink::common::msg::TRAJECTORY_REPRESENTATION_WAYPOINTS,
 []


Underfull \hbox (badness 10000) in paragraph at lines 2595--2597
[]| \T1/phv/m/n/10 mavlink::common::msg::UAVCAN_NODE_INFO,
 []


Overfull \hbox (22.16678pt too wide) in paragraph at lines 2604--2606
[]| \T1/phv/m/n/10 mavlink::common::msg::VICON_POSITION_ESTIMATE,
 []


Overfull \hbox (34.15475pt too wide) in paragraph at lines 2606--2608
[]| \T1/phv/m/n/10 mavlink::common::msg::VIDEO_STREAM_INFORMATION,
 []


Overfull \hbox (24.17363pt too wide) in paragraph at lines 2610--2612
[]| \T1/phv/m/n/10 mavlink::common::msg::VISION_POSITION_ESTIMATE,
 []


Underfull \hbox (badness 10000) in paragraph at lines 2620--2622
[]| \T1/phv/m/n/10 mavlink::standard::msg::AUTOPILOT_VERSION,
 []

[911]
Overfull \hbox (15.7746pt too wide) in paragraph at lines 2651--2653
[]\T1/phv/m/n/10 single_hand_controller/include/mavlink/common/common.h,
 []


Overfull \hbox (25.78241pt too wide) in paragraph at lines 2653--2655
[]\T1/phv/m/n/10 single_hand_controller/include/mavlink/common/common.hpp,
 []


Overfull \hbox (29.6612pt too wide) in paragraph at lines 2655--2657
[]\T1/phv/m/n/10 single_hand_controller/include/mavlink/common/gtestsuite.hpp,
 []


Overfull \hbox (27.06064pt too wide) in paragraph at lines 2663--2665
[]\T1/phv/m/n/10 single_hand_controller/include/mavlink/mavlink_conversions.h,
 []


Overfull \hbox (26.15118pt too wide) in paragraph at lines 2665--2667
[]\T1/phv/m/n/10 single_hand_controller/include/mavlink/minimal/gtestsuite.hpp,

 []


Overfull \hbox (18.76239pt too wide) in paragraph at lines 2671--2673
[]\T1/phv/m/n/10 single_hand_controller/include/mavlink/minimal/minimal.hpp,
 []


Overfull \hbox (30.17403pt too wide) in paragraph at lines 2677--2679
[]\T1/phv/m/n/10 single_hand_controller/include/mavlink/standard/gtestsuite.hpp
,
 []


Overfull \hbox (16.80026pt too wide) in paragraph at lines 2681--2683
[]\T1/phv/m/n/10 single_hand_controller/include/mavlink/standard/standard.h,
 []


Overfull \hbox (26.80807pt too wide) in paragraph at lines 2683--2685
[]\T1/phv/m/n/10 single_hand_controller/include/mavlink/standard/standard.hpp,
 []


Overfull \hbox (15.16231pt too wide) in paragraph at lines 2685--2687
[]\T1/phv/m/n/10 single_hand_controller/include/mavlink/standard/testsuite.h,
 []


Underfull \hbox (badness 10000) in paragraph at lines 2689--2691
[]\T1/phv/m/n/10 single_hand_controller/include/message_sender.hpp,
 []


Underfull \hbox (badness 10000) in paragraph at lines 2710--2711
[]| \T1/phv/m/n/10 HAVE_ENUM_MAV_PROTOCOL_CAPABILITY,
 []

[912]) (./refman.aux)

LaTeX Warning: There were undefined references.

Package rerunfilecheck Info: File `refman.out' has not changed.
(rerunfilecheck)             Checksum: F92D9AC7A326AE4A7FA3CC967FB0EBAF;470824.

 ) 
Here is how much of TeX's memory you used:
 46963 strings out of 480247
 2004373 string characters out of 5896151
 1757399 words of memory out of 5000000
 51079 multiletter control sequences out of 15000+600000
 532342 words of font info for 114 fonts, out of 8000000 for 9000
 14 hyphenation exceptions out of 8191
 99i,16n,117p,38986b,1926s stack positions out of 5000i,500n,10000p,200000b,80000s
{/usr/share/texlive/texmf-dist/fonts/enc/dvips/base/8r.enc}</usr/share/texliv
e/texmf-dist/fonts/type1/public/amsfonts/cm/cmmi10.pfb></usr/share/texlive/texm
f-dist/fonts/type1/public/amsfonts/cm/cmmi12.pfb></usr/share/texlive/texmf-dist
/fonts/type1/public/amsfonts/cm/cmmi7.pfb></usr/share/texlive/texmf-dist/fonts/
type1/public/amsfonts/cm/cmmi8.pfb></usr/share/texlive/texmf-dist/fonts/type1/p
ublic/amsfonts/cm/cmsy10.pfb></usr/share/texlive/texmf-dist/fonts/type1/public/
amsfonts/cm/cmsy7.pfb></usr/share/texlive/texmf-dist/fonts/type1/public/amsfont
s/cm/cmsy8.pfb></usr/share/texlive/texmf-dist/fonts/type1/public/amsfonts/cm/cm
sy9.pfb></usr/share/texlive/texmf-dist/fonts/type1/urw/courier/ucrr8a.pfb></usr
/share/texlive/texmf-dist/fonts/type1/urw/courier/ucrro8a.pfb></usr/share/texli
ve/texmf-dist/fonts/type1/urw/helvetic/uhvb8a.pfb></usr/share/texlive/texmf-dis
t/fonts/type1/urw/helvetic/uhvb8ac.pfb></usr/share/texlive/texmf-dist/fonts/typ
e1/urw/helvetic/uhvr8a.pfb></usr/share/texlive/texmf-dist/fonts/type1/urw/helve
tic/uhvro8a.pfb>
Output written on refman.pdf (960 pages, 6206242 bytes).
PDF statistics:
 39714 PDF objects out of 45951 (max. 8388607)
 36445 compressed objects within 365 object streams
 12479 named destinations out of 12825 (max. 500000)
 17488 words of extra memory for PDF output out of 20736 (max. 10000000)

